{
"type": "FeatureCollection",
"name": "blocks_buf",
"crs": { "type": "name", "properties": { "name": "urn:ogc:def:crs:OGC:1.3:CRS84" } },
"features": [
{ "type": "Feature", "properties": { "fid": 6, "sqr": 18417, "gsi": 0.0, "merchant": 0, "industrial": 0, "revolutionary": 0, "postwar": 0, "urban": 0, "stagnation": 0, "nineties": 0, "contemporary": 0, "epoque": 0, "far": 0.0, "mean_lvl": 0.0, "single": 0, "multiple": 0, "dormi": 0, "mixed": 0, "commercial": 0, "public": 0, "utility": 0, "tech": 0, "usage": 0, "low": 0, "mid": 0, "high": 0, "sky": 0, "year_formed": 1781, "year_gone": 9999 }, "geometry": { "type": "MultiPolygon", "coordinates": [ [ [ [ 37.553428738226913, 55.431769071691178 ], [ 37.551977812607582, 55.432329392066357 ], [ 37.552272973362328, 55.432580095005754 ], [ 37.553429031405379, 55.433583500385915 ], [ 37.554861344233906, 55.432996807624313 ], [ 37.554817889050327, 55.432958886730312 ], [ 37.553428738226913, 55.431769071691178 ] ] ] ] } },
{ "type": "Feature", "properties": { "fid": 7, "sqr": 12839, "gsi": 0.0, "merchant": 0, "industrial": 0, "revolutionary": 0, "postwar": 0, "urban": 0, "stagnation": 0, "nineties": 0, "contemporary": 0, "epoque": 0, "far": 0.0, "mean_lvl": 0.0, "single": 0, "multiple": 0, "dormi": 0, "mixed": 0, "commercial": 0, "public": 0, "utility": 0, "tech": 0, "usage": 0, "low": 0, "mid": 0, "high": 0, "sky": 0, "year_formed": 1781, "year_gone": 9999 }, "geometry": { "type": "MultiPolygon", "coordinates": [ [ [ [ 37.550815668672001, 55.431383597264812 ], [ 37.551888557571331, 55.432255249174496 ], [ 37.553337956507832, 55.431695518860323 ], [ 37.552243854894044, 55.430854737534212 ], [ 37.550815668672001, 55.431383597264812 ] ] ] ] } },
{ "type": "Feature", "properties": { "fid": 10, "sqr": 12927, "gsi": 0.0, "merchant": 0, "industrial": 0, "revolutionary": 0, "postwar": 0, "urban": 0, "stagnation": 0, "nineties": 0, "contemporary": 0, "epoque": 0, "far": 0.0, "mean_lvl": 0.0, "single": 0, "multiple": 0, "dormi": 0, "mixed": 0, "commercial": 0, "public": 0, "utility": 0, "tech": 0, "usage": 0, "low": 0, "mid": 0, "high": 0, "sky": 0, "year_formed": 1781, "year_gone": 9999 }, "geometry": { "type": "MultiPolygon", "coordinates": [ [ [ [ 37.553396020756232, 55.430409984918626 ], [ 37.552375497900307, 55.430804849282737 ], [ 37.553469212188951, 55.431645330688603 ], [ 37.554848362154658, 55.431123703447888 ], [ 37.553895172394107, 55.43021684536582 ], [ 37.553396020756232, 55.430409984918626 ] ] ] ] } },
{ "type": "Feature", "properties": { "fid": 11, "sqr": 27503, "gsi": 0.0, "merchant": 0, "industrial": 0, "revolutionary": 0, "postwar": 0, "urban": 0, "stagnation": 0, "nineties": 0, "contemporary": 0, "epoque": 0, "far": 0.0, "mean_lvl": 0.0, "single": 0, "multiple": 0, "dormi": 0, "mixed": 0, "commercial": 0, "public": 0, "utility": 0, "tech": 0, "usage": 0, "low": 0, "mid": 0, "high": 0, "sky": 0, "year_formed": 1781, "year_gone": 9999 }, "geometry": { "type": "MultiPolygon", "coordinates": [ [ [ [ 37.550685668592521, 55.431434672946274 ], [ 37.549973413092545, 55.431731430544026 ], [ 37.549463581996847, 55.431944085323913 ], [ 37.54774436122046, 55.432654185487117 ], [ 37.547615532136888, 55.432699823405351 ], [ 37.548638609184685, 55.433520849599589 ], [ 37.548678107994149, 55.433505466292381 ], [ 37.551758010624198, 55.432305882931274 ], [ 37.550685668592521, 55.431434672946274 ] ] ] ] } },
{ "type": "Feature", "properties": { "fid": 14, "sqr": 40059, "gsi": 0.0, "merchant": 0, "industrial": 0, "revolutionary": 0, "postwar": 0, "urban": 0, "stagnation": 0, "nineties": 0, "contemporary": 0, "epoque": 0, "far": 0.0, "mean_lvl": 0.0, "single": 0, "multiple": 0, "dormi": 0, "mixed": 0, "commercial": 0, "public": 0, "utility": 0, "tech": 0, "usage": 0, "low": 0, "mid": 0, "high": 0, "sky": 0, "year_formed": 1781, "year_gone": 9999 }, "geometry": { "type": "MultiPolygon", "coordinates": [ [ [ [ 37.551847269451038, 55.432380023665814 ], [ 37.548767405348208, 55.433579593012873 ], [ 37.548730381212849, 55.433594012539842 ], [ 37.550318435496159, 55.434852023424888 ], [ 37.553300603095586, 55.433635993468023 ], [ 37.552141226555008, 55.432629704957833 ], [ 37.551847269451038, 55.432380023665814 ] ] ] ] } },
{ "type": "Feature", "properties": { "fid": 15, "sqr": 11440, "gsi": 0.0, "merchant": 0, "industrial": 0, "revolutionary": 0, "postwar": 0, "urban": 0, "stagnation": 0, "nineties": 0, "contemporary": 0, "epoque": 0, "far": 0.0, "mean_lvl": 0.0, "single": 0, "multiple": 0, "dormi": 0, "mixed": 0, "commercial": 0, "public": 0, "utility": 0, "tech": 0, "usage": 0, "low": 0, "mid": 0, "high": 0, "sky": 0, "year_formed": 1781, "year_gone": 9999 }, "geometry": { "type": "MultiPolygon", "coordinates": [ [ [ [ 37.553520387175176, 55.433656815251183 ], [ 37.554551349069911, 55.434422417064049 ], [ 37.555866157221928, 55.433847736078384 ], [ 37.555011983727852, 55.433122778722066 ], [ 37.554949527124748, 55.433071421670952 ], [ 37.553520387175176, 55.433656815251183 ] ] ] ] } },
{ "type": "Feature", "properties": { "fid": 16, "sqr": 27540, "gsi": 0.0, "merchant": 0, "industrial": 0, "revolutionary": 0, "postwar": 0, "urban": 0, "stagnation": 0, "nineties": 0, "contemporary": 0, "epoque": 0, "far": 0.0, "mean_lvl": 0.0, "single": 0, "multiple": 0, "dormi": 0, "mixed": 0, "commercial": 0, "public": 0, "utility": 0, "tech": 0, "usage": 0, "low": 0, "mid": 0, "high": 0, "sky": 0, "year_formed": 1781, "year_gone": 9999 }, "geometry": { "type": "MultiPolygon", "coordinates": [ [ [ [ 37.550282639837029, 55.434977302455842 ], [ 37.547216400671026, 55.436233209412272 ], [ 37.548276146475828, 55.437064013750749 ], [ 37.550903479966742, 55.435984115648651 ], [ 37.551433191715077, 55.435751320063645 ], [ 37.550726148418882, 55.435324310237846 ], [ 37.550282639837029, 55.434977302455842 ] ] ] ] } },
{ "type": "Feature", "properties": { "fid": 18, "sqr": 41966, "gsi": 0.0, "merchant": 0, "industrial": 0, "revolutionary": 0, "postwar": 0, "urban": 0, "stagnation": 0, "nineties": 0, "contemporary": 0, "epoque": 0, "far": 0.0, "mean_lvl": 0.0, "single": 0, "multiple": 0, "dormi": 0, "mixed": 0, "commercial": 0, "public": 0, "utility": 0, "tech": 0, "usage": 0, "low": 0, "mid": 0, "high": 0, "sky": 0, "year_formed": 1781, "year_gone": 9999 }, "geometry": { "type": "MultiPolygon", "coordinates": [ [ [ [ 37.548600113878642, 55.433644904095537 ], [ 37.545476473427385, 55.434869076851015 ], [ 37.547123624370883, 55.436160474047355 ], [ 37.550190118924426, 55.434904463639093 ], [ 37.548600113878642, 55.433644904095537 ] ] ] ] } },
{ "type": "Feature", "properties": { "fid": 19, "sqr": 26696, "gsi": 0.0, "merchant": 0, "industrial": 0, "revolutionary": 0, "postwar": 0, "urban": 0, "stagnation": 0, "nineties": 0, "contemporary": 0, "epoque": 0, "far": 0.0, "mean_lvl": 0.0, "single": 0, "multiple": 0, "dormi": 0, "mixed": 0, "commercial": 0, "public": 0, "utility": 0, "tech": 0, "usage": 0, "low": 0, "mid": 0, "high": 0, "sky": 0, "year_formed": 1781, "year_gone": 9999 }, "geometry": { "type": "MultiPolygon", "coordinates": [ [ [ [ 37.54748403978936, 55.432749712878746 ], [ 37.544336078302962, 55.434031437713841 ], [ 37.545381627727238, 55.434797122883957 ], [ 37.548508360558458, 55.433571739414234 ], [ 37.54748403978936, 55.432749712878746 ] ] ] ] } },
{ "type": "Feature", "properties": { "fid": 21, "sqr": 39215, "gsi": 0.0, "merchant": 0, "industrial": 0, "revolutionary": 0, "postwar": 0, "urban": 0, "stagnation": 0, "nineties": 0, "contemporary": 0, "epoque": 0, "far": 0.0, "mean_lvl": 0.0, "single": 0, "multiple": 0, "dormi": 0, "mixed": 0, "commercial": 0, "public": 0, "utility": 0, "tech": 0, "usage": 0, "low": 0, "mid": 0, "high": 0, "sky": 0, "year_formed": 1781, "year_gone": 9999 }, "geometry": { "type": "MultiPolygon", "coordinates": [ [ [ [ 37.550595420718089, 55.431360765945435 ], [ 37.549165350062701, 55.430179762061613 ], [ 37.548788981953415, 55.430324427088465 ], [ 37.546962801626741, 55.431037451179769 ], [ 37.546319108344143, 55.431305359403403 ], [ 37.546063322268978, 55.43144758301753 ], [ 37.54752418057106, 55.432626325472874 ], [ 37.547655976561899, 55.432579636567297 ], [ 37.550595420718089, 55.431360765945435 ] ] ] ] } },
{ "type": "Feature", "properties": { "fid": 23, "sqr": 20368, "gsi": 0.0, "merchant": 0, "industrial": 0, "revolutionary": 0, "postwar": 0, "urban": 0, "stagnation": 0, "nineties": 0, "contemporary": 0, "epoque": 0, "far": 0.0, "mean_lvl": 0.0, "single": 0, "multiple": 0, "dormi": 0, "mixed": 0, "commercial": 0, "public": 0, "utility": 0, "tech": 0, "usage": 0, "low": 0, "mid": 0, "high": 0, "sky": 0, "year_formed": 1848, "year_gone": 9999 }, "geometry": { "type": "MultiPolygon", "coordinates": [ [ [ [ 37.545346938353141, 55.434920562950161 ], [ 37.543868680770345, 55.435516737996231 ], [ 37.543885777329209, 55.435525968018716 ], [ 37.545527101225197, 55.436811702761482 ], [ 37.546995306513374, 55.436212917833934 ], [ 37.545346938353141, 55.434920562950161 ] ] ] ] } },
{ "type": "Feature", "properties": { "fid": 24, "sqr": 13251, "gsi": 0.0, "merchant": 0, "industrial": 0, "revolutionary": 0, "postwar": 0, "urban": 0, "stagnation": 0, "nineties": 0, "contemporary": 0, "epoque": 0, "far": 0.0, "mean_lvl": 0.0, "single": 0, "multiple": 0, "dormi": 0, "mixed": 0, "commercial": 0, "public": 0, "utility": 0, "tech": 0, "usage": 0, "low": 0, "mid": 0, "high": 0, "sky": 0, "year_formed": 1848, "year_gone": 9999 }, "geometry": { "type": "MultiPolygon", "coordinates": [ [ [ [ 37.545618089822639, 55.436885168715406 ], [ 37.546633185431801, 55.437730693159779 ], [ 37.548147780427236, 55.437116422083058 ], [ 37.547088083469994, 55.436285653899468 ], [ 37.545618089822639, 55.436885168715406 ] ] ] ] } },
{ "type": "Feature", "properties": { "fid": 25, "sqr": 11013, "gsi": 0.0, "merchant": 0, "industrial": 0, "revolutionary": 0, "postwar": 0, "urban": 0, "stagnation": 0, "nineties": 0, "contemporary": 0, "epoque": 0, "far": 0.0, "mean_lvl": 0.0, "single": 0, "multiple": 0, "dormi": 0, "mixed": 0, "commercial": 0, "public": 0, "utility": 0, "tech": 0, "usage": 0, "low": 0, "mid": 0, "high": 0, "sky": 0, "year_formed": 1848, "year_gone": 9999 }, "geometry": { "type": "MultiPolygon", "coordinates": [ [ [ [ 37.545489839793646, 55.436937716753413 ], [ 37.544227054802512, 55.437457402758248 ], [ 37.54527829069761, 55.438279972189406 ], [ 37.546504493533405, 55.43778287539245 ], [ 37.545489839793646, 55.436937716753413 ] ] ] ] } },
{ "type": "Feature", "properties": { "fid": 26, "sqr": 17834, "gsi": 0.0, "merchant": 0, "industrial": 0, "revolutionary": 0, "postwar": 0, "urban": 0, "stagnation": 0, "nineties": 0, "contemporary": 0, "epoque": 0, "far": 0.0, "mean_lvl": 0.0, "single": 0, "multiple": 0, "dormi": 0, "mixed": 0, "commercial": 0, "public": 0, "utility": 0, "tech": 0, "usage": 0, "low": 0, "mid": 0, "high": 0, "sky": 0, "year_formed": 1848, "year_gone": 9999 }, "geometry": { "type": "MultiPolygon", "coordinates": [ [ [ [ 37.543766422581186, 55.435585431951516 ], [ 37.543737595243833, 55.435569868728564 ], [ 37.542449114595918, 55.436095959005435 ], [ 37.544133486793228, 55.437384992600855 ], [ 37.545398887998275, 55.43686423038789 ], [ 37.543766422581186, 55.435585431951516 ] ] ] ] } },
{ "type": "Feature", "properties": { "fid": 27, "sqr": 15671, "gsi": 0.0, "merchant": 0, "industrial": 0, "revolutionary": 0, "postwar": 0, "urban": 0, "stagnation": 0, "nineties": 0, "contemporary": 0, "epoque": 0, "far": 0.0, "mean_lvl": 0.0, "single": 0, "multiple": 0, "dormi": 0, "mixed": 0, "commercial": 0, "public": 0, "utility": 0, "tech": 0, "usage": 0, "low": 0, "mid": 0, "high": 0, "sky": 0, "year_formed": 1781, "year_gone": 9999 }, "geometry": { "type": "MultiPolygon", "coordinates": [ [ [ [ 37.550725504790343, 55.431309762493065 ], [ 37.552020636723014, 55.430830144701211 ], [ 37.550590948726693, 55.429642672938002 ], [ 37.549296701186542, 55.430129808249553 ], [ 37.550725504790343, 55.431309762493065 ] ] ] ] } },
{ "type": "Feature", "properties": { "fid": 28, "sqr": 20837, "gsi": 0.0, "merchant": 0, "industrial": 0, "revolutionary": 0, "postwar": 0, "urban": 0, "stagnation": 0, "nineties": 0, "contemporary": 0, "epoque": 0, "far": 0.0, "mean_lvl": 0.0, "single": 0, "multiple": 0, "dormi": 0, "mixed": 0, "commercial": 0, "public": 0, "utility": 0, "tech": 0, "usage": 0, "low": 0, "mid": 0, "high": 0, "sky": 0, "year_formed": 1781, "year_gone": 9999 }, "geometry": { "type": "MultiPolygon", "coordinates": [ [ [ [ 37.552219326832734, 55.43075659879802 ], [ 37.553307131674231, 55.430335702370805 ], [ 37.553813000648134, 55.430139963774479 ], [ 37.552494389361847, 55.428928701871655 ], [ 37.550722795631309, 55.429593137538568 ], [ 37.552153090762737, 55.430781110193422 ], [ 37.552219326832734, 55.43075659879802 ] ] ] ] } },
{ "type": "Feature", "properties": { "fid": 30, "sqr": 11505, "gsi": 0.0, "merchant": 0, "industrial": 0, "revolutionary": 0, "postwar": 0, "urban": 0, "stagnation": 0, "nineties": 0, "contemporary": 0, "epoque": 0, "far": 0.0, "mean_lvl": 0.0, "single": 0, "multiple": 0, "dormi": 0, "mixed": 0, "commercial": 0, "public": 0, "utility": 0, "tech": 0, "usage": 0, "low": 0, "mid": 0, "high": 0, "sky": 0, "year_formed": 1848, "year_gone": 9999 }, "geometry": { "type": "MultiPolygon", "coordinates": [ [ [ [ 37.543637468680934, 55.435500134623339 ], [ 37.542696430010039, 55.434670340153808 ], [ 37.541305622213095, 55.435175451011403 ], [ 37.542356461090286, 55.436023173068307 ], [ 37.543637468680934, 55.435500134623339 ] ] ] ] } },
{ "type": "Feature", "properties": { "fid": 32, "sqr": 12010, "gsi": 0.0, "merchant": 0, "industrial": 0, "revolutionary": 0, "postwar": 0, "urban": 0, "stagnation": 0, "nineties": 0, "contemporary": 0, "epoque": 0, "far": 0.0, "mean_lvl": 0.0, "single": 0, "multiple": 0, "dormi": 0, "mixed": 0, "commercial": 0, "public": 0, "utility": 0, "tech": 0, "usage": 0, "low": 0, "mid": 0, "high": 0, "sky": 0, "year_formed": 1848, "year_gone": 9999 }, "geometry": { "type": "MultiPolygon", "coordinates": [ [ [ [ 37.544206572281311, 55.434083104783276 ], [ 37.542828215030745, 55.434620747802796 ], [ 37.543766250016304, 55.435447891312322 ], [ 37.545251993426582, 55.434848697969947 ], [ 37.544206572281311, 55.434083104783276 ] ] ] ] } },
{ "type": "Feature", "properties": { "fid": 33, "sqr": 38173, "gsi": 0.0, "merchant": 0, "industrial": 0, "revolutionary": 0, "postwar": 0, "urban": 0, "stagnation": 0, "nineties": 0, "contemporary": 0, "epoque": 0, "far": 0.0, "mean_lvl": 0.0, "single": 0, "multiple": 0, "dormi": 0, "mixed": 0, "commercial": 0, "public": 0, "utility": 0, "tech": 0, "usage": 0, "low": 0, "mid": 0, "high": 0, "sky": 0, "year_formed": 1900, "year_gone": 9999 }, "geometry": { "type": "MultiPolygon", "coordinates": [ [ [ [ 37.549087041729358, 55.430101412296715 ], [ 37.547860911341601, 55.428523894999394 ], [ 37.546232683009102, 55.428481166597869 ], [ 37.546046307157845, 55.431331378837577 ], [ 37.546216691744661, 55.431236640575435 ], [ 37.546871398457654, 55.430964148803412 ], [ 37.54870001812975, 55.430250172895569 ], [ 37.549087041729358, 55.430101412296715 ] ] ] ] } },
{ "type": "Feature", "properties": { "fid": 34, "sqr": 26508, "gsi": 0.0, "merchant": 0, "industrial": 0, "revolutionary": 0, "postwar": 0, "urban": 0, "stagnation": 0, "nineties": 0, "contemporary": 0, "epoque": 0, "far": 0.0, "mean_lvl": 0.0, "single": 0, "multiple": 0, "dormi": 0, "mixed": 0, "commercial": 0, "public": 0, "utility": 0, "tech": 0, "usage": 0, "low": 0, "mid": 0, "high": 0, "sky": 0, "year_formed": 1900, "year_gone": 9999 }, "geometry": { "type": "MultiPolygon", "coordinates": [ [ [ [ 37.550568649804411, 55.429543318055792 ], [ 37.552405461469505, 55.428854423931192 ], [ 37.551990468714379, 55.428537406575359 ], [ 37.54803497210137, 55.428525590107427 ], [ 37.549220428430139, 55.430050768701811 ], [ 37.550568649804411, 55.429543318055792 ] ] ] ] } },
{ "type": "Feature", "properties": { "fid": 36, "sqr": 14748, "gsi": 0.0, "merchant": 0, "industrial": 0, "revolutionary": 0, "postwar": 0, "urban": 0, "stagnation": 0, "nineties": 0, "contemporary": 0, "epoque": 0, "far": 0.0, "mean_lvl": 0.0, "single": 0, "multiple": 0, "dormi": 0, "mixed": 0, "commercial": 0, "public": 0, "utility": 0, "tech": 0, "usage": 0, "low": 0, "mid": 0, "high": 0, "sky": 0, "year_formed": 1848, "year_gone": 9999 }, "geometry": { "type": "MultiPolygon", "coordinates": [ [ [ [ 37.542607513073087, 55.434596019481958 ], [ 37.541312047206908, 55.433565550412176 ], [ 37.541232272125576, 55.433552744268852 ], [ 37.539954169419033, 55.43409369930076 ], [ 37.541214247848515, 55.435102022349746 ], [ 37.542607513073087, 55.434596019481958 ] ] ] ] } },
{ "type": "Feature", "properties": { "fid": 37, "sqr": 15180, "gsi": 0.0, "merchant": 0, "industrial": 0, "revolutionary": 0, "postwar": 0, "urban": 0, "stagnation": 0, "nineties": 0, "contemporary": 0, "epoque": 0, "far": 0.0, "mean_lvl": 0.0, "single": 0, "multiple": 0, "dormi": 0, "mixed": 0, "commercial": 0, "public": 0, "utility": 0, "tech": 0, "usage": 0, "low": 0, "mid": 0, "high": 0, "sky": 0, "year_formed": 1848, "year_gone": 9999 }, "geometry": { "type": "MultiPolygon", "coordinates": [ [ [ [ 37.541389434718177, 55.433484612716235 ], [ 37.541408352697907, 55.4334876495681 ], [ 37.542739410514862, 55.434546428011195 ], [ 37.544109490448818, 55.434012014168871 ], [ 37.542642765204413, 55.432938024975705 ], [ 37.541389434718177, 55.433484612716235 ] ] ] ] } },
{ "type": "Feature", "properties": { "fid": 38, "sqr": 19897, "gsi": 0.0, "merchant": 0, "industrial": 0, "revolutionary": 0, "postwar": 0, "urban": 0, "stagnation": 0, "nineties": 0, "contemporary": 0, "epoque": 0, "far": 0.0, "mean_lvl": 0.0, "single": 0, "multiple": 0, "dormi": 0, "mixed": 0, "commercial": 0, "public": 0, "utility": 0, "tech": 0, "usage": 0, "low": 0, "mid": 0, "high": 0, "sky": 0, "year_formed": 1890, "year_gone": 9999 }, "geometry": { "type": "MultiPolygon", "coordinates": [ [ [ [ 37.553945369809114, 55.430090855174626 ], [ 37.555669852385265, 55.429476629502304 ], [ 37.5542368738788, 55.428292687030407 ], [ 37.552626866226092, 55.428879695880042 ], [ 37.553945369809114, 55.430090855174626 ] ] ] ] } },
{ "type": "Feature", "properties": { "fid": 39, "sqr": 38751, "gsi": 0.0, "merchant": 0, "industrial": 0, "revolutionary": 0, "postwar": 0, "urban": 0, "stagnation": 0, "nineties": 0, "contemporary": 0, "epoque": 0, "far": 0.0, "mean_lvl": 0.0, "single": 0, "multiple": 0, "dormi": 0, "mixed": 0, "commercial": 0, "public": 0, "utility": 0, "tech": 0, "usage": 0, "low": 0, "mid": 0, "high": 0, "sky": 0, "year_formed": 1781, "year_gone": 9999 }, "geometry": { "type": "MultiPolygon", "coordinates": [ [ [ [ 37.542768274409902, 55.432883433460702 ], [ 37.544239092429542, 55.433960416880169 ], [ 37.547392848895022, 55.432676333821007 ], [ 37.545942687817032, 55.431506219862044 ], [ 37.542768274409902, 55.432883433460702 ] ] ] ] } },
{ "type": "Feature", "properties": { "fid": 40, "sqr": 25006, "gsi": 0.0, "merchant": 0, "industrial": 0, "revolutionary": 0, "postwar": 0, "urban": 0, "stagnation": 0, "nineties": 0, "contemporary": 0, "epoque": 0, "far": 0.0, "mean_lvl": 0.0, "single": 0, "multiple": 0, "dormi": 0, "mixed": 0, "commercial": 0, "public": 0, "utility": 0, "tech": 0, "usage": 0, "low": 0, "mid": 0, "high": 0, "sky": 0, "year_formed": 1905, "year_gone": 9999 }, "geometry": { "type": "MultiPolygon", "coordinates": [ [ [ [ 37.555803921650039, 55.429428923495799 ], [ 37.557647516211503, 55.428773617089206 ], [ 37.556512284081798, 55.427380117981535 ], [ 37.554367899238841, 55.428242469510224 ], [ 37.555803921650039, 55.429428923495799 ] ] ] ] } },
{ "type": "Feature", "properties": { "fid": 41, "sqr": 41181, "gsi": 0.0, "merchant": 0, "industrial": 0, "revolutionary": 0, "postwar": 0, "urban": 0, "stagnation": 0, "nineties": 0, "contemporary": 0, "epoque": 0, "far": 0.0, "mean_lvl": 0.0, "single": 0, "multiple": 0, "dormi": 0, "mixed": 0, "commercial": 0, "public": 0, "utility": 0, "tech": 0, "usage": 0, "low": 0, "mid": 0, "high": 0, "sky": 0, "year_formed": 1981, "year_gone": 9999 }, "geometry": { "type": "MultiPolygon", "coordinates": [ [ [ [ 37.55778396516331, 55.428727362120313 ], [ 37.561453393593531, 55.427531360924185 ], [ 37.561190147972439, 55.427152785577526 ], [ 37.560977059994116, 55.426951583060394 ], [ 37.560464109213548, 55.426725869115451 ], [ 37.560074565049007, 55.42661810859564 ], [ 37.559823088354904, 55.426595221697774 ], [ 37.559505270334917, 55.426600141776639 ], [ 37.55890917807664, 55.426703924383133 ], [ 37.558333585128473, 55.426857462104799 ], [ 37.556847406330775, 55.427254999351284 ], [ 37.556644731582288, 55.427328956622823 ], [ 37.55778396516331, 55.428727362120313 ] ] ] ] } },
{ "type": "Feature", "properties": { "fid": 43, "sqr": 33623, "gsi": 0.0, "merchant": 0, "industrial": 0, "revolutionary": 0, "postwar": 0, "urban": 0, "stagnation": 0, "nineties": 0, "contemporary": 0, "epoque": 0, "far": 0.0, "mean_lvl": 0.0, "single": 0, "multiple": 0, "dormi": 0, "mixed": 0, "commercial": 0, "public": 0, "utility": 0, "tech": 0, "usage": 0, "low": 0, "mid": 0, "high": 0, "sky": 0, "year_formed": 1900, "year_gone": 9999 }, "geometry": { "type": "MultiPolygon", "coordinates": [ [ [ [ 37.544025564459638, 55.430645389382825 ], [ 37.541333853294432, 55.431820781625504 ], [ 37.542671720046492, 55.432812307749927 ], [ 37.545852707788583, 55.43143224312513 ], [ 37.545540967572769, 55.431170591103879 ], [ 37.545062003735474, 55.430976484580889 ], [ 37.544025564459638, 55.430645389382825 ] ] ] ] } },
{ "type": "Feature", "properties": { "fid": 46, "sqr": 18680, "gsi": 0.0, "merchant": 0, "industrial": 0, "revolutionary": 0, "postwar": 0, "urban": 0, "stagnation": 0, "nineties": 0, "contemporary": 0, "epoque": 0, "far": 0.0, "mean_lvl": 0.0, "single": 0, "multiple": 0, "dormi": 0, "mixed": 0, "commercial": 0, "public": 0, "utility": 0, "tech": 0, "usage": 0, "low": 0, "mid": 0, "high": 0, "sky": 0, "year_formed": 1905, "year_gone": 9999 }, "geometry": { "type": "MultiPolygon", "coordinates": [ [ [ [ 37.543147413798138, 55.428191775725097 ], [ 37.543875498046269, 55.428949753821414 ], [ 37.545479030570156, 55.42843407370632 ], [ 37.545740392466449, 55.428400006391868 ], [ 37.546081344032018, 55.428391180091182 ], [ 37.546177370031913, 55.427286537405905 ], [ 37.545901555109737, 55.427298710924077 ], [ 37.544928129980661, 55.427614325898887 ], [ 37.543147413798138, 55.428191775725097 ] ] ] ] } },
{ "type": "Feature", "properties": { "fid": 48, "sqr": 19356, "gsi": 0.0, "merchant": 0, "industrial": 0, "revolutionary": 0, "postwar": 0, "urban": 0, "stagnation": 0, "nineties": 0, "contemporary": 0, "epoque": 0, "far": 0.0, "mean_lvl": 0.0, "single": 0, "multiple": 0, "dormi": 0, "mixed": 0, "commercial": 0, "public": 0, "utility": 0, "tech": 0, "usage": 0, "low": 0, "mid": 0, "high": 0, "sky": 0, "year_formed": 1905, "year_gone": 9999 }, "geometry": { "type": "MultiPolygon", "coordinates": [ [ [ [ 37.543010320306585, 55.428236478099336 ], [ 37.539835433830909, 55.429277163547184 ], [ 37.54143071391325, 55.429758114374913 ], [ 37.543738409493493, 55.42899446404595 ], [ 37.543010320306585, 55.428236478099336 ] ] ] ] } },
{ "type": "Feature", "properties": { "fid": 50, "sqr": 25988, "gsi": 0.0, "merchant": 0, "industrial": 0, "revolutionary": 0, "postwar": 0, "urban": 0, "stagnation": 0, "nineties": 0, "contemporary": 0, "epoque": 0, "far": 0.0, "mean_lvl": 0.0, "single": 0, "multiple": 0, "dormi": 0, "mixed": 0, "commercial": 0, "public": 0, "utility": 0, "tech": 0, "usage": 0, "low": 0, "mid": 0, "high": 0, "sky": 0, "year_formed": 1905, "year_gone": 9999 }, "geometry": { "type": "MultiPolygon", "coordinates": [ [ [ [ 37.558087787426452, 55.430585555595272 ], [ 37.556239759725685, 55.430306997367836 ], [ 37.556052941691526, 55.430268142463554 ], [ 37.555994591486453, 55.429845082176996 ], [ 37.555748792879101, 55.429554531131586 ], [ 37.554027507914711, 55.430167618224928 ], [ 37.554993402510569, 55.43108656042547 ], [ 37.555103631258383, 55.431072747441107 ], [ 37.555336674755758, 55.431062619654433 ], [ 37.555822341971506, 55.431071643534629 ], [ 37.556094484004511, 55.431085993769685 ], [ 37.556280669025334, 55.431107609191152 ], [ 37.556983141665782, 55.431229428737858 ], [ 37.557988158204061, 55.431403634419929 ], [ 37.558059308733377, 55.431290414961822 ], [ 37.558087787426452, 55.430585555595272 ] ] ] ] } },
{ "type": "Feature", "properties": { "fid": 51, "sqr": 11215, "gsi": 0.0, "merchant": 0, "industrial": 0, "revolutionary": 0, "postwar": 0, "urban": 0, "stagnation": 0, "nineties": 0, "contemporary": 0, "epoque": 0, "far": 0.0, "mean_lvl": 0.0, "single": 0, "multiple": 0, "dormi": 0, "mixed": 0, "commercial": 0, "public": 0, "utility": 0, "tech": 0, "usage": 0, "low": 0, "mid": 0, "high": 0, "sky": 0, "year_formed": 1905, "year_gone": 9999 }, "geometry": { "type": "MultiPolygon", "coordinates": [ [ [ [ 37.557895110067975, 55.431551690649776 ], [ 37.557934925882975, 55.431488337850197 ], [ 37.556937062531759, 55.431315371993527 ], [ 37.556241730930985, 55.431194790805215 ], [ 37.556071315968573, 55.431175006228742 ], [ 37.555812458016412, 55.431161356464777 ], [ 37.555340125247263, 55.431152580345241 ], [ 37.555126768766833, 55.431161852557594 ], [ 37.55510782985538, 55.431164225836262 ], [ 37.555168753204022, 55.431200981464407 ], [ 37.556375853487516, 55.432308100564008 ], [ 37.557895110067975, 55.431551690649776 ] ] ] ] } },
{ "type": "Feature", "properties": { "fid": 52, "sqr": 16103, "gsi": 0.0, "merchant": 0, "industrial": 0, "revolutionary": 0, "postwar": 0, "urban": 0, "stagnation": 0, "nineties": 0, "contemporary": 0, "epoque": 0, "far": 0.0, "mean_lvl": 0.0, "single": 0, "multiple": 0, "dormi": 0, "mixed": 0, "commercial": 0, "public": 0, "utility": 0, "tech": 0, "usage": 0, "low": 0, "mid": 0, "high": 0, "sky": 0, "year_formed": 1781, "year_gone": 9999 }, "geometry": { "type": "MultiPolygon", "coordinates": [ [ [ [ 37.553559879794221, 55.431718947668067 ], [ 37.554905987648006, 55.432871894200922 ], [ 37.556250131503035, 55.432363565602934 ], [ 37.556109004494594, 55.432235020846939 ], [ 37.555042842333748, 55.431256018985856 ], [ 37.555004532429884, 55.431232928061647 ], [ 37.554943028279261, 55.431195807571591 ], [ 37.553559879794221, 55.431718947668067 ] ] ] ] } },
{ "type": "Feature", "properties": { "fid": 55, "sqr": 17351, "gsi": 0.0, "merchant": 0, "industrial": 0, "revolutionary": 0, "postwar": 0, "urban": 0, "stagnation": 0, "nineties": 0, "contemporary": 0, "epoque": 0, "far": 0.0, "mean_lvl": 0.0, "single": 0, "multiple": 0, "dormi": 0, "mixed": 0, "commercial": 0, "public": 0, "utility": 0, "tech": 0, "usage": 0, "low": 0, "mid": 0, "high": 0, "sky": 0, "year_formed": 1781, "year_gone": 9999 }, "geometry": { "type": "MultiPolygon", "coordinates": [ [ [ [ 37.556038640816404, 55.433832695688892 ], [ 37.556498551207085, 55.434223044298555 ], [ 37.557824994388071, 55.433719860663778 ], [ 37.556335592236913, 55.432439152479688 ], [ 37.55499282417184, 55.432946961151103 ], [ 37.555034303024613, 55.432983157226062 ], [ 37.555142616188995, 55.433072221242469 ], [ 37.556038640816404, 55.433832695688892 ] ] ] ] } },
{ "type": "Feature", "properties": { "fid": 56, "sqr": 25240, "gsi": 0.0, "merchant": 0, "industrial": 0, "revolutionary": 0, "postwar": 0, "urban": 0, "stagnation": 0, "nineties": 0, "contemporary": 0, "epoque": 0, "far": 0.0, "mean_lvl": 0.0, "single": 0, "multiple": 0, "dormi": 0, "mixed": 0, "commercial": 0, "public": 0, "utility": 0, "tech": 0, "usage": 0, "low": 0, "mid": 0, "high": 0, "sky": 0, "year_formed": 1905, "year_gone": 9999 }, "geometry": { "type": "MultiPolygon", "coordinates": [ [ [ [ 37.541774144113447, 55.429963422242217 ], [ 37.539828538870168, 55.430715383421429 ], [ 37.541237381035714, 55.431749622643515 ], [ 37.54387334081801, 55.430598577910359 ], [ 37.541774144113447, 55.429963422242217 ] ] ] ] } },
{ "type": "Feature", "properties": { "fid": 58, "sqr": 24690, "gsi": 0.0, "merchant": 0, "industrial": 0, "revolutionary": 0, "postwar": 0, "urban": 0, "stagnation": 0, "nineties": 0, "contemporary": 0, "epoque": 0, "far": 0.0, "mean_lvl": 0.0, "single": 0, "multiple": 0, "dormi": 0, "mixed": 0, "commercial": 0, "public": 0, "utility": 0, "tech": 0, "usage": 0, "low": 0, "mid": 0, "high": 0, "sky": 0, "year_formed": 1781, "year_gone": 9999 }, "geometry": { "type": "MultiPolygon", "coordinates": [ [ [ [ 37.554698336210421, 55.4344715003161 ], [ 37.555903705462022, 55.43472453040431 ], [ 37.557073273967347, 55.435015009452236 ], [ 37.558407971455694, 55.435447393211611 ], [ 37.559264699124888, 55.434859318080541 ], [ 37.558001504424823, 55.433872365994283 ], [ 37.55791196168046, 55.433794879664937 ], [ 37.556455048722789, 55.434347555696561 ], [ 37.555954294029377, 55.433922540804325 ], [ 37.554698336210421, 55.4344715003161 ] ] ] ] } },
{ "type": "Feature", "properties": { "fid": 60, "sqr": 19617, "gsi": 0.0, "merchant": 0, "industrial": 0, "revolutionary": 0, "postwar": 0, "urban": 0, "stagnation": 0, "nineties": 0, "contemporary": 0, "epoque": 0, "far": 0.0, "mean_lvl": 0.0, "single": 0, "multiple": 0, "dormi": 0, "mixed": 0, "commercial": 0, "public": 0, "utility": 0, "tech": 0, "usage": 0, "low": 0, "mid": 0, "high": 0, "sky": 0, "year_formed": 1924, "year_gone": 9999 }, "geometry": { "type": "MultiPolygon", "coordinates": [ [ [ [ 37.559365240413264, 55.434785174671283 ], [ 37.561176194477717, 55.433394039149881 ], [ 37.56014506636393, 55.43281320478178 ], [ 37.558171685363654, 55.433852635763287 ], [ 37.559365240413264, 55.434785174671283 ] ] ] ] } },
{ "type": "Feature", "properties": { "fid": 61, "sqr": 16444, "gsi": 0.0, "merchant": 0, "industrial": 0, "revolutionary": 0, "postwar": 0, "urban": 0, "stagnation": 0, "nineties": 0, "contemporary": 0, "epoque": 0, "far": 0.0, "mean_lvl": 0.0, "single": 0, "multiple": 0, "dormi": 0, "mixed": 0, "commercial": 0, "public": 0, "utility": 0, "tech": 0, "usage": 0, "low": 0, "mid": 0, "high": 0, "sky": 0, "year_formed": 1924, "year_gone": 9999 }, "geometry": { "type": "MultiPolygon", "coordinates": [ [ [ [ 37.5594675195048, 55.434857630188887 ], [ 37.559721660163802, 55.435010955829725 ], [ 37.560014050785227, 55.435157151164908 ], [ 37.562659314753091, 55.434259763976428 ], [ 37.561288599016422, 55.433458714495295 ], [ 37.5594675195048, 55.434857630188887 ] ] ] ] } },
{ "type": "Feature", "properties": { "fid": 69, "sqr": 21008, "gsi": 0.0, "merchant": 0, "industrial": 0, "revolutionary": 0, "postwar": 0, "urban": 0, "stagnation": 0, "nineties": 0, "contemporary": 0, "epoque": 0, "far": 0.0, "mean_lvl": 0.0, "single": 0, "multiple": 0, "dormi": 0, "mixed": 0, "commercial": 0, "public": 0, "utility": 0, "tech": 0, "usage": 0, "low": 0, "mid": 0, "high": 0, "sky": 0, "year_formed": 1910, "year_gone": 9999 }, "geometry": { "type": "MultiPolygon", "coordinates": [ [ [ [ 37.561374276151795, 55.431963188847512 ], [ 37.562318235594773, 55.431405416376592 ], [ 37.562293926807342, 55.43132939791299 ], [ 37.558244775253854, 55.430611827726985 ], [ 37.558216691300437, 55.431306984987749 ], [ 37.558139846395783, 55.431429266504452 ], [ 37.561374276151795, 55.431963188847512 ] ] ] ] } },
{ "type": "Feature", "properties": { "fid": 72, "sqr": 10768, "gsi": 0.0, "merchant": 0, "industrial": 0, "revolutionary": 0, "postwar": 0, "urban": 0, "stagnation": 0, "nineties": 0, "contemporary": 0, "epoque": 0, "far": 0.0, "mean_lvl": 0.0, "single": 0, "multiple": 0, "dormi": 0, "mixed": 0, "commercial": 0, "public": 0, "utility": 0, "tech": 0, "usage": 0, "low": 0, "mid": 0, "high": 0, "sky": 0, "year_formed": 1924, "year_gone": 9999 }, "geometry": { "type": "MultiPolygon", "coordinates": [ [ [ [ 37.563637191419588, 55.433925157119852 ], [ 37.564615158231028, 55.433595035349555 ], [ 37.563989520521687, 55.432484731226218 ], [ 37.562812450090846, 55.432291854835199 ], [ 37.563637191419588, 55.433925157119852 ] ] ] ] } },
{ "type": "Feature", "properties": { "fid": 73, "sqr": 20082, "gsi": 0.0, "merchant": 0, "industrial": 0, "revolutionary": 0, "postwar": 0, "urban": 0, "stagnation": 0, "nineties": 0, "contemporary": 0, "epoque": 0, "far": 0.0, "mean_lvl": 0.0, "single": 0, "multiple": 0, "dormi": 0, "mixed": 0, "commercial": 0, "public": 0, "utility": 0, "tech": 0, "usage": 0, "low": 0, "mid": 0, "high": 0, "sky": 0, "year_formed": 1924, "year_gone": 9999 }, "geometry": { "type": "MultiPolygon", "coordinates": [ [ [ [ 37.561310476610615, 55.435802276277137 ], [ 37.561362062476789, 55.435782786020816 ], [ 37.561845156170286, 55.435600188476066 ], [ 37.562228362231089, 55.435455386242111 ], [ 37.563665735265765, 55.434912130418454 ], [ 37.563958203934732, 55.434861662465167 ], [ 37.563542712156689, 55.434062013936675 ], [ 37.562826348827713, 55.434307723161886 ], [ 37.56013895851477, 55.435219404457683 ], [ 37.561310476610615, 55.435802276277137 ] ] ] ] } },
{ "type": "Feature", "properties": { "fid": 74, "sqr": 13351, "gsi": 0.0, "merchant": 0, "industrial": 0, "revolutionary": 0, "postwar": 0, "urban": 0, "stagnation": 0, "nineties": 0, "contemporary": 0, "epoque": 0, "far": 0.0, "mean_lvl": 0.0, "single": 0, "multiple": 0, "dormi": 0, "mixed": 0, "commercial": 0, "public": 0, "utility": 0, "tech": 0, "usage": 0, "low": 0, "mid": 0, "high": 0, "sky": 0, "year_formed": 1924, "year_gone": 1973 }, "geometry": { "type": "MultiPolygon", "coordinates": [ [ [ [ 37.564110716721139, 55.434838060099253 ], [ 37.565972251905983, 55.434584006706686 ], [ 37.565615105438305, 55.433830430153151 ], [ 37.565533213017332, 55.433742183073242 ], [ 37.565417397812709, 55.433675783443917 ], [ 37.56527644891171, 55.433643910145193 ], [ 37.565129006186169, 55.433637877586492 ], [ 37.564734703708957, 55.433659170878137 ], [ 37.563682687982308, 55.434014288798686 ], [ 37.564110716721139, 55.434838060099253 ] ] ] ] } },
{ "type": "Feature", "properties": { "fid": 77, "sqr": 11599, "gsi": 0.0, "merchant": 0, "industrial": 0, "revolutionary": 0, "postwar": 0, "urban": 0, "stagnation": 0, "nineties": 0, "contemporary": 0, "epoque": 0, "far": 0.0, "mean_lvl": 0.0, "single": 0, "multiple": 0, "dormi": 0, "mixed": 0, "commercial": 0, "public": 0, "utility": 0, "tech": 0, "usage": 0, "low": 0, "mid": 0, "high": 0, "sky": 0, "year_formed": 1910, "year_gone": 9999 }, "geometry": { "type": "MultiPolygon", "coordinates": [ [ [ [ 37.546268414311733, 55.42636772909993 ], [ 37.545361361140877, 55.426350855974675 ], [ 37.54520094660181, 55.426380280075534 ], [ 37.544129016832727, 55.426721905131878 ], [ 37.54491866534498, 55.427513968945384 ], [ 37.545854044942352, 55.427210689071238 ], [ 37.546185743020118, 55.427196049079456 ], [ 37.546268414311733, 55.42636772909993 ] ] ] ] } },
{ "type": "Feature", "properties": { "fid": 80, "sqr": 31123, "gsi": 0.0, "merchant": 0, "industrial": 0, "revolutionary": 0, "postwar": 0, "urban": 0, "stagnation": 0, "nineties": 0, "contemporary": 0, "epoque": 0, "far": 0.0, "mean_lvl": 0.0, "single": 0, "multiple": 0, "dormi": 0, "mixed": 0, "commercial": 0, "public": 0, "utility": 0, "tech": 0, "usage": 0, "low": 0, "mid": 0, "high": 0, "sky": 0, "year_formed": 1880, "year_gone": 9999 }, "geometry": { "type": "MultiPolygon", "coordinates": [ [ [ [ 37.564002914161051, 55.434947842787622 ], [ 37.563733864804412, 55.434994269572201 ], [ 37.562315840445692, 55.435530212761947 ], [ 37.561932639390321, 55.435675013217661 ], [ 37.561449543651143, 55.435857611678728 ], [ 37.561434353967236, 55.435863350679625 ], [ 37.562206374601857, 55.436241969125604 ], [ 37.565370423517464, 55.437748546135474 ], [ 37.565402023471719, 55.437648605031534 ], [ 37.564002914161051, 55.434947842787622 ] ] ] ] } },
{ "type": "Feature", "properties": { "fid": 84, "sqr": 10375, "gsi": 0.0, "merchant": 0, "industrial": 0, "revolutionary": 0, "postwar": 0, "urban": 0, "stagnation": 0, "nineties": 0, "contemporary": 0, "epoque": 0, "far": 0.0, "mean_lvl": 0.0, "single": 0, "multiple": 0, "dormi": 0, "mixed": 0, "commercial": 0, "public": 0, "utility": 0, "tech": 0, "usage": 0, "low": 0, "mid": 0, "high": 0, "sky": 0, "year_formed": 1953, "year_gone": 9999 }, "geometry": { "type": "MultiPolygon", "coordinates": [ [ [ [ 37.542205682368802, 55.449755755517188 ], [ 37.540184170253212, 55.449753993633301 ], [ 37.540183014400974, 55.450480870595563 ], [ 37.542197933418031, 55.450488382712265 ], [ 37.542205682368802, 55.449755755517188 ] ] ] ] } },
{ "type": "Feature", "properties": { "fid": 85, "sqr": 43236, "gsi": 0.0, "merchant": 0, "industrial": 0, "revolutionary": 0, "postwar": 0, "urban": 0, "stagnation": 0, "nineties": 0, "contemporary": 0, "epoque": 0, "far": 0.0, "mean_lvl": 0.0, "single": 0, "multiple": 0, "dormi": 0, "mixed": 0, "commercial": 0, "public": 0, "utility": 0, "tech": 0, "usage": 0, "low": 0, "mid": 0, "high": 0, "sky": 0, "year_formed": 1905, "year_gone": 9999 }, "geometry": { "type": "MultiPolygon", "coordinates": [ [ [ [ 37.541595081140962, 55.429807678699355 ], [ 37.541806227986008, 55.429871353555079 ], [ 37.544056707806384, 55.430552281706674 ], [ 37.545146796182713, 55.430900515403735 ], [ 37.545655832334631, 55.431106808868492 ], [ 37.545890019600584, 55.43130336860321 ], [ 37.546074566468945, 55.428481297140543 ], [ 37.545761807556879, 55.428489393607045 ], [ 37.54553676949093, 55.428518726286946 ], [ 37.543883913192019, 55.429050267746803 ], [ 37.541595081140962, 55.429807678699355 ] ] ] ] } },
{ "type": "Feature", "properties": { "fid": 86, "sqr": 27109, "gsi": 0.0, "merchant": 0, "industrial": 0, "revolutionary": 0, "postwar": 0, "urban": 0, "stagnation": 0, "nineties": 0, "contemporary": 0, "epoque": 0, "far": 0.0, "mean_lvl": 0.0, "single": 0, "multiple": 0, "dormi": 0, "mixed": 0, "commercial": 0, "public": 0, "utility": 0, "tech": 0, "usage": 0, "low": 0, "mid": 0, "high": 0, "sky": 0, "year_formed": 1940, "year_gone": 9999 }, "geometry": { "type": "MultiPolygon", "coordinates": [ [ [ [ 37.54235554083688, 55.450533980485623 ], [ 37.542353751143565, 55.450627048432196 ], [ 37.546740189366453, 55.450642083438559 ], [ 37.546755572326532, 55.449759657202769 ], [ 37.542363767524606, 55.449755892917629 ], [ 37.54235554083688, 55.450533980485623 ] ] ] ] } },
{ "type": "Feature", "properties": { "fid": 87, "sqr": 15186, "gsi": 0.0, "merchant": 0, "industrial": 0, "revolutionary": 0, "postwar": 0, "urban": 0, "stagnation": 0, "nineties": 0, "contemporary": 0, "epoque": 0, "far": 0.0, "mean_lvl": 0.0, "single": 0, "multiple": 0, "dormi": 0, "mixed": 0, "commercial": 0, "public": 0, "utility": 0, "tech": 0, "usage": 0, "low": 0, "mid": 0, "high": 0, "sky": 0, "year_formed": 1956, "year_gone": 9999 }, "geometry": { "type": "MultiPolygon", "coordinates": [ [ [ [ 37.534874596439536, 55.448468704613468 ], [ 37.53487608566391, 55.449636192232028 ], [ 37.536715845107899, 55.449660123487071 ], [ 37.536689739134736, 55.448468244459157 ], [ 37.534874596439536, 55.448468704613468 ] ] ] ] } },
{ "type": "Feature", "properties": { "fid": 88, "sqr": 15246, "gsi": 0.0, "merchant": 0, "industrial": 0, "revolutionary": 0, "postwar": 0, "urban": 0, "stagnation": 0, "nineties": 0, "contemporary": 0, "epoque": 0, "far": 0.0, "mean_lvl": 0.0, "single": 0, "multiple": 0, "dormi": 0, "mixed": 0, "commercial": 0, "public": 0, "utility": 0, "tech": 0, "usage": 0, "low": 0, "mid": 0, "high": 0, "sky": 0, "year_formed": 1941, "year_gone": 9999 }, "geometry": { "type": "MultiPolygon", "coordinates": [ [ [ [ 37.534716517477477, 55.448468324059881 ], [ 37.532872317463571, 55.448458928033418 ], [ 37.532866561753686, 55.449634408136312 ], [ 37.534718001185801, 55.449635145088585 ], [ 37.534716517477477, 55.448468324059881 ] ] ] ] } },
{ "type": "Feature", "properties": { "fid": 89, "sqr": 15635, "gsi": 0.0, "merchant": 0, "industrial": 0, "revolutionary": 0, "postwar": 0, "urban": 0, "stagnation": 0, "nineties": 0, "contemporary": 0, "epoque": 0, "far": 0.0, "mean_lvl": 0.0, "single": 0, "multiple": 0, "dormi": 0, "mixed": 0, "commercial": 0, "public": 0, "utility": 0, "tech": 0, "usage": 0, "low": 0, "mid": 0, "high": 0, "sky": 0, "year_formed": 1947, "year_gone": 9999 }, "geometry": { "type": "MultiPolygon", "coordinates": [ [ [ [ 37.534716395667019, 55.448378471744476 ], [ 37.534714629745011, 55.447150566495431 ], [ 37.532890116558363, 55.447176619087635 ], [ 37.53287317421993, 55.448369080711593 ], [ 37.534716395667019, 55.448378471744476 ] ] ] ] } },
{ "type": "Feature", "properties": { "fid": 90, "sqr": 15809, "gsi": 0.0, "merchant": 0, "industrial": 0, "revolutionary": 0, "postwar": 0, "urban": 0, "stagnation": 0, "nineties": 0, "contemporary": 0, "epoque": 0, "far": 0.0, "mean_lvl": 0.0, "single": 0, "multiple": 0, "dormi": 0, "mixed": 0, "commercial": 0, "public": 0, "utility": 0, "tech": 0, "usage": 0, "low": 0, "mid": 0, "high": 0, "sky": 0, "year_formed": 1952, "year_gone": 9999 }, "geometry": { "type": "MultiPolygon", "coordinates": [ [ [ [ 37.536689210816995, 55.448378396465344 ], [ 37.536701608781023, 55.447144625110788 ], [ 37.53487270103048, 55.447149226116615 ], [ 37.534874474350616, 55.44837885653633 ], [ 37.536689210816995, 55.448378396465344 ] ] ] ] } },
{ "type": "Feature", "properties": { "fid": 91, "sqr": 22209, "gsi": 0.0, "merchant": 0, "industrial": 0, "revolutionary": 0, "postwar": 0, "urban": 0, "stagnation": 0, "nineties": 0, "contemporary": 0, "epoque": 0, "far": 0.0, "mean_lvl": 0.0, "single": 0, "multiple": 0, "dormi": 0, "mixed": 0, "commercial": 0, "public": 0, "utility": 0, "tech": 0, "usage": 0, "low": 0, "mid": 0, "high": 0, "sky": 0, "year_formed": 1935, "year_gone": 9999 }, "geometry": { "type": "MultiPolygon", "coordinates": [ [ [ [ 37.536847297819968, 55.448377768818027 ], [ 37.539440731238237, 55.448358065117048 ], [ 37.539469680176964, 55.447167347077333 ], [ 37.53685967977745, 55.44714509980205 ], [ 37.536847297819968, 55.448377768818027 ] ] ] ] } },
{ "type": "Feature", "properties": { "fid": 92, "sqr": 30178, "gsi": 0.0, "merchant": 0, "industrial": 0, "revolutionary": 0, "postwar": 0, "urban": 0, "stagnation": 0, "nineties": 0, "contemporary": 0, "epoque": 0, "far": 0.0, "mean_lvl": 0.0, "single": 0, "multiple": 0, "dormi": 0, "mixed": 0, "commercial": 0, "public": 0, "utility": 0, "tech": 0, "usage": 0, "low": 0, "mid": 0, "high": 0, "sky": 0, "year_formed": 1935, "year_gone": 9999 }, "geometry": { "type": "MultiPolygon", "coordinates": [ [ [ [ 37.536862166715132, 55.447055262755832 ], [ 37.539472431060226, 55.447077512242323 ], [ 37.539532743456569, 55.445445751841952 ], [ 37.536937258459005, 55.44539757731652 ], [ 37.536862166715132, 55.447055262755832 ] ] ] ] } },
{ "type": "Feature", "properties": { "fid": 93, "sqr": 21977, "gsi": 0.0, "merchant": 0, "industrial": 0, "revolutionary": 0, "postwar": 0, "urban": 0, "stagnation": 0, "nineties": 0, "contemporary": 0, "epoque": 0, "far": 0.0, "mean_lvl": 0.0, "single": 0, "multiple": 0, "dormi": 0, "mixed": 0, "commercial": 0, "public": 0, "utility": 0, "tech": 0, "usage": 0, "low": 0, "mid": 0, "high": 0, "sky": 0, "year_formed": 1935, "year_gone": 9999 }, "geometry": { "type": "MultiPolygon", "coordinates": [ [ [ [ 37.542229505665922, 55.448377694815917 ], [ 37.542269841526881, 55.447200960045592 ], [ 37.539627728952269, 55.447168978455551 ], [ 37.539598824296249, 55.448358070633063 ], [ 37.542229505665922, 55.448377694815917 ] ] ] ] } },
{ "type": "Feature", "properties": { "fid": 94, "sqr": 45513, "gsi": 0.0, "merchant": 0, "industrial": 0, "revolutionary": 0, "postwar": 0, "urban": 0, "stagnation": 0, "nineties": 0, "contemporary": 0, "epoque": 0, "far": 0.0, "mean_lvl": 0.0, "single": 0, "multiple": 0, "dormi": 0, "mixed": 0, "commercial": 0, "public": 0, "utility": 0, "tech": 0, "usage": 0, "low": 0, "mid": 0, "high": 0, "sky": 0, "year_formed": 1935, "year_gone": 9999 }, "geometry": { "type": "MultiPolygon", "coordinates": [ [ [ [ 37.536873965183027, 55.449661245332344 ], [ 37.540105319988584, 55.449664075977672 ], [ 37.542206916363007, 55.449665908303984 ], [ 37.542227206534491, 55.448467533599093 ], [ 37.539518709567623, 55.448447328031691 ], [ 37.536847816207832, 55.448467621013506 ], [ 37.536873965183027, 55.449661245332344 ] ] ] ] } },
{ "type": "Feature", "properties": { "fid": 95, "sqr": 36840, "gsi": 0.0, "merchant": 0, "industrial": 0, "revolutionary": 0, "postwar": 0, "urban": 0, "stagnation": 0, "nineties": 0, "contemporary": 0, "epoque": 0, "far": 0.0, "mean_lvl": 0.0, "single": 0, "multiple": 0, "dormi": 0, "mixed": 0, "commercial": 0, "public": 0, "utility": 0, "tech": 0, "usage": 0, "low": 0, "mid": 0, "high": 0, "sky": 0, "year_formed": 1935, "year_gone": 9999 }, "geometry": { "type": "MultiPolygon", "coordinates": [ [ [ [ 37.546753465493808, 55.448479570500844 ], [ 37.542385279016592, 55.448468327464639 ], [ 37.542365004749335, 55.449666045716889 ], [ 37.546756252736515, 55.449669809442582 ], [ 37.546753465493808, 55.448479570500844 ] ] ] ] } },
{ "type": "Feature", "properties": { "fid": 96, "sqr": 17430, "gsi": 0.0, "merchant": 0, "industrial": 0, "revolutionary": 0, "postwar": 0, "urban": 0, "stagnation": 0, "nineties": 0, "contemporary": 0, "epoque": 0, "far": 0.0, "mean_lvl": 0.0, "single": 0, "multiple": 0, "dormi": 0, "mixed": 0, "commercial": 0, "public": 0, "utility": 0, "tech": 0, "usage": 0, "low": 0, "mid": 0, "high": 0, "sky": 0, "year_formed": 1935, "year_gone": 9999 }, "geometry": { "type": "MultiPolygon", "coordinates": [ [ [ [ 37.546914336703885, 55.44966994361058 ], [ 37.548992160256127, 55.449671709428728 ], [ 37.548994858910447, 55.448483487355645 ], [ 37.546911545072327, 55.448479862737301 ], [ 37.546914336703885, 55.44966994361058 ] ] ] ] } },
{ "type": "Feature", "properties": { "fid": 97, "sqr": 17977, "gsi": 0.0, "merchant": 0, "industrial": 0, "revolutionary": 0, "postwar": 0, "urban": 0, "stagnation": 0, "nineties": 0, "contemporary": 0, "epoque": 0, "far": 0.0, "mean_lvl": 0.0, "single": 0, "multiple": 0, "dormi": 0, "mixed": 0, "commercial": 0, "public": 0, "utility": 0, "tech": 0, "usage": 0, "low": 0, "mid": 0, "high": 0, "sky": 0, "year_formed": 1935, "year_gone": 9999 }, "geometry": { "type": "MultiPolygon", "coordinates": [ [ [ [ 37.548995653385134, 55.448393640034155 ], [ 37.549009229235772, 55.447514370668372 ], [ 37.546877999568345, 55.446919661645715 ], [ 37.546856498961304, 55.447158268886554 ], [ 37.546816024849953, 55.448389833750497 ], [ 37.546832698550219, 55.448389876183064 ], [ 37.548995653385134, 55.448393640034155 ] ] ] ] } },
{ "type": "Feature", "properties": { "fid": 98, "sqr": 35562, "gsi": 0.0, "merchant": 0, "industrial": 0, "revolutionary": 0, "postwar": 0, "urban": 0, "stagnation": 0, "nineties": 0, "contemporary": 0, "epoque": 0, "far": 0.0, "mean_lvl": 0.0, "single": 0, "multiple": 0, "dormi": 0, "mixed": 0, "commercial": 0, "public": 0, "utility": 0, "tech": 0, "usage": 0, "low": 0, "mid": 0, "high": 0, "sky": 0, "year_formed": 1935, "year_gone": 9999 }, "geometry": { "type": "MultiPolygon", "coordinates": [ [ [ [ 37.542427912151325, 55.447201920232153 ], [ 37.542387586875144, 55.448378483471473 ], [ 37.546657931605829, 55.448389431309145 ], [ 37.54669697272643, 55.447201631021954 ], [ 37.542427912151325, 55.447201920232153 ] ] ] ] } },
{ "type": "Feature", "properties": { "fid": 102, "sqr": 23778, "gsi": 0.0, "merchant": 0, "industrial": 0, "revolutionary": 0, "postwar": 0, "urban": 0, "stagnation": 0, "nineties": 0, "contemporary": 0, "epoque": 0, "far": 0.0, "mean_lvl": 0.0, "single": 0, "multiple": 0, "dormi": 0, "mixed": 0, "commercial": 0, "public": 0, "utility": 0, "tech": 0, "usage": 0, "low": 0, "mid": 0, "high": 0, "sky": 0, "year_formed": 1930, "year_gone": 9999 }, "geometry": { "type": "MultiPolygon", "coordinates": [ [ [ [ 37.549045963222724, 55.44742452953669 ], [ 37.549984807342312, 55.44603753775155 ], [ 37.548078188950171, 55.445477657690709 ], [ 37.546910984068987, 55.446828773657131 ], [ 37.549045963222724, 55.44742452953669 ] ] ] ] } },
{ "type": "Feature", "properties": { "fid": 103, "sqr": 21551, "gsi": 0.0, "merchant": 0, "industrial": 0, "revolutionary": 0, "postwar": 0, "urban": 0, "stagnation": 0, "nineties": 0, "contemporary": 0, "epoque": 0, "far": 0.0, "mean_lvl": 0.0, "single": 0, "multiple": 0, "dormi": 0, "mixed": 0, "commercial": 0, "public": 0, "utility": 0, "tech": 0, "usage": 0, "low": 0, "mid": 0, "high": 0, "sky": 0, "year_formed": 1930, "year_gone": 9999 }, "geometry": { "type": "MultiPolygon", "coordinates": [ [ [ [ 37.550052729574382, 55.445956353281595 ], [ 37.550692372989495, 55.445314867495178 ], [ 37.550617039771062, 55.445179207075704 ], [ 37.551133470099465, 55.444664117900949 ], [ 37.549271679554231, 55.444107102818599 ], [ 37.548148100036499, 55.445397057484684 ], [ 37.550052729574382, 55.445956353281595 ] ] ] ] } },
{ "type": "Feature", "properties": { "fid": 104, "sqr": 22285, "gsi": 0.0, "merchant": 0, "industrial": 0, "revolutionary": 0, "postwar": 0, "urban": 0, "stagnation": 0, "nineties": 0, "contemporary": 0, "epoque": 0, "far": 0.0, "mean_lvl": 0.0, "single": 0, "multiple": 0, "dormi": 0, "mixed": 0, "commercial": 0, "public": 0, "utility": 0, "tech": 0, "usage": 0, "low": 0, "mid": 0, "high": 0, "sky": 0, "year_formed": 1930, "year_gone": 9999 }, "geometry": { "type": "MultiPolygon", "coordinates": [ [ [ [ 37.551281062121873, 55.444606740413555 ], [ 37.551769313084776, 55.44477000898231 ], [ 37.551765737411841, 55.44470450237862 ], [ 37.551827175968704, 55.444377619869329 ], [ 37.552021938316095, 55.44405870394008 ], [ 37.552529506773936, 55.443544116066903 ], [ 37.552388547381327, 55.443497553831278 ], [ 37.550311855243088, 55.442907677386302 ], [ 37.549341712497245, 55.444026522222742 ], [ 37.551281062121873, 55.444606740413555 ] ] ] ] } },
{ "type": "Feature", "properties": { "fid": 105, "sqr": 29872, "gsi": 0.0, "merchant": 0, "industrial": 0, "revolutionary": 0, "postwar": 0, "urban": 0, "stagnation": 0, "nineties": 0, "contemporary": 0, "epoque": 0, "far": 0.0, "mean_lvl": 0.0, "single": 0, "multiple": 0, "dormi": 0, "mixed": 0, "commercial": 0, "public": 0, "utility": 0, "tech": 0, "usage": 0, "low": 0, "mid": 0, "high": 0, "sky": 0, "year_formed": 1935, "year_gone": 9999 }, "geometry": { "type": "MultiPolygon", "coordinates": [ [ [ [ 37.542270663057593, 55.447111101433464 ], [ 37.542247938811407, 55.44561532275933 ], [ 37.541990766724332, 55.445461718353805 ], [ 37.539690772829431, 55.445447699059798 ], [ 37.53963047864368, 55.447079143182386 ], [ 37.542270663057593, 55.447111101433464 ] ] ] ] } },
{ "type": "Feature", "properties": { "fid": 107, "sqr": 25272, "gsi": 0.0, "merchant": 0, "industrial": 0, "revolutionary": 0, "postwar": 0, "urban": 0, "stagnation": 0, "nineties": 0, "contemporary": 0, "epoque": 0, "far": 0.0, "mean_lvl": 0.0, "single": 0, "multiple": 0, "dormi": 0, "mixed": 0, "commercial": 0, "public": 0, "utility": 0, "tech": 0, "usage": 0, "low": 0, "mid": 0, "high": 0, "sky": 0, "year_formed": 1935, "year_gone": 9999 }, "geometry": { "type": "MultiPolygon", "coordinates": [ [ [ [ 37.542428756880987, 55.447112071975056 ], [ 37.546702407345485, 55.447111782288736 ], [ 37.54672359050624, 55.446876707857079 ], [ 37.544722444073344, 55.446324019795156 ], [ 37.542406842804468, 55.445670001552493 ], [ 37.542428756880987, 55.447112071975056 ] ] ] ] } },
{ "type": "Feature", "properties": { "fid": 108, "sqr": 22303, "gsi": 0.0, "merchant": 0, "industrial": 0, "revolutionary": 0, "postwar": 0, "urban": 0, "stagnation": 0, "nineties": 0, "contemporary": 0, "epoque": 0, "far": 0.0, "mean_lvl": 0.0, "single": 0, "multiple": 0, "dormi": 0, "mixed": 0, "commercial": 0, "public": 0, "utility": 0, "tech": 0, "usage": 0, "low": 0, "mid": 0, "high": 0, "sky": 0, "year_formed": 1930, "year_gone": 9999 }, "geometry": { "type": "MultiPolygon", "coordinates": [ [ [ [ 37.544863770463905, 55.446263159944181 ], [ 37.546768947940286, 55.446789341922354 ], [ 37.547936629626022, 55.445437679588331 ], [ 37.546042959736887, 55.444924031476326 ], [ 37.544863770463905, 55.446263159944181 ] ] ] ] } },
{ "type": "Feature", "properties": { "fid": 110, "sqr": 25195, "gsi": 0.0, "merchant": 0, "industrial": 0, "revolutionary": 0, "postwar": 0, "urban": 0, "stagnation": 0, "nineties": 0, "contemporary": 0, "epoque": 0, "far": 0.0, "mean_lvl": 0.0, "single": 0, "multiple": 0, "dormi": 0, "mixed": 0, "commercial": 0, "public": 0, "utility": 0, "tech": 0, "usage": 0, "low": 0, "mid": 0, "high": 0, "sky": 0, "year_formed": 1930, "year_gone": 9999 }, "geometry": { "type": "MultiPolygon", "coordinates": [ [ [ [ 37.542374346577247, 55.445560493176373 ], [ 37.544721896663773, 55.446223537163831 ], [ 37.545901200653489, 55.444884283855856 ], [ 37.544552229383228, 55.444493703151117 ], [ 37.544477301861527, 55.444451950173502 ], [ 37.542297148236507, 55.445267695154484 ], [ 37.542235111330328, 55.44530416788939 ], [ 37.542123562931074, 55.44541070483637 ], [ 37.542374346577247, 55.445560493176373 ] ] ] ] } },
{ "type": "Feature", "properties": { "fid": 112, "sqr": 21281, "gsi": 0.0, "merchant": 0, "industrial": 0, "revolutionary": 0, "postwar": 0, "urban": 0, "stagnation": 0, "nineties": 0, "contemporary": 0, "epoque": 0, "far": 0.0, "mean_lvl": 0.0, "single": 0, "multiple": 0, "dormi": 0, "mixed": 0, "commercial": 0, "public": 0, "utility": 0, "tech": 0, "usage": 0, "low": 0, "mid": 0, "high": 0, "sky": 0, "year_formed": 1930, "year_gone": 9999 }, "geometry": { "type": "MultiPolygon", "coordinates": [ [ [ [ 37.549129901441717, 55.444067383512142 ], [ 37.547199953312642, 55.443562357154903 ], [ 37.546112670744712, 55.444843386702914 ], [ 37.548006535738558, 55.445357087436903 ], [ 37.549129901441717, 55.444067383512142 ] ] ] ] } },
{ "type": "Feature", "properties": { "fid": 113, "sqr": 18563, "gsi": 0.0, "merchant": 0, "industrial": 0, "revolutionary": 0, "postwar": 0, "urban": 0, "stagnation": 0, "nineties": 0, "contemporary": 0, "epoque": 0, "far": 0.0, "mean_lvl": 0.0, "single": 0, "multiple": 0, "dormi": 0, "mixed": 0, "commercial": 0, "public": 0, "utility": 0, "tech": 0, "usage": 0, "low": 0, "mid": 0, "high": 0, "sky": 0, "year_formed": 1930, "year_gone": 9999 }, "geometry": { "type": "MultiPolygon", "coordinates": [ [ [ [ 37.550170037162339, 55.442868009434733 ], [ 37.548313717945355, 55.442356770758394 ], [ 37.547271265162749, 55.443482106802115 ], [ 37.549199938222934, 55.443986799157059 ], [ 37.550170037162339, 55.442868009434733 ] ] ] ] } },
{ "type": "Feature", "properties": { "fid": 115, "sqr": 13506, "gsi": 0.0, "merchant": 0, "industrial": 0, "revolutionary": 0, "postwar": 0, "urban": 0, "stagnation": 0, "nineties": 0, "contemporary": 0, "epoque": 0, "far": 0.0, "mean_lvl": 0.0, "single": 0, "multiple": 0, "dormi": 0, "mixed": 0, "commercial": 0, "public": 0, "utility": 0, "tech": 0, "usage": 0, "low": 0, "mid": 0, "high": 0, "sky": 0, "year_formed": 1930, "year_gone": 9999 }, "geometry": { "type": "MultiPolygon", "coordinates": [ [ [ [ 37.549155176213333, 55.44115304967174 ], [ 37.54789750322383, 55.44075114429851 ], [ 37.547872195357812, 55.44075238041561 ], [ 37.547847710056594, 55.440765993519115 ], [ 37.547241117399992, 55.441419532356875 ], [ 37.546785769300236, 55.441914622620224 ], [ 37.548239888128492, 55.442240267490988 ], [ 37.549155176213333, 55.44115304967174 ] ] ] ] } },
{ "type": "Feature", "properties": { "fid": 116, "sqr": 11741, "gsi": 0.0, "merchant": 0, "industrial": 0, "revolutionary": 0, "postwar": 0, "urban": 0, "stagnation": 0, "nineties": 0, "contemporary": 0, "epoque": 0, "far": 0.0, "mean_lvl": 0.0, "single": 0, "multiple": 0, "dormi": 0, "mixed": 0, "commercial": 0, "public": 0, "utility": 0, "tech": 0, "usage": 0, "low": 0, "mid": 0, "high": 0, "sky": 0, "year_formed": 1930, "year_gone": 9999 }, "geometry": { "type": "MultiPolygon", "coordinates": [ [ [ [ 37.546709001753058, 55.441993999560765 ], [ 37.545963873660035, 55.442717447430233 ], [ 37.546195205316863, 55.442818696273811 ], [ 37.547002583842882, 55.443383051713603 ], [ 37.547134738056123, 55.443436652767787 ], [ 37.548168387487046, 55.442320824312347 ], [ 37.546709001753058, 55.441993999560765 ] ] ] ] } },
{ "type": "Feature", "properties": { "fid": 117, "sqr": 8517, "gsi": 0.0, "merchant": 0, "industrial": 0, "revolutionary": 0, "postwar": 0, "urban": 0, "stagnation": 0, "nineties": 0, "contemporary": 0, "epoque": 0, "far": 0.0, "mean_lvl": 0.0, "single": 0, "multiple": 0, "dormi": 0, "mixed": 0, "commercial": 0, "public": 0, "utility": 0, "tech": 0, "usage": 0, "low": 0, "mid": 0, "high": 0, "sky": 0, "year_formed": 1930, "year_gone": 9999 }, "geometry": { "type": "MultiPolygon", "coordinates": [ [ [ [ 37.546947545924901, 55.443471103119016 ], [ 37.544610404140236, 55.444400300573285 ], [ 37.544645570529354, 55.444419896830318 ], [ 37.545970911499175, 55.444803635249244 ], [ 37.547062379895372, 55.443517679165851 ], [ 37.546947545924901, 55.443471103119016 ] ] ] ] } },
{ "type": "Feature", "properties": { "fid": 118, "sqr": 16845, "gsi": 0.0, "merchant": 0, "industrial": 0, "revolutionary": 0, "postwar": 0, "urban": 0, "stagnation": 0, "nineties": 0, "contemporary": 0, "epoque": 0, "far": 0.0, "mean_lvl": 0.0, "single": 0, "multiple": 0, "dormi": 0, "mixed": 0, "commercial": 0, "public": 0, "utility": 0, "tech": 0, "usage": 0, "low": 0, "mid": 0, "high": 0, "sky": 0, "year_formed": 1930, "year_gone": 9999 }, "geometry": { "type": "MultiPolygon", "coordinates": [ [ [ [ 37.545857678708082, 55.442784362458461 ], [ 37.543570943075544, 55.443670449340758 ], [ 37.543830133469122, 55.443896772052121 ], [ 37.54450006435863, 55.444334524718528 ], [ 37.546833075597888, 55.443406971106505 ], [ 37.546084194592126, 55.442883503700301 ], [ 37.545857678708082, 55.442784362458461 ] ] ] ] } },
{ "type": "Feature", "properties": { "fid": 119, "sqr": 11274, "gsi": 0.0, "merchant": 0, "industrial": 0, "revolutionary": 0, "postwar": 0, "urban": 0, "stagnation": 0, "nineties": 0, "contemporary": 0, "epoque": 0, "far": 0.0, "mean_lvl": 0.0, "single": 0, "multiple": 0, "dormi": 0, "mixed": 0, "commercial": 0, "public": 0, "utility": 0, "tech": 0, "usage": 0, "low": 0, "mid": 0, "high": 0, "sky": 0, "year_formed": 1930, "year_gone": 9999 }, "geometry": { "type": "MultiPolygon", "coordinates": [ [ [ [ 37.54344308265464, 55.443723487896449 ], [ 37.542482943487784, 55.444146429158586 ], [ 37.542317722500755, 55.444300873124561 ], [ 37.542242059319733, 55.444572570234371 ], [ 37.542198787641702, 55.444982078210089 ], [ 37.542206401280417, 55.445048152574799 ], [ 37.542250760010774, 55.44514947872004 ], [ 37.542271893906054, 55.445169578714484 ], [ 37.544368153241081, 55.444385224309926 ], [ 37.543703666444358, 55.443951027914594 ], [ 37.54344308265464, 55.443723487896449 ] ] ] ] } },
{ "type": "Feature", "properties": { "fid": 120, "sqr": 13117, "gsi": 0.0, "merchant": 0, "industrial": 0, "revolutionary": 0, "postwar": 0, "urban": 0, "stagnation": 0, "nineties": 0, "contemporary": 0, "epoque": 0, "far": 0.0, "mean_lvl": 0.0, "single": 0, "multiple": 0, "dormi": 0, "mixed": 0, "commercial": 0, "public": 0, "utility": 0, "tech": 0, "usage": 0, "low": 0, "mid": 0, "high": 0, "sky": 0, "year_formed": 1941, "year_gone": 9999 }, "geometry": { "type": "MultiPolygon", "coordinates": [ [ [ [ 37.54207967290705, 55.444610788212835 ], [ 37.539671118726737, 55.444556952708112 ], [ 37.53969132004525, 55.445357849014719 ], [ 37.541980353215493, 55.445371801593879 ], [ 37.542108688757736, 55.445249232078332 ], [ 37.542147505093375, 55.445226411242288 ], [ 37.542103039925166, 55.445184121234924 ], [ 37.542049598692884, 55.445062047374762 ], [ 37.542040412358695, 55.444982321738607 ], [ 37.54207967290705, 55.444610788212835 ] ] ] ] } },
{ "type": "Feature", "properties": { "fid": 121, "sqr": 14157, "gsi": 0.0, "merchant": 0, "industrial": 0, "revolutionary": 0, "postwar": 0, "urban": 0, "stagnation": 0, "nineties": 0, "contemporary": 0, "epoque": 0, "far": 0.0, "mean_lvl": 0.0, "single": 0, "multiple": 0, "dormi": 0, "mixed": 0, "commercial": 0, "public": 0, "utility": 0, "tech": 0, "usage": 0, "low": 0, "mid": 0, "high": 0, "sky": 0, "year_formed": 1948, "year_gone": 9999 }, "geometry": { "type": "MultiPolygon", "coordinates": [ [ [ [ 37.539512989387276, 55.444554962488027 ], [ 37.537005756489584, 55.444549725281156 ], [ 37.536944948180839, 55.444616700727806 ], [ 37.536939666079157, 55.445307725918269 ], [ 37.539533187634007, 55.445355864046824 ], [ 37.539512989387276, 55.444554962488027 ] ] ] ] } },
{ "type": "Feature", "properties": { "fid": 122, "sqr": 71626, "gsi": 0.0, "merchant": 0, "industrial": 0, "revolutionary": 0, "postwar": 0, "urban": 0, "stagnation": 0, "nineties": 0, "contemporary": 0, "epoque": 0, "far": 0.0, "mean_lvl": 0.0, "single": 0, "multiple": 0, "dormi": 0, "mixed": 0, "commercial": 0, "public": 0, "utility": 0, "tech": 0, "usage": 0, "low": 0, "mid": 0, "high": 0, "sky": 0, "year_formed": 1940, "year_gone": 9999 }, "geometry": { "type": "MultiPolygon", "coordinates": [ [ [ [ 37.543275460032291, 55.416210100317166 ], [ 37.547187550868564, 55.417163484144666 ], [ 37.547205475352861, 55.417112236847494 ], [ 37.547369805437221, 55.416652975794371 ], [ 37.547465091951423, 55.416402116601716 ], [ 37.547685346885842, 55.416037380425671 ], [ 37.547964582026175, 55.415621684918221 ], [ 37.548425234939401, 55.414943639251113 ], [ 37.5486486576986, 55.414559411278226 ], [ 37.548303060217485, 55.414493187901662 ], [ 37.547207447214952, 55.414368387582215 ], [ 37.546340941159592, 55.414262413452853 ], [ 37.545654431992617, 55.41417781514285 ], [ 37.544783871577955, 55.414049532077868 ], [ 37.543290740767333, 55.416188464104586 ], [ 37.543275460032291, 55.416210100317166 ] ] ] ] } },
{ "type": "Feature", "properties": { "fid": 124, "sqr": 92128, "gsi": 0.0, "merchant": 0, "industrial": 0, "revolutionary": 0, "postwar": 0, "urban": 0, "stagnation": 0, "nineties": 0, "contemporary": 0, "epoque": 0, "far": 0.0, "mean_lvl": 0.0, "single": 0, "multiple": 0, "dormi": 0, "mixed": 0, "commercial": 0, "public": 0, "utility": 0, "tech": 0, "usage": 0, "low": 0, "mid": 0, "high": 0, "sky": 0, "year_formed": 1930, "year_gone": 9999 }, "geometry": { "type": "MultiPolygon", "coordinates": [ [ [ [ 37.539248593302652, 55.421374798025901 ], [ 37.536897323080424, 55.422047566015777 ], [ 37.539652812733614, 55.424738068397353 ], [ 37.542084932722076, 55.423965625247575 ], [ 37.542470992301183, 55.423890045194348 ], [ 37.542533073560612, 55.422947619322116 ], [ 37.542642587076124, 55.42146010291124 ], [ 37.539248593302652, 55.421374798025901 ] ] ] ] } },
{ "type": "Feature", "properties": { "fid": 126, "sqr": 83791, "gsi": 0.0, "merchant": 0, "industrial": 0, "revolutionary": 0, "postwar": 0, "urban": 0, "stagnation": 0, "nineties": 0, "contemporary": 0, "epoque": 0, "far": 0.0, "mean_lvl": 0.0, "single": 0, "multiple": 0, "dormi": 0, "mixed": 0, "commercial": 0, "public": 0, "utility": 0, "tech": 0, "usage": 0, "low": 0, "mid": 0, "high": 0, "sky": 0, "year_formed": 1951, "year_gone": 9999 }, "geometry": { "type": "MultiPolygon", "coordinates": [ [ [ [ 37.539609048333638, 55.416105159653732 ], [ 37.543120918212601, 55.416187901462031 ], [ 37.543144059295066, 55.416155135851696 ], [ 37.544634683857026, 55.414019805537919 ], [ 37.541270441243469, 55.413179331123096 ], [ 37.540341491259035, 55.412954095424752 ], [ 37.53994712728187, 55.412960705393438 ], [ 37.539796144947786, 55.413040958016417 ], [ 37.53970702034426, 55.414450414019541 ], [ 37.539696824200476, 55.414611858057761 ], [ 37.539684127926492, 55.414827602052107 ], [ 37.539609048333638, 55.416105159653732 ] ] ] ] } },
{ "type": "Feature", "properties": { "fid": 127, "sqr": 72822, "gsi": 0.0, "merchant": 0, "industrial": 0, "revolutionary": 0, "postwar": 0, "urban": 0, "stagnation": 0, "nineties": 0, "contemporary": 0, "epoque": 0, "far": 0.0, "mean_lvl": 0.0, "single": 0, "multiple": 0, "dormi": 0, "mixed": 0, "commercial": 0, "public": 0, "utility": 0, "tech": 0, "usage": 0, "low": 0, "mid": 0, "high": 0, "sky": 0, "year_formed": 1929, "year_gone": 9999 }, "geometry": { "type": "MultiPolygon", "coordinates": [ [ [ [ 37.546944318448617, 55.418824554646115 ], [ 37.543052366895708, 55.418740375187745 ], [ 37.542807859387089, 55.421374497240848 ], [ 37.546708041895954, 55.421481190577509 ], [ 37.546944318448617, 55.418824554646115 ] ] ] ] } },
{ "type": "Feature", "properties": { "fid": 128, "sqr": 63301, "gsi": 0.0, "merchant": 0, "industrial": 0, "revolutionary": 0, "postwar": 0, "urban": 0, "stagnation": 0, "nineties": 0, "contemporary": 0, "epoque": 0, "far": 0.0, "mean_lvl": 0.0, "single": 0, "multiple": 0, "dormi": 0, "mixed": 0, "commercial": 0, "public": 0, "utility": 0, "tech": 0, "usage": 0, "low": 0, "mid": 0, "high": 0, "sky": 0, "year_formed": 1949, "year_gone": 9999 }, "geometry": { "type": "MultiPolygon", "coordinates": [ [ [ [ 37.542650053584708, 55.421370354297963 ], [ 37.542894516846104, 55.418736822088825 ], [ 37.539462411649005, 55.418656629999639 ], [ 37.539278756179819, 55.421153408401203 ], [ 37.539296261276895, 55.421249153464075 ], [ 37.539303029403136, 55.421286230650452 ], [ 37.542650053584708, 55.421370354297963 ] ] ] ] } },
{ "type": "Feature", "properties": { "fid": 129, "sqr": 57934, "gsi": 0.0, "merchant": 0, "industrial": 0, "revolutionary": 0, "postwar": 0, "urban": 0, "stagnation": 0, "nineties": 0, "contemporary": 0, "epoque": 0, "far": 0.0, "mean_lvl": 0.0, "single": 0, "multiple": 0, "dormi": 0, "mixed": 0, "commercial": 0, "public": 0, "utility": 0, "tech": 0, "usage": 0, "low": 0, "mid": 0, "high": 0, "sky": 0, "year_formed": 1949, "year_gone": 9999 }, "geometry": { "type": "MultiPolygon", "coordinates": [ [ [ [ 37.539469432676235, 55.418546718285391 ], [ 37.53946828240764, 55.41856684280669 ], [ 37.542902258754943, 55.418647078563282 ], [ 37.543090919716406, 55.416277120714106 ], [ 37.539603853555896, 55.416194962936238 ], [ 37.539471726272261, 55.418515360983335 ], [ 37.539469432676235, 55.418546718285391 ] ] ] ] } },
{ "type": "Feature", "properties": { "fid": 131, "sqr": 53188, "gsi": 0.0, "merchant": 0, "industrial": 0, "revolutionary": 0, "postwar": 0, "urban": 0, "stagnation": 0, "nineties": 0, "contemporary": 0, "epoque": 0, "far": 0.0, "mean_lvl": 0.0, "single": 0, "multiple": 0, "dormi": 0, "mixed": 0, "commercial": 0, "public": 0, "utility": 0, "tech": 0, "usage": 0, "low": 0, "mid": 0, "high": 0, "sky": 0, "year_formed": 1935, "year_gone": 9999 }, "geometry": { "type": "MultiPolygon", "coordinates": [ [ [ [ 37.54702685720401, 55.417896416288094 ], [ 37.547160619758181, 55.417254667588615 ], [ 37.543247135239461, 55.416300945218602 ], [ 37.543060097472861, 55.418650628857414 ], [ 37.54695229924765, 55.418734813619572 ], [ 37.54702685720401, 55.417896416288094 ] ] ] ] } },
{ "type": "Feature", "properties": { "fid": 134, "sqr": 70861, "gsi": 0.0, "merchant": 0, "industrial": 0, "revolutionary": 0, "postwar": 0, "urban": 0, "stagnation": 0, "nineties": 0, "contemporary": 0, "epoque": 0, "far": 0.0, "mean_lvl": 0.0, "single": 0, "multiple": 0, "dormi": 0, "mixed": 0, "commercial": 0, "public": 0, "utility": 0, "tech": 0, "usage": 0, "low": 0, "mid": 0, "high": 0, "sky": 0, "year_formed": 1957, "year_gone": 9999 }, "geometry": { "type": "MultiPolygon", "coordinates": [ [ [ [ 37.536721097814898, 55.416030033089186 ], [ 37.536893133757324, 55.416054354831466 ], [ 37.539451206142729, 55.416101836502769 ], [ 37.539526272018321, 55.414824598953132 ], [ 37.539538975806629, 55.414608741891357 ], [ 37.539549179598197, 55.414447186956814 ], [ 37.539635650514676, 55.413079785394125 ], [ 37.539402517942094, 55.413115011348886 ], [ 37.538559027939478, 55.413132483091665 ], [ 37.538438966643682, 55.413135932060442 ], [ 37.538263927788428, 55.413162128970761 ], [ 37.534883264244336, 55.414266182378832 ], [ 37.536721097814898, 55.416030033089186 ] ] ] ] } },
{ "type": "Feature", "properties": { "fid": 137, "sqr": 69547, "gsi": 0.0, "merchant": 0, "industrial": 0, "revolutionary": 0, "postwar": 0, "urban": 0, "stagnation": 0, "nineties": 0, "contemporary": 0, "epoque": 0, "far": 0.0, "mean_lvl": 0.0, "single": 0, "multiple": 0, "dormi": 0, "mixed": 0, "commercial": 0, "public": 0, "utility": 0, "tech": 0, "usage": 0, "low": 0, "mid": 0, "high": 0, "sky": 0, "year_formed": 1953, "year_gone": 9999 }, "geometry": { "type": "MultiPolygon", "coordinates": [ [ [ [ 37.539303512714049, 55.418653683325729 ], [ 37.538786227522039, 55.418646512876016 ], [ 37.538525118447161, 55.418670682733143 ], [ 37.53456238125861, 55.419766535938528 ], [ 37.536817676034403, 55.421969777658759 ], [ 37.539147308232096, 55.421303201809508 ], [ 37.539139138040461, 55.421258442847638 ], [ 37.539120444765302, 55.421156196742494 ], [ 37.539303512714049, 55.418653683325729 ] ] ] ] } },
{ "type": "Feature", "properties": { "fid": 138, "sqr": 43956, "gsi": 0.0, "merchant": 0, "industrial": 0, "revolutionary": 0, "postwar": 0, "urban": 0, "stagnation": 0, "nineties": 0, "contemporary": 0, "epoque": 0, "far": 0.0, "mean_lvl": 0.0, "single": 0, "multiple": 0, "dormi": 0, "mixed": 0, "commercial": 0, "public": 0, "utility": 0, "tech": 0, "usage": 0, "low": 0, "mid": 0, "high": 0, "sky": 0, "year_formed": 1959, "year_gone": 9999 }, "geometry": { "type": "MultiPolygon", "coordinates": [ [ [ [ 37.534746619528953, 55.414311304554751 ], [ 37.530475751236239, 55.415737480145921 ], [ 37.531564017508913, 55.416811379877259 ], [ 37.535885308292578, 55.415405739789719 ], [ 37.534746619528953, 55.414311304554751 ] ] ] ] } },
{ "type": "Feature", "properties": { "fid": 140, "sqr": 60056, "gsi": 0.0, "merchant": 0, "industrial": 0, "revolutionary": 0, "postwar": 0, "urban": 0, "stagnation": 0, "nineties": 0, "contemporary": 0, "epoque": 0, "far": 0.0, "mean_lvl": 0.0, "single": 0, "multiple": 0, "dormi": 0, "mixed": 0, "commercial": 0, "public": 0, "utility": 0, "tech": 0, "usage": 0, "low": 0, "mid": 0, "high": 0, "sky": 0, "year_formed": 1952, "year_gone": 9999 }, "geometry": { "type": "MultiPolygon", "coordinates": [ [ [ [ 37.539864537716696, 55.412881640390715 ], [ 37.540628196739512, 55.412563534110667 ], [ 37.540420106761829, 55.412430372184559 ], [ 37.539292871429204, 55.411326430308975 ], [ 37.537890070731997, 55.411749434640562 ], [ 37.533663431817757, 55.413130848415598 ], [ 37.534801781562223, 55.414189191159117 ], [ 37.538203472274965, 55.413078271021767 ], [ 37.538414633382907, 55.413046667938175 ], [ 37.538552172067419, 55.413042716907938 ], [ 37.539379082083499, 55.413025588649788 ], [ 37.539678970974983, 55.412980275783902 ], [ 37.539864537716696, 55.412881640390715 ] ] ] ] } },
{ "type": "Feature", "properties": { "fid": 141, "sqr": 63418, "gsi": 0.0, "merchant": 0, "industrial": 0, "revolutionary": 0, "postwar": 0, "urban": 0, "stagnation": 0, "nineties": 0, "contemporary": 0, "epoque": 0, "far": 0.0, "mean_lvl": 0.0, "single": 0, "multiple": 0, "dormi": 0, "mixed": 0, "commercial": 0, "public": 0, "utility": 0, "tech": 0, "usage": 0, "low": 0, "mid": 0, "high": 0, "sky": 0, "year_formed": 1958, "year_gone": 9999 }, "geometry": { "type": "MultiPolygon", "coordinates": [ [ [ [ 37.544692669223608, 55.413936160834538 ], [ 37.546024314741359, 55.412002755540122 ], [ 37.546052281173452, 55.411905229963033 ], [ 37.546025433521024, 55.411812374076263 ], [ 37.545866420726945, 55.411661855684535 ], [ 37.545098086612384, 55.410918336817666 ], [ 37.54060737895287, 55.412414982312647 ], [ 37.54080964715186, 55.412544418103494 ], [ 37.541357828106698, 55.413103032386275 ], [ 37.544692669223608, 55.413936160834538 ] ] ] ] } },
{ "type": "Feature", "properties": { "fid": 142, "sqr": 981, "gsi": 0.0, "merchant": 0, "industrial": 0, "revolutionary": 0, "postwar": 0, "urban": 0, "stagnation": 0, "nineties": 0, "contemporary": 0, "epoque": 0, "far": 0.0, "mean_lvl": 0.0, "single": 0, "multiple": 0, "dormi": 0, "mixed": 0, "commercial": 0, "public": 0, "utility": 0, "tech": 0, "usage": 0, "low": 0, "mid": 0, "high": 0, "sky": 0, "year_formed": 1958, "year_gone": 9999 }, "geometry": { "type": "MultiPolygon", "coordinates": [ [ [ [ 37.541120236105662, 55.413045243959658 ], [ 37.540719487543477, 55.412636866012384 ], [ 37.540166690551473, 55.412867137767556 ], [ 37.540371508705825, 55.412863704572892 ], [ 37.541120236105662, 55.413045243959658 ] ] ] ] } },
{ "type": "Feature", "properties": { "fid": 146, "sqr": 11864, "gsi": 0.0, "merchant": 0, "industrial": 0, "revolutionary": 0, "postwar": 0, "urban": 0, "stagnation": 0, "nineties": 0, "contemporary": 0, "epoque": 0, "far": 0.0, "mean_lvl": 0.0, "single": 0, "multiple": 0, "dormi": 0, "mixed": 0, "commercial": 0, "public": 0, "utility": 0, "tech": 0, "usage": 0, "low": 0, "mid": 0, "high": 0, "sky": 0, "year_formed": 1925, "year_gone": 9999 }, "geometry": { "type": "MultiPolygon", "coordinates": [ [ [ [ 37.538797160915259, 55.426163566739405 ], [ 37.540405213332356, 55.425651169789568 ], [ 37.539594453574651, 55.424859597198811 ], [ 37.5379962025197, 55.425369203338725 ], [ 37.538797160915259, 55.426163566739405 ] ] ] ] } },
{ "type": "Feature", "properties": { "fid": 147, "sqr": 65018, "gsi": 0.0, "merchant": 0, "industrial": 0, "revolutionary": 0, "postwar": 0, "urban": 0, "stagnation": 0, "nineties": 0, "contemporary": 0, "epoque": 0, "far": 0.0, "mean_lvl": 0.0, "single": 0, "multiple": 0, "dormi": 0, "mixed": 0, "commercial": 0, "public": 0, "utility": 0, "tech": 0, "usage": 0, "low": 0, "mid": 0, "high": 0, "sky": 0, "year_formed": 1927, "year_gone": 9999 }, "geometry": { "type": "MultiPolygon", "coordinates": [ [ [ [ 37.545900660351897, 55.423899668578407 ], [ 37.545900660351919, 55.4238996685784 ], [ 37.546492570103112, 55.423903559928846 ], [ 37.546508013205951, 55.423729956907238 ], [ 37.546700060485179, 55.421570924744856 ], [ 37.542800527103296, 55.421464249114322 ], [ 37.54263008807991, 55.423878115444651 ], [ 37.545900660351897, 55.423899668578407 ] ] ] ] } },
{ "type": "Feature", "properties": { "fid": 148, "sqr": 24587, "gsi": 0.0, "merchant": 0, "industrial": 0, "revolutionary": 0, "postwar": 0, "urban": 0, "stagnation": 0, "nineties": 0, "contemporary": 0, "epoque": 0, "far": 0.0, "mean_lvl": 0.0, "single": 0, "multiple": 0, "dormi": 0, "mixed": 0, "commercial": 0, "public": 0, "utility": 0, "tech": 0, "usage": 0, "low": 0, "mid": 0, "high": 0, "sky": 0, "year_formed": 1925, "year_gone": 9999 }, "geometry": { "type": "MultiPolygon", "coordinates": [ [ [ [ 37.542514568834051, 55.425081860342587 ], [ 37.543233737829972, 55.425822787743506 ], [ 37.545725833034901, 55.42502301302364 ], [ 37.546393090910804, 55.425021811013316 ], [ 37.546484581571605, 55.423993362026195 ], [ 37.545940530512546, 55.423989785381856 ], [ 37.542514568834051, 55.425081860342587 ] ] ] ] } },
{ "type": "Feature", "properties": { "fid": 149, "sqr": 14458, "gsi": 0.0, "merchant": 0, "industrial": 0, "revolutionary": 0, "postwar": 0, "urban": 0, "stagnation": 0, "nineties": 0, "contemporary": 0, "epoque": 0, "far": 0.0, "mean_lvl": 0.0, "single": 0, "multiple": 0, "dormi": 0, "mixed": 0, "commercial": 0, "public": 0, "utility": 0, "tech": 0, "usage": 0, "low": 0, "mid": 0, "high": 0, "sky": 0, "year_formed": 1925, "year_gone": 9999 }, "geometry": { "type": "MultiPolygon", "coordinates": [ [ [ [ 37.541661561265983, 55.424203003944164 ], [ 37.542438218874949, 55.425003198557476 ], [ 37.545623959800487, 55.423987703101581 ], [ 37.542560668775003, 55.423967511627609 ], [ 37.542149667344681, 55.424047974743949 ], [ 37.541661561265983, 55.424203003944164 ] ] ] ] } },
{ "type": "Feature", "properties": { "fid": 151, "sqr": 40465, "gsi": 0.0, "merchant": 0, "industrial": 0, "revolutionary": 0, "postwar": 0, "urban": 0, "stagnation": 0, "nineties": 0, "contemporary": 0, "epoque": 0, "far": 0.0, "mean_lvl": 0.0, "single": 0, "multiple": 0, "dormi": 0, "mixed": 0, "commercial": 0, "public": 0, "utility": 0, "tech": 0, "usage": 0, "low": 0, "mid": 0, "high": 0, "sky": 0, "year_formed": 1930, "year_gone": 9999 }, "geometry": { "type": "MultiPolygon", "coordinates": [ [ [ [ 37.550380019729047, 55.442826598586848 ], [ 37.552463652543047, 55.443418446156528 ], [ 37.552607146339334, 55.443465845538846 ], [ 37.554449092798443, 55.441619004607304 ], [ 37.554349474161413, 55.441582369771901 ], [ 37.554154326885467, 55.44148235300456 ], [ 37.553388982382224, 55.441212295189757 ], [ 37.552370382984442, 55.440937075009096 ], [ 37.552073532752047, 55.440931234523561 ], [ 37.551932258486815, 55.441022898571937 ], [ 37.551288294315206, 55.441710403195188 ], [ 37.550380019729047, 55.442826598586848 ] ] ] ] } },
{ "type": "Feature", "properties": { "fid": 153, "sqr": 5787, "gsi": 0.0, "merchant": 0, "industrial": 0, "revolutionary": 0, "postwar": 0, "urban": 0, "stagnation": 0, "nineties": 0, "contemporary": 0, "epoque": 0, "far": 0.0, "mean_lvl": 0.0, "single": 0, "multiple": 0, "dormi": 0, "mixed": 0, "commercial": 0, "public": 0, "utility": 0, "tech": 0, "usage": 0, "low": 0, "mid": 0, "high": 0, "sky": 0, "year_formed": 1977, "year_gone": 9999 }, "geometry": { "type": "MultiPolygon", "coordinates": [ [ [ [ 37.541359271302497, 55.42769456250798 ], [ 37.542129683725484, 55.428421446031713 ], [ 37.542934103770349, 55.428157754947534 ], [ 37.542191520322163, 55.427396985584544 ], [ 37.541359271302497, 55.42769456250798 ] ] ] ] } },
{ "type": "Feature", "properties": { "fid": 155, "sqr": 11216, "gsi": 0.0, "merchant": 0, "industrial": 0, "revolutionary": 0, "postwar": 0, "urban": 0, "stagnation": 0, "nineties": 0, "contemporary": 0, "epoque": 0, "far": 0.0, "mean_lvl": 0.0, "single": 0, "multiple": 0, "dormi": 0, "mixed": 0, "commercial": 0, "public": 0, "utility": 0, "tech": 0, "usage": 0, "low": 0, "mid": 0, "high": 0, "sky": 0, "year_formed": 1925, "year_gone": 9999 }, "geometry": { "type": "MultiPolygon", "coordinates": [ [ [ [ 37.540484745531643, 55.425728817825586 ], [ 37.53887575677453, 55.426241513463232 ], [ 37.539636722662763, 55.426996176056328 ], [ 37.541237835671176, 55.426464049285975 ], [ 37.540484745531643, 55.425728817825586 ] ] ] ] } },
{ "type": "Feature", "properties": { "fid": 156, "sqr": 9414, "gsi": 0.0, "merchant": 0, "industrial": 0, "revolutionary": 0, "postwar": 0, "urban": 0, "stagnation": 0, "nineties": 0, "contemporary": 0, "epoque": 0, "far": 0.0, "mean_lvl": 0.0, "single": 0, "multiple": 0, "dormi": 0, "mixed": 0, "commercial": 0, "public": 0, "utility": 0, "tech": 0, "usage": 0, "low": 0, "mid": 0, "high": 0, "sky": 0, "year_formed": 1951, "year_gone": 9999 }, "geometry": { "type": "MultiPolygon", "coordinates": [ [ [ [ 37.553389520746293, 55.441112960438645 ], [ 37.553967974182228, 55.440422852078555 ], [ 37.553931103862254, 55.440242981687398 ], [ 37.553883995323929, 55.44015309061038 ], [ 37.553672955125869, 55.440092587861365 ], [ 37.553330245089739, 55.440044282072414 ], [ 37.553238505674045, 55.440053359288711 ], [ 37.552932553360208, 55.440161646326317 ], [ 37.552518079550396, 55.440262590165752 ], [ 37.552202823096955, 55.440402777357889 ], [ 37.551998526427148, 55.44060187738782 ], [ 37.552101397147965, 55.440841880554871 ], [ 37.552408616971618, 55.440847924987352 ], [ 37.553389520746293, 55.441112960438645 ] ] ] ] } },
{ "type": "Feature", "properties": { "fid": 157, "sqr": 17183, "gsi": 0.0, "merchant": 0, "industrial": 0, "revolutionary": 0, "postwar": 0, "urban": 0, "stagnation": 0, "nineties": 0, "contemporary": 0, "epoque": 0, "far": 0.0, "mean_lvl": 0.0, "single": 0, "multiple": 0, "dormi": 0, "mixed": 0, "commercial": 0, "public": 0, "utility": 0, "tech": 0, "usage": 0, "low": 0, "mid": 0, "high": 0, "sky": 0, "year_formed": 1930, "year_gone": 9999 }, "geometry": { "type": "MultiPolygon", "coordinates": [ [ [ [ 37.550238151608845, 55.44278693090525 ], [ 37.551113569297648, 55.441711119839134 ], [ 37.549294997231833, 55.44119509492176 ], [ 37.548384636246325, 55.442276464701301 ], [ 37.550238151608845, 55.44278693090525 ] ] ] ] } },
{ "type": "Feature", "properties": { "fid": 158, "sqr": 33147, "gsi": 0.0, "merchant": 0, "industrial": 0, "revolutionary": 0, "postwar": 0, "urban": 0, "stagnation": 0, "nineties": 0, "contemporary": 0, "epoque": 0, "far": 0.0, "mean_lvl": 0.0, "single": 0, "multiple": 0, "dormi": 0, "mixed": 0, "commercial": 0, "public": 0, "utility": 0, "tech": 0, "usage": 0, "low": 0, "mid": 0, "high": 0, "sky": 0, "year_formed": 1940, "year_gone": 9999 }, "geometry": { "type": "MultiPolygon", "coordinates": [ [ [ [ 37.549191122004643, 55.447460298408501 ], [ 37.549574366158346, 55.447541710317935 ], [ 37.551793581663567, 55.447485112711327 ], [ 37.551954871861319, 55.447481755348299 ], [ 37.551868825598213, 55.446252858791013 ], [ 37.5517754424232, 55.444876300634931 ], [ 37.551271589948755, 55.444707815427655 ], [ 37.550788560252492, 55.445189592864324 ], [ 37.55086382703378, 55.4453251324449 ], [ 37.550155654407348, 55.446035347268278 ], [ 37.549191122004643, 55.447460298408501 ] ] ] ] } },
{ "type": "Feature", "properties": { "fid": 159, "sqr": 41763, "gsi": 0.0, "merchant": 0, "industrial": 0, "revolutionary": 0, "postwar": 0, "urban": 0, "stagnation": 0, "nineties": 0, "contemporary": 0, "epoque": 0, "far": 0.0, "mean_lvl": 0.0, "single": 0, "multiple": 0, "dormi": 0, "mixed": 0, "commercial": 0, "public": 0, "utility": 0, "tech": 0, "usage": 0, "low": 0, "mid": 0, "high": 0, "sky": 0, "year_formed": 1940, "year_gone": 9999 }, "geometry": { "type": "MultiPolygon", "coordinates": [ [ [ [ 37.549549233811987, 55.44763228968025 ], [ 37.549166744287014, 55.447551038169024 ], [ 37.549153038873584, 55.448438926038193 ], [ 37.549150245323275, 55.449671107346859 ], [ 37.551904517835638, 55.449647980874296 ], [ 37.552102948035376, 55.449646275234798 ], [ 37.552060917244191, 55.448995617799127 ], [ 37.551961159406588, 55.447571533030839 ], [ 37.551800018347024, 55.447574887288127 ], [ 37.549549233811987, 55.44763228968025 ] ] ] ] } },
{ "type": "Feature", "properties": { "fid": 165, "sqr": 32824, "gsi": 0.0, "merchant": 0, "industrial": 0, "revolutionary": 0, "postwar": 0, "urban": 0, "stagnation": 0, "nineties": 0, "contemporary": 0, "epoque": 0, "far": 0.0, "mean_lvl": 0.0, "single": 0, "multiple": 0, "dormi": 0, "mixed": 0, "commercial": 0, "public": 0, "utility": 0, "tech": 0, "usage": 0, "low": 0, "mid": 0, "high": 0, "sky": 0, "year_formed": 1781, "year_gone": 9999 }, "geometry": { "type": "MultiPolygon", "coordinates": [ [ [ [ 37.55687999373778, 55.436736803472101 ], [ 37.556561535994838, 55.436359324046023 ], [ 37.55610772828684, 55.436090692729607 ], [ 37.555396378173377, 55.435887853187374 ], [ 37.554844553444262, 55.435801941507428 ], [ 37.554364197197195, 55.435732686389088 ], [ 37.553896848654553, 55.435739756839155 ], [ 37.553343509868569, 55.43593239289261 ], [ 37.5527333086089, 55.436445516181564 ], [ 37.554787842393665, 55.437641023490713 ], [ 37.55687999373778, 55.436736803472101 ] ] ] ] } },
{ "type": "Feature", "properties": { "fid": 166, "sqr": 142495, "gsi": 0.0, "merchant": 0, "industrial": 0, "revolutionary": 0, "postwar": 0, "urban": 0, "stagnation": 0, "nineties": 0, "contemporary": 0, "epoque": 0, "far": 0.0, "mean_lvl": 0.0, "single": 0, "multiple": 0, "dormi": 0, "mixed": 0, "commercial": 0, "public": 0, "utility": 0, "tech": 0, "usage": 0, "low": 0, "mid": 0, "high": 0, "sky": 0, "year_formed": 1954, "year_gone": 9999 }, "geometry": { "type": "MultiPolygon", "coordinates": [ [ [ [ 37.531642932647635, 55.4168892116761 ], [ 37.534482934623178, 55.419688600997951 ], [ 37.538476881604829, 55.418584117262078 ], [ 37.538775372489411, 55.418556487123482 ], [ 37.539310080272728, 55.418563899099262 ], [ 37.53931158040978, 55.418543390859668 ], [ 37.539445993133796, 55.416191774268157 ], [ 37.537353490656322, 55.416156593312756 ], [ 37.536870722813632, 55.416143768343382 ], [ 37.536618953023542, 55.416108174090319 ], [ 37.535965885326668, 55.415483030100219 ], [ 37.531642932647635, 55.4168892116761 ] ] ] ] } },
{ "type": "Feature", "properties": { "fid": 169, "sqr": 45698, "gsi": 0.0, "merchant": 0, "industrial": 0, "revolutionary": 0, "postwar": 0, "urban": 0, "stagnation": 0, "nineties": 0, "contemporary": 0, "epoque": 0, "far": 0.0, "mean_lvl": 0.0, "single": 0, "multiple": 0, "dormi": 0, "mixed": 0, "commercial": 0, "public": 0, "utility": 0, "tech": 0, "usage": 0, "low": 0, "mid": 0, "high": 0, "sky": 0, "year_formed": 1958, "year_gone": 9999 }, "geometry": { "type": "MultiPolygon", "coordinates": [ [ [ [ 37.539429897793489, 55.411281754959823 ], [ 37.540512871615945, 55.412342347671462 ], [ 37.545018715320033, 55.410840659062501 ], [ 37.543939379534478, 55.409772229479721 ], [ 37.540894015408547, 55.410767600686199 ], [ 37.539429897793489, 55.411281754959823 ] ] ] ] } },
{ "type": "Feature", "properties": { "fid": 173, "sqr": 19702, "gsi": 0.0, "merchant": 0, "industrial": 0, "revolutionary": 0, "postwar": 0, "urban": 0, "stagnation": 0, "nineties": 0, "contemporary": 0, "epoque": 0, "far": 0.0, "mean_lvl": 0.0, "single": 0, "multiple": 0, "dormi": 0, "mixed": 0, "commercial": 0, "public": 0, "utility": 0, "tech": 0, "usage": 0, "low": 0, "mid": 0, "high": 0, "sky": 0, "year_formed": 1967, "year_gone": 9999 }, "geometry": { "type": "MultiPolygon", "coordinates": [ [ [ [ 37.544076314396293, 55.409727471708095 ], [ 37.545154930615411, 55.410795185341016 ], [ 37.547135704762844, 55.410132870032037 ], [ 37.546039246332874, 55.40908588044762 ], [ 37.544076314396293, 55.409727471708095 ] ] ] ] } },
{ "type": "Feature", "properties": { "fid": 174, "sqr": 43411, "gsi": 0.0, "merchant": 0, "industrial": 0, "revolutionary": 0, "postwar": 0, "urban": 0, "stagnation": 0, "nineties": 0, "contemporary": 0, "epoque": 0, "far": 0.0, "mean_lvl": 0.0, "single": 0, "multiple": 0, "dormi": 0, "mixed": 0, "commercial": 0, "public": 0, "utility": 0, "tech": 0, "usage": 0, "low": 0, "mid": 0, "high": 0, "sky": 0, "year_formed": 1957, "year_gone": 9999 }, "geometry": { "type": "MultiPolygon", "coordinates": [ [ [ [ 37.529276872282459, 55.41456458571065 ], [ 37.52936362061704, 55.414616725142331 ], [ 37.530397512485209, 55.415659420957127 ], [ 37.534665161277722, 55.414234321330191 ], [ 37.533526434614167, 55.413175624665861 ], [ 37.529276872282459, 55.41456458571065 ] ] ] ] } },
{ "type": "Feature", "properties": { "fid": 176, "sqr": 36774, "gsi": 0.0, "merchant": 0, "industrial": 0, "revolutionary": 0, "postwar": 0, "urban": 0, "stagnation": 0, "nineties": 0, "contemporary": 0, "epoque": 0, "far": 0.0, "mean_lvl": 0.0, "single": 0, "multiple": 0, "dormi": 0, "mixed": 0, "commercial": 0, "public": 0, "utility": 0, "tech": 0, "usage": 0, "low": 0, "mid": 0, "high": 0, "sky": 0, "year_formed": 1946, "year_gone": 9999 }, "geometry": { "type": "MultiPolygon", "coordinates": [ [ [ [ 37.535005323350767, 55.412588677618892 ], [ 37.532288062503184, 55.409857314798977 ], [ 37.530827224482472, 55.410330218525928 ], [ 37.533582776875335, 55.413053588135583 ], [ 37.535005323350767, 55.412588677618892 ] ] ] ] } },
{ "type": "Feature", "properties": { "fid": 177, "sqr": 33166, "gsi": 0.0, "merchant": 0, "industrial": 0, "revolutionary": 0, "postwar": 0, "urban": 0, "stagnation": 0, "nineties": 0, "contemporary": 0, "epoque": 0, "far": 0.0, "mean_lvl": 0.0, "single": 0, "multiple": 0, "dormi": 0, "mixed": 0, "commercial": 0, "public": 0, "utility": 0, "tech": 0, "usage": 0, "low": 0, "mid": 0, "high": 0, "sky": 0, "year_formed": 1948, "year_gone": 9999 }, "geometry": { "type": "MultiPolygon", "coordinates": [ [ [ [ 37.532425315919049, 55.409812873478238 ], [ 37.535142269681934, 55.412543918091011 ], [ 37.536453285739277, 55.412115395174972 ], [ 37.534855197850966, 55.410543852985732 ], [ 37.533750386446009, 55.409383737381788 ], [ 37.532425315919049, 55.409812873478238 ] ] ] ] } },
{ "type": "Feature", "properties": { "fid": 178, "sqr": 11564, "gsi": 0.0, "merchant": 0, "industrial": 0, "revolutionary": 0, "postwar": 0, "urban": 0, "stagnation": 0, "nineties": 0, "contemporary": 0, "epoque": 0, "far": 0.0, "mean_lvl": 0.0, "single": 0, "multiple": 0, "dormi": 0, "mixed": 0, "commercial": 0, "public": 0, "utility": 0, "tech": 0, "usage": 0, "low": 0, "mid": 0, "high": 0, "sky": 0, "year_formed": 1951, "year_gone": 9999 }, "geometry": { "type": "MultiPolygon", "coordinates": [ [ [ [ 37.534953539051649, 55.410458510012937 ], [ 37.536083761597403, 55.410057486425856 ], [ 37.534997945352558, 55.408979605613688 ], [ 37.533887657098305, 55.409339275296652 ], [ 37.534953539051649, 55.410458510012937 ] ] ] ] } },
{ "type": "Feature", "properties": { "fid": 179, "sqr": 16769, "gsi": 0.0, "merchant": 0, "industrial": 0, "revolutionary": 0, "postwar": 0, "urban": 0, "stagnation": 0, "nineties": 0, "contemporary": 0, "epoque": 0, "far": 0.0, "mean_lvl": 0.0, "single": 0, "multiple": 0, "dormi": 0, "mixed": 0, "commercial": 0, "public": 0, "utility": 0, "tech": 0, "usage": 0, "low": 0, "mid": 0, "high": 0, "sky": 0, "year_formed": 1950, "year_gone": 9999 }, "geometry": { "type": "MultiPolygon", "coordinates": [ [ [ [ 37.537743942607989, 55.411693573990107 ], [ 37.536162566909375, 55.410135414822058 ], [ 37.535030701348177, 55.410537021567173 ], [ 37.536590228189269, 55.412070636282259 ], [ 37.537743942607989, 55.411693573990107 ] ] ] ] } },
{ "type": "Feature", "properties": { "fid": 180, "sqr": 19391, "gsi": 0.0, "merchant": 0, "industrial": 0, "revolutionary": 0, "postwar": 0, "urban": 0, "stagnation": 0, "nineties": 0, "contemporary": 0, "epoque": 0, "far": 0.0, "mean_lvl": 0.0, "single": 0, "multiple": 0, "dormi": 0, "mixed": 0, "commercial": 0, "public": 0, "utility": 0, "tech": 0, "usage": 0, "low": 0, "mid": 0, "high": 0, "sky": 0, "year_formed": 1950, "year_gone": 9999 }, "geometry": { "type": "MultiPolygon", "coordinates": [ [ [ [ 37.539214179150676, 55.411248470185882 ], [ 37.537632800361507, 55.409664707401724 ], [ 37.536298494459338, 55.410089663032302 ], [ 37.537882205169801, 55.411650117560107 ], [ 37.539214179150676, 55.411248470185882 ] ] ] ] } },
{ "type": "Feature", "properties": { "fid": 181, "sqr": 13859, "gsi": 0.0, "merchant": 0, "industrial": 0, "revolutionary": 0, "postwar": 0, "urban": 0, "stagnation": 0, "nineties": 0, "contemporary": 0, "epoque": 0, "far": 0.0, "mean_lvl": 0.0, "single": 0, "multiple": 0, "dormi": 0, "mixed": 0, "commercial": 0, "public": 0, "utility": 0, "tech": 0, "usage": 0, "low": 0, "mid": 0, "high": 0, "sky": 0, "year_formed": 1948, "year_gone": 9999 }, "geometry": { "type": "MultiPolygon", "coordinates": [ [ [ [ 37.537557442489955, 55.409585739312448 ], [ 37.53654904601656, 55.408477461670103 ], [ 37.535135192401597, 55.40893516060963 ], [ 37.536219738560717, 55.410011776923909 ], [ 37.537557442489955, 55.409585739312448 ] ] ] ] } },
{ "type": "Feature", "properties": { "fid": 182, "sqr": 20590, "gsi": 0.0, "merchant": 0, "industrial": 0, "revolutionary": 0, "postwar": 0, "urban": 0, "stagnation": 0, "nineties": 0, "contemporary": 0, "epoque": 0, "far": 0.0, "mean_lvl": 0.0, "single": 0, "multiple": 0, "dormi": 0, "mixed": 0, "commercial": 0, "public": 0, "utility": 0, "tech": 0, "usage": 0, "low": 0, "mid": 0, "high": 0, "sky": 0, "year_formed": 1950, "year_gone": 9999 }, "geometry": { "type": "MultiPolygon", "coordinates": [ [ [ [ 37.54074658112561, 55.410713789132174 ], [ 37.539167842053068, 55.409174213390692 ], [ 37.537770547270718, 55.409620761328611 ], [ 37.539351209495138, 55.411203800931681 ], [ 37.54074658112561, 55.410713789132174 ] ] ] ] } },
{ "type": "Feature", "properties": { "fid": 183, "sqr": 13894, "gsi": 0.0, "merchant": 0, "industrial": 0, "revolutionary": 0, "postwar": 0, "urban": 0, "stagnation": 0, "nineties": 0, "contemporary": 0, "epoque": 0, "far": 0.0, "mean_lvl": 0.0, "single": 0, "multiple": 0, "dormi": 0, "mixed": 0, "commercial": 0, "public": 0, "utility": 0, "tech": 0, "usage": 0, "low": 0, "mid": 0, "high": 0, "sky": 0, "year_formed": 1950, "year_gone": 9999 }, "geometry": { "type": "MultiPolygon", "coordinates": [ [ [ [ 37.537695262359399, 55.409541767919464 ], [ 37.539090207458536, 55.409095971129716 ], [ 37.538034624887423, 55.407996073568377 ], [ 37.536686394686562, 55.408432976559382 ], [ 37.537695262359399, 55.409541767919464 ] ] ] ] } },
{ "type": "Feature", "properties": { "fid": 184, "sqr": 18387, "gsi": 0.0, "merchant": 0, "industrial": 0, "revolutionary": 0, "postwar": 0, "urban": 0, "stagnation": 0, "nineties": 0, "contemporary": 0, "epoque": 0, "far": 0.0, "mean_lvl": 0.0, "single": 0, "multiple": 0, "dormi": 0, "mixed": 0, "commercial": 0, "public": 0, "utility": 0, "tech": 0, "usage": 0, "low": 0, "mid": 0, "high": 0, "sky": 0, "year_formed": 1940, "year_gone": 9999 }, "geometry": { "type": "MultiPolygon", "coordinates": [ [ [ [ 37.549148950163946, 55.449760976248974 ], [ 37.549124830607603, 55.450650064678896 ], [ 37.549218435101977, 55.450649977275603 ], [ 37.551898207946472, 55.450592123655873 ], [ 37.551981889373216, 55.450549533098823 ], [ 37.552177673186947, 55.450545241866486 ], [ 37.552123748167709, 55.449903348541554 ], [ 37.552109617293503, 55.449736076481258 ], [ 37.551906895152335, 55.44973781901377 ], [ 37.549148950163946, 55.449760976248974 ] ] ] ] } },
{ "type": "Feature", "properties": { "fid": 185, "sqr": 12932, "gsi": 0.0, "merchant": 0, "industrial": 0, "revolutionary": 0, "postwar": 0, "urban": 0, "stagnation": 0, "nineties": 0, "contemporary": 0, "epoque": 0, "far": 0.0, "mean_lvl": 0.0, "single": 0, "multiple": 0, "dormi": 0, "mixed": 0, "commercial": 0, "public": 0, "utility": 0, "tech": 0, "usage": 0, "low": 0, "mid": 0, "high": 0, "sky": 0, "year_formed": 1958, "year_gone": 9999 }, "geometry": { "type": "MultiPolygon", "coordinates": [ [ [ [ 37.54691366161687, 55.449759791368827 ], [ 37.54689827499503, 55.450642630197883 ], [ 37.548966729690562, 55.450649867178115 ], [ 37.548990831697218, 55.449761556671206 ], [ 37.54691366161687, 55.449759791368827 ] ] ] ] } },
{ "type": "Feature", "properties": { "fid": 188, "sqr": 5939, "gsi": 0.0, "merchant": 0, "industrial": 0, "revolutionary": 0, "postwar": 0, "urban": 0, "stagnation": 0, "nineties": 0, "contemporary": 0, "epoque": 0, "far": 0.0, "mean_lvl": 0.0, "single": 0, "multiple": 0, "dormi": 0, "mixed": 0, "commercial": 0, "public": 0, "utility": 0, "tech": 0, "usage": 0, "low": 0, "mid": 0, "high": 0, "sky": 0, "year_formed": 1910, "year_gone": 9999 }, "geometry": { "type": "MultiPolygon", "coordinates": [ [ [ [ 37.565525974482348, 55.433610437870044 ], [ 37.565466669494, 55.433463401262394 ], [ 37.565555459295901, 55.433389409886807 ], [ 37.565623545822334, 55.433357464768662 ], [ 37.565211770001739, 55.432619790248737 ], [ 37.565054479464358, 55.432603447898551 ], [ 37.564301660126851, 55.432744214183757 ], [ 37.564765438213556, 55.433567258187551 ], [ 37.565127193815023, 55.433547722413167 ], [ 37.565312151047479, 55.433555289851654 ], [ 37.565506402100787, 55.433599216539172 ], [ 37.565525974482348, 55.433610437870044 ] ] ] ] } },
{ "type": "Feature", "properties": { "fid": 189, "sqr": 16613, "gsi": 0.0, "merchant": 0, "industrial": 0, "revolutionary": 0, "postwar": 0, "urban": 0, "stagnation": 0, "nineties": 0, "contemporary": 0, "epoque": 0, "far": 0.0, "mean_lvl": 0.0, "single": 0, "multiple": 0, "dormi": 0, "mixed": 0, "commercial": 0, "public": 0, "utility": 0, "tech": 0, "usage": 0, "low": 0, "mid": 0, "high": 0, "sky": 0, "year_formed": 1949, "year_gone": 9999 }, "geometry": { "type": "MultiPolygon", "coordinates": [ [ [ [ 37.536871827623408, 55.449751091647776 ], [ 37.536818438798448, 55.450506970043136 ], [ 37.540024927195986, 55.45048120700767 ], [ 37.540026086711165, 55.449753855840818 ], [ 37.536871827623408, 55.449751091647776 ] ] ] ] } },
{ "type": "Feature", "properties": { "fid": 191, "sqr": 11927, "gsi": 0.0, "merchant": 0, "industrial": 0, "revolutionary": 0, "postwar": 0, "urban": 0, "stagnation": 0, "nineties": 0, "contemporary": 0, "epoque": 0, "far": 0.0, "mean_lvl": 0.0, "single": 0, "multiple": 0, "dormi": 0, "mixed": 0, "commercial": 0, "public": 0, "utility": 0, "tech": 0, "usage": 0, "low": 0, "mid": 0, "high": 0, "sky": 0, "year_formed": 1915, "year_gone": 9999 }, "geometry": { "type": "MultiPolygon", "coordinates": [ [ [ [ 37.540555788001839, 55.427875712945813 ], [ 37.542113398207633, 55.427318786227623 ], [ 37.541317364268579, 55.426541689017434 ], [ 37.539716507406148, 55.427073834308388 ], [ 37.540555788001839, 55.427875712945813 ] ] ] ] } },
{ "type": "Feature", "properties": { "fid": 193, "sqr": 19364, "gsi": 0.0, "merchant": 0, "industrial": 0, "revolutionary": 0, "postwar": 0, "urban": 0, "stagnation": 0, "nineties": 0, "contemporary": 0, "epoque": 0, "far": 0.0, "mean_lvl": 0.0, "single": 0, "multiple": 0, "dormi": 0, "mixed": 0, "commercial": 0, "public": 0, "utility": 0, "tech": 0, "usage": 0, "low": 0, "mid": 0, "high": 0, "sky": 0, "year_formed": 1915, "year_gone": 9999 }, "geometry": { "type": "MultiPolygon", "coordinates": [ [ [ [ 37.544051095252094, 55.426643743231175 ], [ 37.545137453463958, 55.426297519916275 ], [ 37.545339038883725, 55.426260544024117 ], [ 37.546277049700109, 55.426277993108066 ], [ 37.546384929117444, 55.425111674771273 ], [ 37.545767586245994, 55.425112786938087 ], [ 37.543311496907116, 55.425901846152271 ], [ 37.544051095252094, 55.426643743231175 ] ] ] ] } },
{ "type": "Feature", "properties": { "fid": 195, "sqr": 5205, "gsi": 0.0, "merchant": 0, "industrial": 0, "revolutionary": 0, "postwar": 0, "urban": 0, "stagnation": 0, "nineties": 0, "contemporary": 0, "epoque": 0, "far": 0.0, "mean_lvl": 0.0, "single": 0, "multiple": 0, "dormi": 0, "mixed": 0, "commercial": 0, "public": 0, "utility": 0, "tech": 0, "usage": 0, "low": 0, "mid": 0, "high": 0, "sky": 0, "year_formed": 1958, "year_gone": 9999 }, "geometry": { "type": "MultiPolygon", "coordinates": [ [ [ [ 37.531858931232833, 55.450550892195814 ], [ 37.532704450670387, 55.450540257055252 ], [ 37.532708060679944, 55.44972395195667 ], [ 37.531856094518325, 55.449721014603341 ], [ 37.531761082198273, 55.450315484938542 ], [ 37.531858931232833, 55.450550892195814 ] ] ] ] } },
{ "type": "Feature", "properties": { "fid": 197, "sqr": 4721, "gsi": 0.0, "merchant": 0, "industrial": 0, "revolutionary": 0, "postwar": 0, "urban": 0, "stagnation": 0, "nineties": 0, "contemporary": 0, "epoque": 0, "far": 0.0, "mean_lvl": 0.0, "single": 0, "multiple": 0, "dormi": 0, "mixed": 0, "commercial": 0, "public": 0, "utility": 0, "tech": 0, "usage": 0, "low": 0, "mid": 0, "high": 0, "sky": 0, "year_formed": 1957, "year_gone": 9999 }, "geometry": { "type": "MultiPolygon", "coordinates": [ [ [ [ 37.532862546065225, 55.450538396592485 ], [ 37.533687126552174, 55.450529330637842 ], [ 37.533697573463719, 55.449724592164358 ], [ 37.532866143245279, 55.449724256191367 ], [ 37.532862546065225, 55.450538396592485 ] ] ] ] } },
{ "type": "Feature", "properties": { "fid": 198, "sqr": 9908, "gsi": 0.0, "merchant": 0, "industrial": 0, "revolutionary": 0, "postwar": 0, "urban": 0, "stagnation": 0, "nineties": 0, "contemporary": 0, "epoque": 0, "far": 0.0, "mean_lvl": 0.0, "single": 0, "multiple": 0, "dormi": 0, "mixed": 0, "commercial": 0, "public": 0, "utility": 0, "tech": 0, "usage": 0, "low": 0, "mid": 0, "high": 0, "sky": 0, "year_formed": 1951, "year_gone": 9999 }, "geometry": { "type": "MultiPolygon", "coordinates": [ [ [ [ 37.534879137525358, 55.450522510868005 ], [ 37.536255560596764, 55.450511483902858 ], [ 37.536660135137971, 55.450508239781222 ], [ 37.536713696111136, 55.44974996715451 ], [ 37.534876305270835, 55.449726066726278 ], [ 37.534879137525358, 55.450522510868005 ] ] ] ] } },
{ "type": "Feature", "properties": { "fid": 199, "sqr": 22507, "gsi": 0.0, "merchant": 0, "industrial": 0, "revolutionary": 0, "postwar": 0, "urban": 0, "stagnation": 0, "nineties": 0, "contemporary": 0, "epoque": 0, "far": 0.0, "mean_lvl": 0.0, "single": 0, "multiple": 0, "dormi": 0, "mixed": 0, "commercial": 0, "public": 0, "utility": 0, "tech": 0, "usage": 0, "low": 0, "mid": 0, "high": 0, "sky": 0, "year_formed": 1905, "year_gone": 9999 }, "geometry": { "type": "MultiPolygon", "coordinates": [ [ [ [ 37.553528660588867, 55.441155832630514 ], [ 37.55424967302735, 55.441410246976162 ], [ 37.554445925751146, 55.441510830208372 ], [ 37.554526958174669, 55.441540629922272 ], [ 37.556282678212426, 55.439767339023454 ], [ 37.55638547454425, 55.439640680875584 ], [ 37.556486266189218, 55.439516491872389 ], [ 37.556567058292813, 55.439307925280353 ], [ 37.556607120469359, 55.439128471608669 ], [ 37.556599460654013, 55.43899134655571 ], [ 37.556577149768763, 55.438935569160151 ], [ 37.556073485070314, 55.439150183315299 ], [ 37.555735248413917, 55.439257025528384 ], [ 37.555401778558959, 55.439528697322231 ], [ 37.55520585478029, 55.439584224667691 ], [ 37.554990749511354, 55.439605616952171 ], [ 37.554847461004236, 55.439612067872694 ], [ 37.554741181949851, 55.439627937602424 ], [ 37.554673220327466, 55.439664414198646 ], [ 37.554494001151689, 55.439810053751586 ], [ 37.554352097541496, 55.43999557267685 ], [ 37.554040893198582, 55.440137800869117 ], [ 37.554086496102862, 55.44022481826299 ], [ 37.554130225850059, 55.440438147867809 ], [ 37.553528660588867, 55.441155832630514 ] ] ] ] } },
{ "type": "Feature", "properties": { "fid": 200, "sqr": 108604, "gsi": 0.0, "merchant": 0, "industrial": 0, "revolutionary": 0, "postwar": 0, "urban": 0, "stagnation": 0, "nineties": 0, "contemporary": 0, "epoque": 0, "far": 0.0, "mean_lvl": 0.0, "single": 0, "multiple": 0, "dormi": 0, "mixed": 0, "commercial": 0, "public": 0, "utility": 0, "tech": 0, "usage": 0, "low": 0, "mid": 0, "high": 0, "sky": 0, "year_formed": 1964, "year_gone": 9999 }, "geometry": { "type": "MultiPolygon", "coordinates": [ [ [ [ 37.54168293649122, 55.45077195783751 ], [ 37.542194489430472, 55.450778720739102 ], [ 37.542194801105495, 55.4506714153991 ], [ 37.542196593478053, 55.450578227815235 ], [ 37.540104199777879, 55.450570426159395 ], [ 37.536813985172884, 55.450596862809718 ], [ 37.536741277553745, 55.453328980183166 ], [ 37.53695822828378, 55.453441726025268 ], [ 37.536954216585521, 55.453492492128383 ], [ 37.542030686810598, 55.453477359966222 ], [ 37.542085549673089, 55.453355015241904 ], [ 37.542201421677561, 55.453320143871984 ], [ 37.542228054123271, 55.451381778456614 ], [ 37.541906392064199, 55.451342716850462 ], [ 37.541582714069122, 55.451183243268204 ], [ 37.541591756191671, 55.450839445554294 ], [ 37.54168293649122, 55.45077195783751 ] ] ] ] } },
{ "type": "Feature", "properties": { "fid": 201, "sqr": 89808, "gsi": 0.0, "merchant": 0, "industrial": 0, "revolutionary": 0, "postwar": 0, "urban": 0, "stagnation": 0, "nineties": 0, "contemporary": 0, "epoque": 0, "far": 0.0, "mean_lvl": 0.0, "single": 0, "multiple": 0, "dormi": 0, "mixed": 0, "commercial": 0, "public": 0, "utility": 0, "tech": 0, "usage": 0, "low": 0, "mid": 0, "high": 0, "sky": 0, "year_formed": 1964, "year_gone": 9999 }, "geometry": { "type": "MultiPolygon", "coordinates": [ [ [ [ 37.536583773075186, 55.453306006612195 ], [ 37.536655846343891, 55.450598131215131 ], [ 37.536309738881293, 55.450600906572376 ], [ 37.532784730214978, 55.450629117032385 ], [ 37.531896092543271, 55.450640294913995 ], [ 37.532045355056582, 55.450999386709661 ], [ 37.531703203362945, 55.451040276783154 ], [ 37.531926959494051, 55.451602450743032 ], [ 37.531694699449481, 55.451759327634157 ], [ 37.532814552029819, 55.45362983594142 ], [ 37.533243235216581, 55.453560715449989 ], [ 37.533953296255284, 55.453450929712766 ], [ 37.534124130479732, 55.453421341104921 ], [ 37.534418486906915, 55.453375515622078 ], [ 37.536583773075186, 55.453306006612195 ] ] ] ] } },
{ "type": "Feature", "properties": { "fid": 203, "sqr": 4904, "gsi": 0.0, "merchant": 0, "industrial": 0, "revolutionary": 0, "postwar": 0, "urban": 0, "stagnation": 0, "nineties": 0, "contemporary": 0, "epoque": 0, "far": 0.0, "mean_lvl": 0.0, "single": 0, "multiple": 0, "dormi": 0, "mixed": 0, "commercial": 0, "public": 0, "utility": 0, "tech": 0, "usage": 0, "low": 0, "mid": 0, "high": 0, "sky": 0, "year_formed": 1948, "year_gone": 9999 }, "geometry": { "type": "MultiPolygon", "coordinates": [ [ [ [ 37.533845233942884, 55.450528064273307 ], [ 37.534721054255201, 55.450523553203851 ], [ 37.534718217670822, 55.449724993415742 ], [ 37.53385566038375, 55.449724655118153 ], [ 37.533845233942884, 55.450528064273307 ] ] ] ] } },
{ "type": "Feature", "properties": { "fid": 205, "sqr": 37183, "gsi": 0.0, "merchant": 0, "industrial": 0, "revolutionary": 0, "postwar": 0, "urban": 0, "stagnation": 0, "nineties": 0, "contemporary": 0, "epoque": 0, "far": 0.0, "mean_lvl": 0.0, "single": 0, "multiple": 0, "dormi": 0, "mixed": 0, "commercial": 0, "public": 0, "utility": 0, "tech": 0, "usage": 0, "low": 0, "mid": 0, "high": 0, "sky": 0, "year_formed": 1848, "year_gone": 9999 }, "geometry": { "type": "MultiPolygon", "coordinates": [ [ [ [ 37.556528979488881, 55.439678323168479 ], [ 37.5564585812511, 55.439765063229657 ], [ 37.556833263717316, 55.439858575629842 ], [ 37.557694290265403, 55.439724955818726 ], [ 37.558159830844644, 55.439445340833771 ], [ 37.558095477002659, 55.438986896896239 ], [ 37.55800908215879, 55.4382058334972 ], [ 37.557847374652312, 55.437452249765428 ], [ 37.557486961512694, 55.436857571304735 ], [ 37.556998108041846, 55.43679861624085 ], [ 37.554900971407776, 55.437704992530314 ], [ 37.556331803579724, 55.438496680152802 ], [ 37.556562738050715, 55.438670218717292 ], [ 37.556702442395725, 55.438843611736807 ], [ 37.556756939323968, 55.438979853393484 ], [ 37.556765479540061, 55.439132728340134 ], [ 37.556722941738265, 55.43932327467013 ], [ 37.556636933866386, 55.439545308081485 ], [ 37.556528979488881, 55.439678323168479 ] ] ] ] } },
{ "type": "Feature", "properties": { "fid": 206, "sqr": 22732, "gsi": 0.0, "merchant": 0, "industrial": 0, "revolutionary": 0, "postwar": 0, "urban": 0, "stagnation": 0, "nineties": 0, "contemporary": 0, "epoque": 0, "far": 0.0, "mean_lvl": 0.0, "single": 0, "multiple": 0, "dormi": 0, "mixed": 0, "commercial": 0, "public": 0, "utility": 0, "tech": 0, "usage": 0, "low": 0, "mid": 0, "high": 0, "sky": 0, "year_formed": 1949, "year_gone": 9999 }, "geometry": { "type": "MultiPolygon", "coordinates": [ [ [ [ 37.547142579931915, 55.441333164184158 ], [ 37.547719490031852, 55.440711606447657 ], [ 37.547802204718302, 55.44066561957451 ], [ 37.547932496734639, 55.440659255698399 ], [ 37.549221522882277, 55.441071180558673 ], [ 37.55016595360928, 55.439866459289952 ], [ 37.551017018926132, 55.439456177358451 ], [ 37.550359490835703, 55.438886651795713 ], [ 37.550331711111852, 55.438844457472094 ], [ 37.550256246870873, 55.438856796649716 ], [ 37.549034634969736, 55.439609183665993 ], [ 37.548819143773152, 55.44039124408679 ], [ 37.548113013455996, 55.440457804015786 ], [ 37.547396719016227, 55.440243857088042 ], [ 37.546410741037761, 55.440738263171248 ], [ 37.547213426641271, 55.441102251768356 ], [ 37.547096143131085, 55.441315146381065 ], [ 37.547142579931915, 55.441333164184158 ] ] ] ] } },
{ "type": "Feature", "properties": { "fid": 209, "sqr": 45482, "gsi": 0.0, "merchant": 0, "industrial": 0, "revolutionary": 0, "postwar": 0, "urban": 0, "stagnation": 0, "nineties": 0, "contemporary": 0, "epoque": 0, "far": 0.0, "mean_lvl": 0.0, "single": 0, "multiple": 0, "dormi": 0, "mixed": 0, "commercial": 0, "public": 0, "utility": 0, "tech": 0, "usage": 0, "low": 0, "mid": 0, "high": 0, "sky": 0, "year_formed": 1848, "year_gone": 1935 }, "geometry": { "type": "MultiPolygon", "coordinates": [ [ [ [ 37.551225194971551, 55.439473621759596 ], [ 37.552161975560544, 55.440306871491032 ], [ 37.552436920529217, 55.440184609820932 ], [ 37.552859246713339, 55.440081753662817 ], [ 37.553181094387334, 55.439967840704611 ], [ 37.553335954902714, 55.439952517927111 ], [ 37.553728244814167, 55.440007812131761 ], [ 37.553940147037977, 55.440068562020066 ], [ 37.554222702550618, 55.439939427289289 ], [ 37.554355398926063, 55.439765946209498 ], [ 37.554552979762413, 55.439605385772168 ], [ 37.554662018130799, 55.439546862384937 ], [ 37.554820939024744, 55.439523132125721 ], [ 37.55497085051023, 55.439516383046794 ], [ 37.555155945273405, 55.4394979753272 ], [ 37.555293290366905, 55.439459049974396 ], [ 37.555359699826575, 55.439398607059537 ], [ 37.555627166299168, 55.439188380303655 ], [ 37.555987315011528, 55.439074616669743 ], [ 37.556528824405433, 55.438843876656215 ], [ 37.556426261869703, 55.43871658124408 ], [ 37.556212996330792, 55.438556319817678 ], [ 37.554776445878709, 55.437761466607753 ], [ 37.551225194971551, 55.439473621759596 ] ] ] ] } },
{ "type": "Feature", "properties": { "fid": 214, "sqr": 38547, "gsi": 0.0, "merchant": 0, "industrial": 0, "revolutionary": 0, "postwar": 0, "urban": 0, "stagnation": 0, "nineties": 0, "contemporary": 0, "epoque": 0, "far": 0.0, "mean_lvl": 0.0, "single": 0, "multiple": 0, "dormi": 0, "mixed": 0, "commercial": 0, "public": 0, "utility": 0, "tech": 0, "usage": 0, "low": 0, "mid": 0, "high": 0, "sky": 0, "year_formed": 1781, "year_gone": 9999 }, "geometry": { "type": "MultiPolygon", "coordinates": [ [ [ [ 37.550466125363236, 55.43879230823827 ], [ 37.550501309091501, 55.43884574816272 ], [ 37.551138467125909, 55.439397628372504 ], [ 37.554664326147808, 55.437697717185777 ], [ 37.552631203303967, 55.43651466665186 ], [ 37.551931061195972, 55.436914146034958 ], [ 37.551619210789703, 55.437115050806213 ], [ 37.551546581114607, 55.4371746470487 ], [ 37.551594204392856, 55.437622153458925 ], [ 37.551066882217775, 55.438251684805728 ], [ 37.550708286821653, 55.438514875370316 ], [ 37.550466125363236, 55.43879230823827 ] ] ] ] } },
{ "type": "Feature", "properties": { "fid": 215, "sqr": 12406, "gsi": 0.0, "merchant": 0, "industrial": 0, "revolutionary": 0, "postwar": 0, "urban": 0, "stagnation": 0, "nineties": 0, "contemporary": 0, "epoque": 0, "far": 0.0, "mean_lvl": 0.0, "single": 0, "multiple": 0, "dormi": 0, "mixed": 0, "commercial": 0, "public": 0, "utility": 0, "tech": 0, "usage": 0, "low": 0, "mid": 0, "high": 0, "sky": 0, "year_formed": 1954, "year_gone": 9999 }, "geometry": { "type": "MultiPolygon", "coordinates": [ [ [ [ 37.539494898973388, 55.443804227504849 ], [ 37.536947019075157, 55.443744258231561 ], [ 37.536933280771429, 55.44437031315033 ], [ 37.537007827064038, 55.444459880832511 ], [ 37.539510777865459, 55.444465109075907 ], [ 37.539494898973388, 55.443804227504849 ] ] ] ] } },
{ "type": "Feature", "properties": { "fid": 217, "sqr": 6605, "gsi": 0.0, "merchant": 0, "industrial": 0, "revolutionary": 0, "postwar": 0, "urban": 0, "stagnation": 0, "nineties": 0, "contemporary": 0, "epoque": 0, "far": 0.0, "mean_lvl": 0.0, "single": 0, "multiple": 0, "dormi": 0, "mixed": 0, "commercial": 0, "public": 0, "utility": 0, "tech": 0, "usage": 0, "low": 0, "mid": 0, "high": 0, "sky": 0, "year_formed": 1958, "year_gone": 9999 }, "geometry": { "type": "MultiPolygon", "coordinates": [ [ [ [ 37.532210271499459, 55.409779122488715 ], [ 37.53173442015013, 55.409300862666996 ], [ 37.530245846080348, 55.409775597256029 ], [ 37.530747312666826, 55.410252712477117 ], [ 37.532210271499459, 55.409779122488715 ] ] ] ] } },
{ "type": "Feature", "properties": { "fid": 218, "sqr": 13234, "gsi": 0.0, "merchant": 0, "industrial": 0, "revolutionary": 0, "postwar": 0, "urban": 0, "stagnation": 0, "nineties": 0, "contemporary": 0, "epoque": 0, "far": 0.0, "mean_lvl": 0.0, "single": 0, "multiple": 0, "dormi": 0, "mixed": 0, "commercial": 0, "public": 0, "utility": 0, "tech": 0, "usage": 0, "low": 0, "mid": 0, "high": 0, "sky": 0, "year_formed": 1945, "year_gone": 9999 }, "geometry": { "type": "MultiPolygon", "coordinates": [ [ [ [ 37.543020069735199, 55.443796158933509 ], [ 37.542854467963309, 55.443806624877091 ], [ 37.539653017163715, 55.443806039830804 ], [ 37.539668900237096, 55.444466985386214 ], [ 37.542096322274169, 55.444521242570694 ], [ 37.542166477560286, 55.444269326829001 ], [ 37.542363056604586, 55.444085570812405 ], [ 37.543020069735199, 55.443796158933509 ] ] ] ] } },
{ "type": "Feature", "properties": { "fid": 219, "sqr": 10731, "gsi": 0.0, "merchant": 0, "industrial": 0, "revolutionary": 0, "postwar": 0, "urban": 0, "stagnation": 0, "nineties": 0, "contemporary": 0, "epoque": 0, "far": 0.0, "mean_lvl": 0.0, "single": 0, "multiple": 0, "dormi": 0, "mixed": 0, "commercial": 0, "public": 0, "utility": 0, "tech": 0, "usage": 0, "low": 0, "mid": 0, "high": 0, "sky": 0, "year_formed": 1956, "year_gone": 9999 }, "geometry": { "type": "MultiPolygon", "coordinates": [ [ [ [ 37.539495331224735, 55.443714138610787 ], [ 37.539514947136723, 55.443089020045491 ], [ 37.539352171871684, 55.443075226649754 ], [ 37.537954939183727, 55.443075822798527 ], [ 37.537582880037689, 55.443092494072161 ], [ 37.536985296224607, 55.443098266218527 ], [ 37.536950799983863, 55.443653802700453 ], [ 37.537453675913412, 55.443661703927695 ], [ 37.539495331224735, 55.443714138610787 ] ] ] ] } },
{ "type": "Feature", "properties": { "fid": 220, "sqr": 5921, "gsi": 0.0, "merchant": 0, "industrial": 0, "revolutionary": 0, "postwar": 0, "urban": 0, "stagnation": 0, "nineties": 0, "contemporary": 0, "epoque": 0, "far": 0.0, "mean_lvl": 0.0, "single": 0, "multiple": 0, "dormi": 0, "mixed": 0, "commercial": 0, "public": 0, "utility": 0, "tech": 0, "usage": 0, "low": 0, "mid": 0, "high": 0, "sky": 0, "year_formed": 1954, "year_gone": 9999 }, "geometry": { "type": "MultiPolygon", "coordinates": [ [ [ [ 37.530167025053331, 55.409697732882584 ], [ 37.531656636914157, 55.409222667611303 ], [ 37.531227635070451, 55.408791295768502 ], [ 37.529749810559281, 55.409269105990738 ], [ 37.530167025053331, 55.409697732882584 ] ] ] ] } },
{ "type": "Feature", "properties": { "fid": 221, "sqr": 5897, "gsi": 0.0, "merchant": 0, "industrial": 0, "revolutionary": 0, "postwar": 0, "urban": 0, "stagnation": 0, "nineties": 0, "contemporary": 0, "epoque": 0, "far": 0.0, "mean_lvl": 0.0, "single": 0, "multiple": 0, "dormi": 0, "mixed": 0, "commercial": 0, "public": 0, "utility": 0, "tech": 0, "usage": 0, "low": 0, "mid": 0, "high": 0, "sky": 0, "year_formed": 1957, "year_gone": 9999 }, "geometry": { "type": "MultiPolygon", "coordinates": [ [ [ [ 37.533674045129267, 55.409305075795054 ], [ 37.533203557650033, 55.408829520162122 ], [ 37.531872072603292, 55.409256824395101 ], [ 37.532347524668914, 55.409734681235172 ], [ 37.533674045129267, 55.409305075795054 ] ] ] ] } },
{ "type": "Feature", "properties": { "fid": 222, "sqr": 18118, "gsi": 0.0, "merchant": 0, "industrial": 0, "revolutionary": 0, "postwar": 0, "urban": 0, "stagnation": 0, "nineties": 0, "contemporary": 0, "epoque": 0, "far": 0.0, "mean_lvl": 0.0, "single": 0, "multiple": 0, "dormi": 0, "mixed": 0, "commercial": 0, "public": 0, "utility": 0, "tech": 0, "usage": 0, "low": 0, "mid": 0, "high": 0, "sky": 0, "year_formed": 1946, "year_gone": 9999 }, "geometry": { "type": "MultiPolygon", "coordinates": [ [ [ [ 37.530689968349982, 55.410374660525157 ], [ 37.529507696711292, 55.410757550341387 ], [ 37.531161168906685, 55.412398423294938 ], [ 37.532336725496187, 55.412002242550436 ], [ 37.530689968349982, 55.410374660525157 ] ] ] ] } },
{ "type": "Feature", "properties": { "fid": 223, "sqr": 5202, "gsi": 0.0, "merchant": 0, "industrial": 0, "revolutionary": 0, "postwar": 0, "urban": 0, "stagnation": 0, "nineties": 0, "contemporary": 0, "epoque": 0, "far": 0.0, "mean_lvl": 0.0, "single": 0, "multiple": 0, "dormi": 0, "mixed": 0, "commercial": 0, "public": 0, "utility": 0, "tech": 0, "usage": 0, "low": 0, "mid": 0, "high": 0, "sky": 0, "year_formed": 1956, "year_gone": 9999 }, "geometry": { "type": "MultiPolygon", "coordinates": [ [ [ [ 37.530108226731016, 55.409819730267365 ], [ 37.528982114264245, 55.41018296937299 ], [ 37.529432206473885, 55.410678612363618 ], [ 37.530610026775747, 55.410297164369666 ], [ 37.530108226731016, 55.409819730267365 ] ] ] ] } },
{ "type": "Feature", "properties": { "fid": 224, "sqr": 5182, "gsi": 0.0, "merchant": 0, "industrial": 0, "revolutionary": 0, "postwar": 0, "urban": 0, "stagnation": 0, "nineties": 0, "contemporary": 0, "epoque": 0, "far": 0.0, "mean_lvl": 0.0, "single": 0, "multiple": 0, "dormi": 0, "mixed": 0, "commercial": 0, "public": 0, "utility": 0, "tech": 0, "usage": 0, "low": 0, "mid": 0, "high": 0, "sky": 0, "year_formed": 1781, "year_gone": 9999 }, "geometry": { "type": "MultiPolygon", "coordinates": [ [ [ [ 37.52884455237195, 55.410227232528477 ], [ 37.527693075230289, 55.410596897641035 ], [ 37.528159649230489, 55.411090784493553 ], [ 37.529294846647169, 55.410723099890923 ], [ 37.52884455237195, 55.410227232528477 ] ] ] ] } },
{ "type": "Feature", "properties": { "fid": 225, "sqr": 12436, "gsi": 0.0, "merchant": 0, "industrial": 0, "revolutionary": 0, "postwar": 0, "urban": 0, "stagnation": 0, "nineties": 0, "contemporary": 0, "epoque": 0, "far": 0.0, "mean_lvl": 0.0, "single": 0, "multiple": 0, "dormi": 0, "mixed": 0, "commercial": 0, "public": 0, "utility": 0, "tech": 0, "usage": 0, "low": 0, "mid": 0, "high": 0, "sky": 0, "year_formed": 1958, "year_gone": 9999 }, "geometry": { "type": "MultiPolygon", "coordinates": [ [ [ [ 37.52755573882456, 55.410641309075388 ], [ 37.524807914820791, 55.411536018304012 ], [ 37.525284356223324, 55.412021844736586 ], [ 37.528022359453722, 55.411135247079386 ], [ 37.52755573882456, 55.410641309075388 ] ] ] ] } },
{ "type": "Feature", "properties": { "fid": 226, "sqr": 15984, "gsi": 0.0, "merchant": 0, "industrial": 0, "revolutionary": 0, "postwar": 0, "urban": 0, "stagnation": 0, "nineties": 0, "contemporary": 0, "epoque": 0, "far": 0.0, "mean_lvl": 0.0, "single": 0, "multiple": 0, "dormi": 0, "mixed": 0, "commercial": 0, "public": 0, "utility": 0, "tech": 0, "usage": 0, "low": 0, "mid": 0, "high": 0, "sky": 0, "year_formed": 1946, "year_gone": 9999 }, "geometry": { "type": "MultiPolygon", "coordinates": [ [ [ [ 37.531237639223065, 55.41247708246356 ], [ 37.531820818332776, 55.413100722908901 ], [ 37.530611463824471, 55.413522197642948 ], [ 37.53100157975225, 55.413897275995282 ], [ 37.533445832184263, 55.41309834733422 ], [ 37.53241552192749, 55.412080117580139 ], [ 37.531237639223065, 55.41247708246356 ] ] ] ] } },
{ "type": "Feature", "properties": { "fid": 227, "sqr": 5686, "gsi": 0.0, "merchant": 0, "industrial": 0, "revolutionary": 0, "postwar": 0, "urban": 0, "stagnation": 0, "nineties": 0, "contemporary": 0, "epoque": 0, "far": 0.0, "mean_lvl": 0.0, "single": 0, "multiple": 0, "dormi": 0, "mixed": 0, "commercial": 0, "public": 0, "utility": 0, "tech": 0, "usage": 0, "low": 0, "mid": 0, "high": 0, "sky": 0, "year_formed": 1946, "year_gone": 9999 }, "geometry": { "type": "MultiPolygon", "coordinates": [ [ [ [ 37.531100915743764, 55.412522177471857 ], [ 37.529975329432517, 55.412885981866332 ], [ 37.530532284326, 55.413444424052827 ], [ 37.53161158175444, 55.413068277002004 ], [ 37.531100915743764, 55.412522177471857 ] ] ] ] } },
{ "type": "Feature", "properties": { "fid": 228, "sqr": 17354, "gsi": 0.0, "merchant": 0, "industrial": 0, "revolutionary": 0, "postwar": 0, "urban": 0, "stagnation": 0, "nineties": 0, "contemporary": 0, "epoque": 0, "far": 0.0, "mean_lvl": 0.0, "single": 0, "multiple": 0, "dormi": 0, "mixed": 0, "commercial": 0, "public": 0, "utility": 0, "tech": 0, "usage": 0, "low": 0, "mid": 0, "high": 0, "sky": 0, "year_formed": 1946, "year_gone": 9999 }, "geometry": { "type": "MultiPolygon", "coordinates": [ [ [ [ 37.528236460638226, 55.41116929489511 ], [ 37.529896922131435, 55.412807987028025 ], [ 37.53102456481524, 55.412443518187779 ], [ 37.529370449652021, 55.410802001504308 ], [ 37.528236460638226, 55.41116929489511 ] ] ] ] } },
{ "type": "Feature", "properties": { "fid": 229, "sqr": 7757, "gsi": 0.0, "merchant": 0, "industrial": 0, "revolutionary": 0, "postwar": 0, "urban": 0, "stagnation": 0, "nineties": 0, "contemporary": 0, "epoque": 0, "far": 0.0, "mean_lvl": 0.0, "single": 0, "multiple": 0, "dormi": 0, "mixed": 0, "commercial": 0, "public": 0, "utility": 0, "tech": 0, "usage": 0, "low": 0, "mid": 0, "high": 0, "sky": 0, "year_formed": 1956, "year_gone": 9999 }, "geometry": { "type": "MultiPolygon", "coordinates": [ [ [ [ 37.5298384887707, 55.412930847288116 ], [ 37.529025146901766, 55.4132012762541 ], [ 37.530036927937054, 55.414212559761268 ], [ 37.530864621868531, 55.413942039653186 ], [ 37.530435570327548, 55.413529524667283 ], [ 37.5298384887707, 55.412930847288116 ] ] ] ] } },
{ "type": "Feature", "properties": { "fid": 230, "sqr": 12416, "gsi": 0.0, "merchant": 0, "industrial": 0, "revolutionary": 0, "postwar": 0, "urban": 0, "stagnation": 0, "nineties": 0, "contemporary": 0, "epoque": 0, "far": 0.0, "mean_lvl": 0.0, "single": 0, "multiple": 0, "dormi": 0, "mixed": 0, "commercial": 0, "public": 0, "utility": 0, "tech": 0, "usage": 0, "low": 0, "mid": 0, "high": 0, "sky": 0, "year_formed": 1957, "year_gone": 9999 }, "geometry": { "type": "MultiPolygon", "coordinates": [ [ [ [ 37.52730234766468, 55.411471788774101 ], [ 37.52894714887681, 55.413123140967095 ], [ 37.529760081581223, 55.412852848193275 ], [ 37.528099209277002, 55.411213744991691 ], [ 37.52730234766468, 55.411471788774101 ] ] ] ] } },
{ "type": "Feature", "properties": { "fid": 231, "sqr": 13438, "gsi": 0.0, "merchant": 0, "industrial": 0, "revolutionary": 0, "postwar": 0, "urban": 0, "stagnation": 0, "nineties": 0, "contemporary": 0, "epoque": 0, "far": 0.0, "mean_lvl": 0.0, "single": 0, "multiple": 0, "dormi": 0, "mixed": 0, "commercial": 0, "public": 0, "utility": 0, "tech": 0, "usage": 0, "low": 0, "mid": 0, "high": 0, "sky": 0, "year_formed": 1959, "year_gone": 9999 }, "geometry": { "type": "MultiPolygon", "coordinates": [ [ [ [ 37.526285296019473, 55.411801123112213 ], [ 37.527954817649395, 55.413453084115815 ], [ 37.528810780767579, 55.413168482282728 ], [ 37.527165093104195, 55.411516234375533 ], [ 37.526285296019473, 55.411801123112213 ] ] ] ] } },
{ "type": "Feature", "properties": { "fid": 232, "sqr": 12514, "gsi": 0.0, "merchant": 0, "industrial": 0, "revolutionary": 0, "postwar": 0, "urban": 0, "stagnation": 0, "nineties": 0, "contemporary": 0, "epoque": 0, "far": 0.0, "mean_lvl": 0.0, "single": 0, "multiple": 0, "dormi": 0, "mixed": 0, "commercial": 0, "public": 0, "utility": 0, "tech": 0, "usage": 0, "low": 0, "mid": 0, "high": 0, "sky": 0, "year_formed": 1957, "year_gone": 9999 }, "geometry": { "type": "MultiPolygon", "coordinates": [ [ [ [ 37.525361209651791, 55.41210034194885 ], [ 37.526995305345658, 55.413772152685112 ], [ 37.527818459692298, 55.413498425013451 ], [ 37.5261480381564, 55.411845567891184 ], [ 37.525361209651791, 55.41210034194885 ] ] ] ] } },
{ "type": "Feature", "properties": { "fid": 233, "sqr": 6073, "gsi": 0.0, "merchant": 0, "industrial": 0, "revolutionary": 0, "postwar": 0, "urban": 0, "stagnation": 0, "nineties": 0, "contemporary": 0, "epoque": 0, "far": 0.0, "mean_lvl": 0.0, "single": 0, "multiple": 0, "dormi": 0, "mixed": 0, "commercial": 0, "public": 0, "utility": 0, "tech": 0, "usage": 0, "low": 0, "mid": 0, "high": 0, "sky": 0, "year_formed": 1957, "year_gone": 9999 }, "geometry": { "type": "MultiPolygon", "coordinates": [ [ [ [ 37.536087376260483, 55.407896610778508 ], [ 37.536607253555694, 55.408355222474519 ], [ 37.537957812626381, 55.407917565048876 ], [ 37.537485543172693, 55.407444178901436 ], [ 37.536087376260483, 55.407896610778508 ] ] ] ] } },
{ "type": "Feature", "properties": { "fid": 234, "sqr": 5517, "gsi": 0.0, "merchant": 0, "industrial": 0, "revolutionary": 0, "postwar": 0, "urban": 0, "stagnation": 0, "nineties": 0, "contemporary": 0, "epoque": 0, "far": 0.0, "mean_lvl": 0.0, "single": 0, "multiple": 0, "dormi": 0, "mixed": 0, "commercial": 0, "public": 0, "utility": 0, "tech": 0, "usage": 0, "low": 0, "mid": 0, "high": 0, "sky": 0, "year_formed": 1962, "year_gone": 9999 }, "geometry": { "type": "MultiPolygon", "coordinates": [ [ [ [ 37.535000823890741, 55.404771375081268 ], [ 37.535441351820673, 55.405212924345392 ], [ 37.536762278591333, 55.404803277991746 ], [ 37.53628791981108, 55.404340110958302 ], [ 37.535000823890741, 55.404771375081268 ] ] ] ] } },
{ "type": "Feature", "properties": { "fid": 235, "sqr": 5361, "gsi": 0.0, "merchant": 0, "industrial": 0, "revolutionary": 0, "postwar": 0, "urban": 0, "stagnation": 0, "nineties": 0, "contemporary": 0, "epoque": 0, "far": 0.0, "mean_lvl": 0.0, "single": 0, "multiple": 0, "dormi": 0, "mixed": 0, "commercial": 0, "public": 0, "utility": 0, "tech": 0, "usage": 0, "low": 0, "mid": 0, "high": 0, "sky": 0, "year_formed": 1955, "year_gone": 9999 }, "geometry": { "type": "MultiPolygon", "coordinates": [ [ [ [ 37.532697218205804, 55.408317499273778 ], [ 37.531364983960238, 55.40874695414098 ], [ 37.531794289678139, 55.409178630020072 ], [ 37.533126109270228, 55.408751218667973 ], [ 37.532697218205804, 55.408317499273778 ] ] ] ] } },
{ "type": "Feature", "properties": { "fid": 236, "sqr": 5163, "gsi": 0.0, "merchant": 0, "industrial": 0, "revolutionary": 0, "postwar": 0, "urban": 0, "stagnation": 0, "nineties": 0, "contemporary": 0, "epoque": 0, "far": 0.0, "mean_lvl": 0.0, "single": 0, "multiple": 0, "dormi": 0, "mixed": 0, "commercial": 0, "public": 0, "utility": 0, "tech": 0, "usage": 0, "low": 0, "mid": 0, "high": 0, "sky": 0, "year_formed": 1960, "year_gone": 9999 }, "geometry": { "type": "MultiPolygon", "coordinates": [ [ [ [ 37.537117345944274, 55.406893005146465 ], [ 37.537544661550143, 55.40732141850139 ], [ 37.538843131196764, 55.406896196728489 ], [ 37.538428956262578, 55.406474679318372 ], [ 37.537117345944274, 55.406893005146465 ] ] ] ] } },
{ "type": "Feature", "properties": { "fid": 237, "sqr": 14526, "gsi": 0.0, "merchant": 0, "industrial": 0, "revolutionary": 0, "postwar": 0, "urban": 0, "stagnation": 0, "nineties": 0, "contemporary": 0, "epoque": 0, "far": 0.0, "mean_lvl": 0.0, "single": 0, "multiple": 0, "dormi": 0, "mixed": 0, "commercial": 0, "public": 0, "utility": 0, "tech": 0, "usage": 0, "low": 0, "mid": 0, "high": 0, "sky": 0, "year_formed": 1943, "year_gone": 9999 }, "geometry": { "type": "MultiPolygon", "coordinates": [ [ [ [ 37.542203396468679, 55.408031983348657 ], [ 37.541147560449154, 55.406987867722286 ], [ 37.539636359501799, 55.407477405405935 ], [ 37.540726731125623, 55.408501714733767 ], [ 37.542203396468679, 55.408031983348657 ] ] ] ] } },
{ "type": "Feature", "properties": { "fid": 238, "sqr": 6027, "gsi": 0.0, "merchant": 0, "industrial": 0, "revolutionary": 0, "postwar": 0, "urban": 0, "stagnation": 0, "nineties": 0, "contemporary": 0, "epoque": 0, "far": 0.0, "mean_lvl": 0.0, "single": 0, "multiple": 0, "dormi": 0, "mixed": 0, "commercial": 0, "public": 0, "utility": 0, "tech": 0, "usage": 0, "low": 0, "mid": 0, "high": 0, "sky": 0, "year_formed": 1960, "year_gone": 9999 }, "geometry": { "type": "MultiPolygon", "coordinates": [ [ [ [ 37.536548804640987, 55.406323059650887 ], [ 37.537039400167494, 55.406814863319546 ], [ 37.538350768090609, 55.406396615051612 ], [ 37.537843117751912, 55.405899161803625 ], [ 37.536548804640987, 55.406323059650887 ] ] ] ] } },
{ "type": "Feature", "properties": { "fid": 239, "sqr": 5823, "gsi": 0.0, "merchant": 0, "industrial": 0, "revolutionary": 0, "postwar": 0, "urban": 0, "stagnation": 0, "nineties": 0, "contemporary": 0, "epoque": 0, "far": 0.0, "mean_lvl": 0.0, "single": 0, "multiple": 0, "dormi": 0, "mixed": 0, "commercial": 0, "public": 0, "utility": 0, "tech": 0, "usage": 0, "low": 0, "mid": 0, "high": 0, "sky": 0, "year_formed": 1990, "year_gone": 9999 }, "geometry": { "type": "MultiPolygon", "coordinates": [ [ [ [ 37.538922215511448, 55.406973966202088 ], [ 37.537622610759172, 55.407399559946541 ], [ 37.538095046560038, 55.407873111183989 ], [ 37.53941759975654, 55.407444869790787 ], [ 37.538922215511448, 55.406973966202088 ] ] ] ] } },
{ "type": "Feature", "properties": { "fid": 240, "sqr": 5546, "gsi": 0.0, "merchant": 0, "industrial": 0, "revolutionary": 0, "postwar": 0, "urban": 0, "stagnation": 0, "nineties": 0, "contemporary": 0, "epoque": 0, "far": 0.0, "mean_lvl": 0.0, "single": 0, "multiple": 0, "dormi": 0, "mixed": 0, "commercial": 0, "public": 0, "utility": 0, "tech": 0, "usage": 0, "low": 0, "mid": 0, "high": 0, "sky": 0, "year_formed": 1960, "year_gone": 9999 }, "geometry": { "type": "MultiPolygon", "coordinates": [ [ [ [ 37.536006878489921, 55.405779832495703 ], [ 37.536470853784785, 55.40624491942566 ], [ 37.537762737741595, 55.405821817403805 ], [ 37.537283301036737, 55.405368549691126 ], [ 37.536006878489921, 55.405779832495703 ] ] ] ] } },
{ "type": "Feature", "properties": { "fid": 241, "sqr": 4873, "gsi": 0.0, "merchant": 0, "industrial": 0, "revolutionary": 0, "postwar": 0, "urban": 0, "stagnation": 0, "nineties": 0, "contemporary": 0, "epoque": 0, "far": 0.0, "mean_lvl": 0.0, "single": 0, "multiple": 0, "dormi": 0, "mixed": 0, "commercial": 0, "public": 0, "utility": 0, "tech": 0, "usage": 0, "low": 0, "mid": 0, "high": 0, "sky": 0, "year_formed": 1962, "year_gone": 9999 }, "geometry": { "type": "MultiPolygon", "coordinates": [ [ [ [ 37.535519314831198, 55.405291073556839 ], [ 37.535928929116444, 55.405701693951336 ], [ 37.537206436897179, 55.405290061697407 ], [ 37.536838139525301, 55.404882078859288 ], [ 37.535519314831198, 55.405291073556839 ] ] ] ] } },
{ "type": "Feature", "properties": { "fid": 242, "sqr": 5862, "gsi": 0.0, "merchant": 0, "industrial": 0, "revolutionary": 0, "postwar": 0, "urban": 0, "stagnation": 0, "nineties": 0, "contemporary": 0, "epoque": 0, "far": 0.0, "mean_lvl": 0.0, "single": 0, "multiple": 0, "dormi": 0, "mixed": 0, "commercial": 0, "public": 0, "utility": 0, "tech": 0, "usage": 0, "low": 0, "mid": 0, "high": 0, "sky": 0, "year_formed": 1964, "year_gone": 9999 }, "geometry": { "type": "MultiPolygon", "coordinates": [ [ [ [ 37.534864755014262, 55.40481698587957 ], [ 37.533451960762982, 55.405290744473248 ], [ 37.53389757564829, 55.40573202482809 ], [ 37.535304096127284, 55.405257347097482 ], [ 37.534864755014262, 55.40481698587957 ] ] ] ] } },
{ "type": "Feature", "properties": { "fid": 243, "sqr": 5557, "gsi": 0.0, "merchant": 0, "industrial": 0, "revolutionary": 0, "postwar": 0, "urban": 0, "stagnation": 0, "nineties": 0, "contemporary": 0, "epoque": 0, "far": 0.0, "mean_lvl": 0.0, "single": 0, "multiple": 0, "dormi": 0, "mixed": 0, "commercial": 0, "public": 0, "utility": 0, "tech": 0, "usage": 0, "low": 0, "mid": 0, "high": 0, "sky": 0, "year_formed": 1959, "year_gone": 9999 }, "geometry": { "type": "MultiPolygon", "coordinates": [ [ [ [ 37.535582774840989, 55.407400451401642 ], [ 37.536006026849002, 55.40781957111151 ], [ 37.537407595491636, 55.407366038763705 ], [ 37.536980232949468, 55.406937576859846 ], [ 37.535582774840989, 55.407400451401642 ] ] ] ] } },
{ "type": "Feature", "properties": { "fid": 244, "sqr": 6297, "gsi": 0.0, "merchant": 0, "industrial": 0, "revolutionary": 0, "postwar": 0, "urban": 0, "stagnation": 0, "nineties": 0, "contemporary": 0, "epoque": 0, "far": 0.0, "mean_lvl": 0.0, "single": 0, "multiple": 0, "dormi": 0, "mixed": 0, "commercial": 0, "public": 0, "utility": 0, "tech": 0, "usage": 0, "low": 0, "mid": 0, "high": 0, "sky": 0, "year_formed": 1961, "year_gone": 9999 }, "geometry": { "type": "MultiPolygon", "coordinates": [ [ [ [ 37.535032622405346, 55.40685580051391 ], [ 37.535504093308489, 55.407322548197193 ], [ 37.536902283785913, 55.406859431335043 ], [ 37.536413233030402, 55.406369174555792 ], [ 37.535032622405346, 55.40685580051391 ] ] ] ] } },
{ "type": "Feature", "properties": { "fid": 245, "sqr": 6168, "gsi": 0.0, "merchant": 0, "industrial": 0, "revolutionary": 0, "postwar": 0, "urban": 0, "stagnation": 0, "nineties": 0, "contemporary": 0, "epoque": 0, "far": 0.0, "mean_lvl": 0.0, "single": 0, "multiple": 0, "dormi": 0, "mixed": 0, "commercial": 0, "public": 0, "utility": 0, "tech": 0, "usage": 0, "low": 0, "mid": 0, "high": 0, "sky": 0, "year_formed": 1959, "year_gone": 9999 }, "geometry": { "type": "MultiPolygon", "coordinates": [ [ [ [ 37.534480824022843, 55.406309410004759 ], [ 37.534953899114029, 55.406777856413363 ], [ 37.536335226478329, 55.406290978062252 ], [ 37.535870814260399, 55.405825451575303 ], [ 37.534480824022843, 55.406309410004759 ] ] ] ] } },
{ "type": "Feature", "properties": { "fid": 246, "sqr": 5523, "gsi": 0.0, "merchant": 0, "industrial": 0, "revolutionary": 0, "postwar": 0, "urban": 0, "stagnation": 0, "nineties": 0, "contemporary": 0, "epoque": 0, "far": 0.0, "mean_lvl": 0.0, "single": 0, "multiple": 0, "dormi": 0, "mixed": 0, "commercial": 0, "public": 0, "utility": 0, "tech": 0, "usage": 0, "low": 0, "mid": 0, "high": 0, "sky": 0, "year_formed": 1960, "year_gone": 9999 }, "geometry": { "type": "MultiPolygon", "coordinates": [ [ [ [ 37.53397626369626, 55.405809933011987 ], [ 37.534402111284038, 55.406231480106605 ], [ 37.535792822931434, 55.405747270743511 ], [ 37.535382061467466, 55.405335498928608 ], [ 37.53397626369626, 55.405809933011987 ] ] ] ] } },
{ "type": "Feature", "properties": { "fid": 247, "sqr": 4885, "gsi": 0.0, "merchant": 0, "industrial": 0, "revolutionary": 0, "postwar": 0, "urban": 0, "stagnation": 0, "nineties": 0, "contemporary": 0, "epoque": 0, "far": 0.0, "mean_lvl": 0.0, "single": 0, "multiple": 0, "dormi": 0, "mixed": 0, "commercial": 0, "public": 0, "utility": 0, "tech": 0, "usage": 0, "low": 0, "mid": 0, "high": 0, "sky": 0, "year_formed": 1957, "year_gone": 9999 }, "geometry": { "type": "MultiPolygon", "coordinates": [ [ [ [ 37.53491928849148, 55.408901694235155 ], [ 37.534441269217368, 55.408429239497487 ], [ 37.533340969912437, 55.408785241451838 ], [ 37.533811286814732, 55.409260622999099 ], [ 37.53491928849148, 55.408901694235155 ] ] ] ] } },
{ "type": "Feature", "properties": { "fid": 248, "sqr": 4598, "gsi": 0.0, "merchant": 0, "industrial": 0, "revolutionary": 0, "postwar": 0, "urban": 0, "stagnation": 0, "nineties": 0, "contemporary": 0, "epoque": 0, "far": 0.0, "mean_lvl": 0.0, "single": 0, "multiple": 0, "dormi": 0, "mixed": 0, "commercial": 0, "public": 0, "utility": 0, "tech": 0, "usage": 0, "low": 0, "mid": 0, "high": 0, "sky": 0, "year_formed": 1962, "year_gone": 9999 }, "geometry": { "type": "MultiPolygon", "coordinates": [ [ [ [ 37.532243693878961, 55.406257091722587 ], [ 37.531804806630021, 55.405823290308653 ], [ 37.530671070380905, 55.406193384456301 ], [ 37.531116036856488, 55.406624532417474 ], [ 37.532243693878961, 55.406257091722587 ] ] ] ] } },
{ "type": "Feature", "properties": { "fid": 249, "sqr": 4346, "gsi": 0.0, "merchant": 0, "industrial": 0, "revolutionary": 0, "postwar": 0, "urban": 0, "stagnation": 0, "nineties": 0, "contemporary": 0, "epoque": 0, "far": 0.0, "mean_lvl": 0.0, "single": 0, "multiple": 0, "dormi": 0, "mixed": 0, "commercial": 0, "public": 0, "utility": 0, "tech": 0, "usage": 0, "low": 0, "mid": 0, "high": 0, "sky": 0, "year_formed": 1959, "year_gone": 9999 }, "geometry": { "type": "MultiPolygon", "coordinates": [ [ [ [ 37.533940323844732, 55.407934120863018 ], [ 37.53283539065955, 55.408273991026704 ], [ 37.533263520679519, 55.408706939274403 ], [ 37.53436248313178, 55.408351370065688 ], [ 37.533940323844732, 55.407934120863018 ] ] ] ] } },
{ "type": "Feature", "properties": { "fid": 250, "sqr": 4741, "gsi": 0.0, "merchant": 0, "industrial": 0, "revolutionary": 0, "postwar": 0, "urban": 0, "stagnation": 0, "nineties": 0, "contemporary": 0, "epoque": 0, "far": 0.0, "mean_lvl": 0.0, "single": 0, "multiple": 0, "dormi": 0, "mixed": 0, "commercial": 0, "public": 0, "utility": 0, "tech": 0, "usage": 0, "low": 0, "mid": 0, "high": 0, "sky": 0, "year_formed": 2000, "year_gone": 9999 }, "geometry": { "type": "MultiPolygon", "coordinates": [ [ [ [ 37.533861511231606, 55.407856224891141 ], [ 37.533391338636171, 55.4073915196035 ], [ 37.532262890919817, 55.407767105570812 ], [ 37.532753728341859, 55.408196971352815 ], [ 37.533861511231606, 55.407856224891141 ] ] ] ] } },
{ "type": "Feature", "properties": { "fid": 251, "sqr": 5159, "gsi": 0.0, "merchant": 0, "industrial": 0, "revolutionary": 0, "postwar": 0, "urban": 0, "stagnation": 0, "nineties": 0, "contemporary": 0, "epoque": 0, "far": 0.0, "mean_lvl": 0.0, "single": 0, "multiple": 0, "dormi": 0, "mixed": 0, "commercial": 0, "public": 0, "utility": 0, "tech": 0, "usage": 0, "low": 0, "mid": 0, "high": 0, "sky": 0, "year_formed": 1968, "year_gone": 9999 }, "geometry": { "type": "MultiPolygon", "coordinates": [ [ [ [ 37.533312559061521, 55.407313647591138 ], [ 37.532829877043909, 55.406836473248873 ], [ 37.531683353988889, 55.407203621397379 ], [ 37.532180116257301, 55.407690563012899 ], [ 37.533312559061521, 55.407313647591138 ] ] ] ] } },
{ "type": "Feature", "properties": { "fid": 252, "sqr": 4481, "gsi": 0.0, "merchant": 0, "industrial": 0, "revolutionary": 0, "postwar": 0, "urban": 0, "stagnation": 0, "nineties": 0, "contemporary": 0, "epoque": 0, "far": 0.0, "mean_lvl": 0.0, "single": 0, "multiple": 0, "dormi": 0, "mixed": 0, "commercial": 0, "public": 0, "utility": 0, "tech": 0, "usage": 0, "low": 0, "mid": 0, "high": 0, "sky": 0, "year_formed": 1962, "year_gone": 9999 }, "geometry": { "type": "MultiPolygon", "coordinates": [ [ [ [ 37.532751096310477, 55.406758599702137 ], [ 37.532322476185016, 55.406334959853133 ], [ 37.531194253348708, 55.406702585131626 ], [ 37.531605482200909, 55.407125456559697 ], [ 37.532751096310477, 55.406758599702137 ] ] ] ] } },
{ "type": "Feature", "properties": { "fid": 253, "sqr": 6156, "gsi": 0.0, "merchant": 0, "industrial": 0, "revolutionary": 0, "postwar": 0, "urban": 0, "stagnation": 0, "nineties": 0, "contemporary": 0, "epoque": 0, "far": 0.0, "mean_lvl": 0.0, "single": 0, "multiple": 0, "dormi": 0, "mixed": 0, "commercial": 0, "public": 0, "utility": 0, "tech": 0, "usage": 0, "low": 0, "mid": 0, "high": 0, "sky": 0, "year_formed": 1953, "year_gone": 9999 }, "geometry": { "type": "MultiPolygon", "coordinates": [ [ [ [ 37.535949892851328, 55.407941097511298 ], [ 37.534578544473327, 55.40838482292375 ], [ 37.535056536288337, 55.408857248887884 ], [ 37.536469803459582, 55.408399740076263 ], [ 37.535949892851328, 55.407941097511298 ] ] ] ] } },
{ "type": "Feature", "properties": { "fid": 254, "sqr": 5619, "gsi": 0.0, "merchant": 0, "industrial": 0, "revolutionary": 0, "postwar": 0, "urban": 0, "stagnation": 0, "nineties": 0, "contemporary": 0, "epoque": 0, "far": 0.0, "mean_lvl": 0.0, "single": 0, "multiple": 0, "dormi": 0, "mixed": 0, "commercial": 0, "public": 0, "utility": 0, "tech": 0, "usage": 0, "low": 0, "mid": 0, "high": 0, "sky": 0, "year_formed": 1961, "year_gone": 9999 }, "geometry": { "type": "MultiPolygon", "coordinates": [ [ [ [ 37.53331525362632, 55.405335712317274 ], [ 37.531941974140757, 55.405778776212038 ], [ 37.532381226939393, 55.406212937435654 ], [ 37.533760640745967, 55.405776768638312 ], [ 37.53331525362632, 55.405335712317274 ] ] ] ] } },
{ "type": "Feature", "properties": { "fid": 255, "sqr": 5351, "gsi": 0.0, "merchant": 0, "industrial": 0, "revolutionary": 0, "postwar": 0, "urban": 0, "stagnation": 0, "nineties": 0, "contemporary": 0, "epoque": 0, "far": 0.0, "mean_lvl": 0.0, "single": 0, "multiple": 0, "dormi": 0, "mixed": 0, "commercial": 0, "public": 0, "utility": 0, "tech": 0, "usage": 0, "low": 0, "mid": 0, "high": 0, "sky": 0, "year_formed": 1957, "year_gone": 9999 }, "geometry": { "type": "MultiPolygon", "coordinates": [ [ [ [ 37.534499758209428, 55.408306953576727 ], [ 37.535868755684611, 55.407863989134718 ], [ 37.535445997739842, 55.407445357220368 ], [ 37.534078332015262, 55.407890430390303 ], [ 37.534499758209428, 55.408306953576727 ] ] ] ] } },
{ "type": "Feature", "properties": { "fid": 256, "sqr": 5973, "gsi": 0.0, "merchant": 0, "industrial": 0, "revolutionary": 0, "postwar": 0, "urban": 0, "stagnation": 0, "nineties": 0, "contemporary": 0, "epoque": 0, "far": 0.0, "mean_lvl": 0.0, "single": 0, "multiple": 0, "dormi": 0, "mixed": 0, "commercial": 0, "public": 0, "utility": 0, "tech": 0, "usage": 0, "low": 0, "mid": 0, "high": 0, "sky": 0, "year_formed": 1960, "year_gone": 9999 }, "geometry": { "type": "MultiPolygon", "coordinates": [ [ [ [ 37.535367317495115, 55.407367454983188 ], [ 37.534896882042688, 55.406901730791766 ], [ 37.533528055051235, 55.407346554252101 ], [ 37.533999547034128, 55.407812561969962 ], [ 37.535367317495115, 55.407367454983188 ] ] ] ] } },
{ "type": "Feature", "properties": { "fid": 257, "sqr": 6062, "gsi": 0.0, "merchant": 0, "industrial": 0, "revolutionary": 0, "postwar": 0, "urban": 0, "stagnation": 0, "nineties": 0, "contemporary": 0, "epoque": 0, "far": 0.0, "mean_lvl": 0.0, "single": 0, "multiple": 0, "dormi": 0, "mixed": 0, "commercial": 0, "public": 0, "utility": 0, "tech": 0, "usage": 0, "low": 0, "mid": 0, "high": 0, "sky": 0, "year_formed": 1959, "year_gone": 9999 }, "geometry": { "type": "MultiPolygon", "coordinates": [ [ [ [ 37.534818201394117, 55.406823828890772 ], [ 37.534344509519443, 55.406354770143018 ], [ 37.532967619865033, 55.406792524478064 ], [ 37.533449276809904, 55.407268683797838 ], [ 37.534818201394117, 55.406823828890772 ] ] ] ] } },
{ "type": "Feature", "properties": { "fid": 258, "sqr": 5429, "gsi": 0.0, "merchant": 0, "industrial": 0, "revolutionary": 0, "postwar": 0, "urban": 0, "stagnation": 0, "nineties": 0, "contemporary": 0, "epoque": 0, "far": 0.0, "mean_lvl": 0.0, "single": 0, "multiple": 0, "dormi": 0, "mixed": 0, "commercial": 0, "public": 0, "utility": 0, "tech": 0, "usage": 0, "low": 0, "mid": 0, "high": 0, "sky": 0, "year_formed": 1960, "year_gone": 9999 }, "geometry": { "type": "MultiPolygon", "coordinates": [ [ [ [ 37.534265821201139, 55.406276863947333 ], [ 37.533839329302829, 55.405854677602882 ], [ 37.532460018245395, 55.406290814189681 ], [ 37.532888836372841, 55.406714648264682 ], [ 37.534265821201139, 55.406276863947333 ] ] ] ] } },
{ "type": "Feature", "properties": { "fid": 259, "sqr": 11297, "gsi": 0.0, "merchant": 0, "industrial": 0, "revolutionary": 0, "postwar": 0, "urban": 0, "stagnation": 0, "nineties": 0, "contemporary": 0, "epoque": 0, "far": 0.0, "mean_lvl": 0.0, "single": 0, "multiple": 0, "dormi": 0, "mixed": 0, "commercial": 0, "public": 0, "utility": 0, "tech": 0, "usage": 0, "low": 0, "mid": 0, "high": 0, "sky": 0, "year_formed": 1958, "year_gone": 9999 }, "geometry": { "type": "MultiPolygon", "coordinates": [ [ [ [ 37.527480893022272, 55.410562156392999 ], [ 37.52707236231246, 55.410130548368876 ], [ 37.524189871165682, 55.411061504130146 ], [ 37.524172649773924, 55.411152364758053 ], [ 37.524227308754703, 55.411152986363845 ], [ 37.524359313193656, 55.411190364849681 ], [ 37.524480402838456, 55.411253028144074 ], [ 37.524599155221679, 55.411335994965633 ], [ 37.524728687298328, 55.411458291865038 ], [ 37.527480893022272, 55.410562156392999 ] ] ] ] } },
{ "type": "Feature", "properties": { "fid": 260, "sqr": 21743, "gsi": 0.0, "merchant": 0, "industrial": 0, "revolutionary": 0, "postwar": 0, "urban": 0, "stagnation": 0, "nineties": 0, "contemporary": 0, "epoque": 0, "far": 0.0, "mean_lvl": 0.0, "single": 0, "multiple": 0, "dormi": 0, "mixed": 0, "commercial": 0, "public": 0, "utility": 0, "tech": 0, "usage": 0, "low": 0, "mid": 0, "high": 0, "sky": 0, "year_formed": 1942, "year_gone": 9999 }, "geometry": { "type": "MultiPolygon", "coordinates": [ [ [ [ 37.543861072267653, 55.409694201757063 ], [ 37.542281736172072, 55.408110001339651 ], [ 37.540806671692764, 55.408579223789346 ], [ 37.542399518038742, 55.410171876753196 ], [ 37.543861072267653, 55.409694201757063 ] ] ] ] } },
{ "type": "Feature", "properties": { "fid": 261, "sqr": 13607, "gsi": 0.0, "merchant": 0, "industrial": 0, "revolutionary": 0, "postwar": 0, "urban": 0, "stagnation": 0, "nineties": 0, "contemporary": 0, "epoque": 0, "far": 0.0, "mean_lvl": 0.0, "single": 0, "multiple": 0, "dormi": 0, "mixed": 0, "commercial": 0, "public": 0, "utility": 0, "tech": 0, "usage": 0, "low": 0, "mid": 0, "high": 0, "sky": 0, "year_formed": 1955, "year_gone": 9999 }, "geometry": { "type": "MultiPolygon", "coordinates": [ [ [ [ 37.539225483938466, 55.409049444006477 ], [ 37.540591403693782, 55.408548024783379 ], [ 37.539499070412013, 55.407521869269416 ], [ 37.538171880322963, 55.407951612352008 ], [ 37.539225483938466, 55.409049444006477 ] ] ] ] } },
{ "type": "Feature", "properties": { "fid": 262, "sqr": 20500, "gsi": 0.0, "merchant": 0, "industrial": 0, "revolutionary": 0, "postwar": 0, "urban": 0, "stagnation": 0, "nineties": 0, "contemporary": 0, "epoque": 0, "far": 0.0, "mean_lvl": 0.0, "single": 0, "multiple": 0, "dormi": 0, "mixed": 0, "commercial": 0, "public": 0, "utility": 0, "tech": 0, "usage": 0, "low": 0, "mid": 0, "high": 0, "sky": 0, "year_formed": 1941, "year_gone": 9999 }, "geometry": { "type": "MultiPolygon", "coordinates": [ [ [ [ 37.542262616972721, 55.410216671349403 ], [ 37.540671358963756, 55.408625601090556 ], [ 37.539303145319359, 55.409127862614859 ], [ 37.540882278480645, 55.41066781754521 ], [ 37.542262616972721, 55.410216671349403 ] ] ] ] } },
{ "type": "Feature", "properties": { "fid": 263, "sqr": 12281, "gsi": 0.0, "merchant": 0, "industrial": 0, "revolutionary": 0, "postwar": 0, "urban": 0, "stagnation": 0, "nineties": 0, "contemporary": 0, "epoque": 0, "far": 0.0, "mean_lvl": 0.0, "single": 0, "multiple": 0, "dormi": 0, "mixed": 0, "commercial": 0, "public": 0, "utility": 0, "tech": 0, "usage": 0, "low": 0, "mid": 0, "high": 0, "sky": 0, "year_formed": 1949, "year_gone": 9999 }, "geometry": { "type": "MultiPolygon", "coordinates": [ [ [ [ 37.545710678965442, 55.405383492350026 ], [ 37.546828382038498, 55.40652087460797 ], [ 37.547850885917228, 55.4062054939726 ], [ 37.546959542553068, 55.404943893075291 ], [ 37.545710678965442, 55.405383492350026 ] ] ] ] } },
{ "type": "Feature", "properties": { "fid": 264, "sqr": 2915, "gsi": 0.0, "merchant": 0, "industrial": 0, "revolutionary": 0, "postwar": 0, "urban": 0, "stagnation": 0, "nineties": 0, "contemporary": 0, "epoque": 0, "far": 0.0, "mean_lvl": 0.0, "single": 0, "multiple": 0, "dormi": 0, "mixed": 0, "commercial": 0, "public": 0, "utility": 0, "tech": 0, "usage": 0, "low": 0, "mid": 0, "high": 0, "sky": 0, "year_formed": 1961, "year_gone": 9999 }, "geometry": { "type": "MultiPolygon", "coordinates": [ [ [ [ 37.549142796714165, 55.407183138541257 ], [ 37.54974504168058, 55.40780323846289 ], [ 37.550206939815894, 55.407656258149629 ], [ 37.549723408706178, 55.407016873796643 ], [ 37.549142796714165, 55.407183138541257 ] ] ] ] } },
{ "type": "Feature", "properties": { "fid": 265, "sqr": 14530, "gsi": 0.0, "merchant": 0, "industrial": 0, "revolutionary": 0, "postwar": 0, "urban": 0, "stagnation": 0, "nineties": 0, "contemporary": 0, "epoque": 0, "far": 0.0, "mean_lvl": 0.0, "single": 0, "multiple": 0, "dormi": 0, "mixed": 0, "commercial": 0, "public": 0, "utility": 0, "tech": 0, "usage": 0, "low": 0, "mid": 0, "high": 0, "sky": 0, "year_formed": 1941, "year_gone": 9999 }, "geometry": { "type": "MultiPolygon", "coordinates": [ [ [ [ 37.543813723133091, 55.407496387698515 ], [ 37.542709896836222, 55.406439766751539 ], [ 37.541283372268772, 55.406942008886631 ], [ 37.542340455859133, 55.407987354668016 ], [ 37.543813723133091, 55.407496387698515 ] ] ] ] } },
{ "type": "Feature", "properties": { "fid": 266, "sqr": 21723, "gsi": 0.0, "merchant": 0, "industrial": 0, "revolutionary": 0, "postwar": 0, "urban": 0, "stagnation": 0, "nineties": 0, "contemporary": 0, "epoque": 0, "far": 0.0, "mean_lvl": 0.0, "single": 0, "multiple": 0, "dormi": 0, "mixed": 0, "commercial": 0, "public": 0, "utility": 0, "tech": 0, "usage": 0, "low": 0, "mid": 0, "high": 0, "sky": 0, "year_formed": 1941, "year_gone": 9999 }, "geometry": { "type": "MultiPolygon", "coordinates": [ [ [ [ 37.545444444375818, 55.409176678426483 ], [ 37.543892172531336, 55.40757437044001 ], [ 37.542418797598529, 55.408065373559737 ], [ 37.543998010649467, 55.409649445043996 ], [ 37.545444444375818, 55.409176678426483 ] ] ] ] } },
{ "type": "Feature", "properties": { "fid": 267, "sqr": 14592, "gsi": 0.0, "merchant": 0, "industrial": 0, "revolutionary": 0, "postwar": 0, "urban": 0, "stagnation": 0, "nineties": 0, "contemporary": 0, "epoque": 0, "far": 0.0, "mean_lvl": 0.0, "single": 0, "multiple": 0, "dormi": 0, "mixed": 0, "commercial": 0, "public": 0, "utility": 0, "tech": 0, "usage": 0, "low": 0, "mid": 0, "high": 0, "sky": 0, "year_formed": 1944, "year_gone": 9999 }, "geometry": { "type": "MultiPolygon", "coordinates": [ [ [ [ 37.544214011117973, 55.405910344889904 ], [ 37.545324056147841, 55.40703450906706 ], [ 37.546691293243967, 55.406565476963308 ], [ 37.545576261102816, 55.405430808761949 ], [ 37.544214011117973, 55.405910344889904 ] ] ] ] } },
{ "type": "Feature", "properties": { "fid": 268, "sqr": 19711, "gsi": 0.0, "merchant": 0, "industrial": 0, "revolutionary": 0, "postwar": 0, "urban": 0, "stagnation": 0, "nineties": 0, "contemporary": 0, "epoque": 0, "far": 0.0, "mean_lvl": 0.0, "single": 0, "multiple": 0, "dormi": 0, "mixed": 0, "commercial": 0, "public": 0, "utility": 0, "tech": 0, "usage": 0, "low": 0, "mid": 0, "high": 0, "sky": 0, "year_formed": 1941, "year_gone": 9999 }, "geometry": { "type": "MultiPolygon", "coordinates": [ [ [ [ 37.545403450988481, 55.40711218897853 ], [ 37.547044452195237, 55.408662534253089 ], [ 37.548329266233019, 55.40825373370464 ], [ 37.546768010409586, 55.406644075216953 ], [ 37.545403450988481, 55.40711218897853 ] ] ] ] } },
{ "type": "Feature", "properties": { "fid": 269, "sqr": 12657, "gsi": 0.0, "merchant": 0, "industrial": 0, "revolutionary": 0, "postwar": 0, "urban": 0, "stagnation": 0, "nineties": 0, "contemporary": 0, "epoque": 0, "far": 0.0, "mean_lvl": 0.0, "single": 0, "multiple": 0, "dormi": 0, "mixed": 0, "commercial": 0, "public": 0, "utility": 0, "tech": 0, "usage": 0, "low": 0, "mid": 0, "high": 0, "sky": 0, "year_formed": 1941, "year_gone": 9999 }, "geometry": { "type": "MultiPolygon", "coordinates": [ [ [ [ 37.545186683659679, 55.407078822667991 ], [ 37.544079602488424, 55.4059576561962 ], [ 37.542844205313749, 55.406392486566553 ], [ 37.543951602777689, 55.407452522438909 ], [ 37.545186683659679, 55.407078822667991 ] ] ] ] } },
{ "type": "Feature", "properties": { "fid": 270, "sqr": 18716, "gsi": 0.0, "merchant": 0, "industrial": 0, "revolutionary": 0, "postwar": 0, "urban": 0, "stagnation": 0, "nineties": 0, "contemporary": 0, "epoque": 0, "far": 0.0, "mean_lvl": 0.0, "single": 0, "multiple": 0, "dormi": 0, "mixed": 0, "commercial": 0, "public": 0, "utility": 0, "tech": 0, "usage": 0, "low": 0, "mid": 0, "high": 0, "sky": 0, "year_formed": 1941, "year_gone": 9999 }, "geometry": { "type": "MultiPolygon", "coordinates": [ [ [ [ 37.546906548993732, 55.408706410812712 ], [ 37.545266079729274, 55.407156562856557 ], [ 37.544030039248554, 55.407530553239411 ], [ 37.545581360317719, 55.409131874085581 ], [ 37.546028367484503, 55.408985815210698 ], [ 37.546906548993732, 55.408706410812712 ] ] ] ] } },
{ "type": "Feature", "properties": { "fid": 271, "sqr": 16633, "gsi": 0.0, "merchant": 0, "industrial": 0, "revolutionary": 0, "postwar": 0, "urban": 0, "stagnation": 0, "nineties": 0, "contemporary": 0, "epoque": 0, "far": 0.0, "mean_lvl": 0.0, "single": 0, "multiple": 0, "dormi": 0, "mixed": 0, "commercial": 0, "public": 0, "utility": 0, "tech": 0, "usage": 0, "low": 0, "mid": 0, "high": 0, "sky": 0, "year_formed": 1948, "year_gone": 9999 }, "geometry": { "type": "MultiPolygon", "coordinates": [ [ [ [ 37.549607214013506, 55.407847095965117 ], [ 37.548965441456161, 55.407186293415471 ], [ 37.548164760522099, 55.406415111631659 ], [ 37.547935585052137, 55.406281570454659 ], [ 37.546905064540375, 55.406599423977141 ], [ 37.548467097105302, 55.408209877536947 ], [ 37.549607214013506, 55.407847095965117 ] ] ] ] } },
{ "type": "Feature", "properties": { "fid": 272, "sqr": 27501, "gsi": 0.0, "merchant": 0, "industrial": 0, "revolutionary": 0, "postwar": 0, "urban": 0, "stagnation": 0, "nineties": 0, "contemporary": 0, "epoque": 0, "far": 0.0, "mean_lvl": 0.0, "single": 0, "multiple": 0, "dormi": 0, "mixed": 0, "commercial": 0, "public": 0, "utility": 0, "tech": 0, "usage": 0, "low": 0, "mid": 0, "high": 0, "sky": 0, "year_formed": 1974, "year_gone": 9999 }, "geometry": { "type": "MultiPolygon", "coordinates": [ [ [ [ 37.537344784884901, 55.405246670003706 ], [ 37.538901698055213, 55.404770789007095 ], [ 37.537289332543146, 55.403237133194295 ], [ 37.534422705554498, 55.404254187746957 ], [ 37.534487262206696, 55.404330295714395 ], [ 37.534917841270605, 55.404694910495422 ], [ 37.536344480099345, 55.404216889033975 ], [ 37.536940670423512, 55.404799011850777 ], [ 37.537344784884901, 55.405246670003706 ] ] ] ] } },
{ "type": "Feature", "properties": { "fid": 273, "sqr": 5672, "gsi": 0.0, "merchant": 0, "industrial": 0, "revolutionary": 0, "postwar": 0, "urban": 0, "stagnation": 0, "nineties": 0, "contemporary": 0, "epoque": 0, "far": 0.0, "mean_lvl": 0.0, "single": 0, "multiple": 0, "dormi": 0, "mixed": 0, "commercial": 0, "public": 0, "utility": 0, "tech": 0, "usage": 0, "low": 0, "mid": 0, "high": 0, "sky": 0, "year_formed": 1959, "year_gone": 9999 }, "geometry": { "type": "MultiPolygon", "coordinates": [ [ [ [ 37.53076418510291, 55.408218746490284 ], [ 37.531282939497949, 55.408670133882481 ], [ 37.532615279840755, 55.408240645135713 ], [ 37.532124654606676, 55.407810963781387 ], [ 37.531375199535027, 55.408035719849117 ], [ 37.53076418510291, 55.408218746490284 ] ] ] ] } },
{ "type": "Feature", "properties": { "fid": 274, "sqr": 6336, "gsi": 0.0, "merchant": 0, "industrial": 0, "revolutionary": 0, "postwar": 0, "urban": 0, "stagnation": 0, "nineties": 0, "contemporary": 0, "epoque": 0, "far": 0.0, "mean_lvl": 0.0, "single": 0, "multiple": 0, "dormi": 0, "mixed": 0, "commercial": 0, "public": 0, "utility": 0, "tech": 0, "usage": 0, "low": 0, "mid": 0, "high": 0, "sky": 0, "year_formed": 1955, "year_gone": 9999 }, "geometry": { "type": "MultiPolygon", "coordinates": [ [ [ [ 37.529197357826099, 55.408727678278971 ], [ 37.52967180205097, 55.409190984521935 ], [ 37.531145321644424, 55.408714566483944 ], [ 37.530625263154626, 55.408262042880999 ], [ 37.529197357826099, 55.408727678278971 ] ] ] ] } },
{ "type": "Feature", "properties": { "fid": 275, "sqr": 8943, "gsi": 0.0, "merchant": 0, "industrial": 0, "revolutionary": 0, "postwar": 0, "urban": 0, "stagnation": 0, "nineties": 0, "contemporary": 0, "epoque": 0, "far": 0.0, "mean_lvl": 0.0, "single": 0, "multiple": 0, "dormi": 0, "mixed": 0, "commercial": 0, "public": 0, "utility": 0, "tech": 0, "usage": 0, "low": 0, "mid": 0, "high": 0, "sky": 0, "year_formed": 1961, "year_gone": 9999 }, "geometry": { "type": "MultiPolygon", "coordinates": [ [ [ [ 37.526995932766752, 55.41005191641144 ], [ 37.526747228479046, 55.409802803280506 ], [ 37.526323570145685, 55.409744603221164 ], [ 37.526207446212801, 55.409787440396457 ], [ 37.524415091992481, 55.41047909852518 ], [ 37.523927560184823, 55.410673083111739 ], [ 37.523926963060376, 55.410741701759449 ], [ 37.524146718662635, 55.410972124883159 ], [ 37.526995932766752, 55.41005191641144 ] ] ] ] } },
{ "type": "Feature", "properties": { "fid": 276, "sqr": 4615, "gsi": 0.0, "merchant": 0, "industrial": 0, "revolutionary": 0, "postwar": 0, "urban": 0, "stagnation": 0, "nineties": 0, "contemporary": 0, "epoque": 0, "far": 0.0, "mean_lvl": 0.0, "single": 0, "multiple": 0, "dormi": 0, "mixed": 0, "commercial": 0, "public": 0, "utility": 0, "tech": 0, "usage": 0, "low": 0, "mid": 0, "high": 0, "sky": 0, "year_formed": 1956, "year_gone": 9999 }, "geometry": { "type": "MultiPolygon", "coordinates": [ [ [ [ 37.528772229005178, 55.410147284870085 ], [ 37.528377985856892, 55.409709677530955 ], [ 37.527209766527257, 55.410086214062019 ], [ 37.527618237228019, 55.410517757121376 ], [ 37.528772229005178, 55.410147284870085 ] ] ] ] } },
{ "type": "Feature", "properties": { "fid": 277, "sqr": 4763, "gsi": 0.0, "merchant": 0, "industrial": 0, "revolutionary": 0, "postwar": 0, "urban": 0, "stagnation": 0, "nineties": 0, "contemporary": 0, "epoque": 0, "far": 0.0, "mean_lvl": 0.0, "single": 0, "multiple": 0, "dormi": 0, "mixed": 0, "commercial": 0, "public": 0, "utility": 0, "tech": 0, "usage": 0, "low": 0, "mid": 0, "high": 0, "sky": 0, "year_formed": 1958, "year_gone": 9999 }, "geometry": { "type": "MultiPolygon", "coordinates": [ [ [ [ 37.528300695509508, 55.409631324253958 ], [ 37.527823840489653, 55.409188317515138 ], [ 37.526963964012637, 55.409509855561247 ], [ 37.526506888007859, 55.409677356059916 ], [ 37.526850771418367, 55.409724596696734 ], [ 37.527133304560749, 55.410007593582996 ], [ 37.528300695509508, 55.409631324253958 ] ] ] ] } },
{ "type": "Feature", "properties": { "fid": 278, "sqr": 4404, "gsi": 0.0, "merchant": 0, "industrial": 0, "revolutionary": 0, "postwar": 0, "urban": 0, "stagnation": 0, "nineties": 0, "contemporary": 0, "epoque": 0, "far": 0.0, "mean_lvl": 0.0, "single": 0, "multiple": 0, "dormi": 0, "mixed": 0, "commercial": 0, "public": 0, "utility": 0, "tech": 0, "usage": 0, "low": 0, "mid": 0, "high": 0, "sky": 0, "year_formed": 1956, "year_gone": 9999 }, "geometry": { "type": "MultiPolygon", "coordinates": [ [ [ [ 37.528515573252427, 55.409665419591583 ], [ 37.528909802470075, 55.410103009816559 ], [ 37.530029450637954, 55.409741856009205 ], [ 37.529612381031576, 55.409313376440423 ], [ 37.528515573252427, 55.409665419591583 ] ] ] ] } },
{ "type": "Feature", "properties": { "fid": 279, "sqr": 4792, "gsi": 0.0, "merchant": 0, "industrial": 0, "revolutionary": 0, "postwar": 0, "urban": 0, "stagnation": 0, "nineties": 0, "contemporary": 0, "epoque": 0, "far": 0.0, "mean_lvl": 0.0, "single": 0, "multiple": 0, "dormi": 0, "mixed": 0, "commercial": 0, "public": 0, "utility": 0, "tech": 0, "usage": 0, "low": 0, "mid": 0, "high": 0, "sky": 0, "year_formed": 1959, "year_gone": 9999 }, "geometry": { "type": "MultiPolygon", "coordinates": [ [ [ [ 37.527955217196514, 55.409138330738266 ], [ 37.528438251728566, 55.409587076931381 ], [ 37.529534367983501, 55.409235255940871 ], [ 37.529060015765275, 55.408772037951778 ], [ 37.528146153036332, 55.4090643140674 ], [ 37.527955217196514, 55.409138330738266 ] ] ] ] } },
{ "type": "Feature", "properties": { "fid": 280, "sqr": 137962, "gsi": 0.0, "merchant": 0, "industrial": 0, "revolutionary": 0, "postwar": 0, "urban": 0, "stagnation": 0, "nineties": 0, "contemporary": 0, "epoque": 0, "far": 0.0, "mean_lvl": 0.0, "single": 0, "multiple": 0, "dormi": 0, "mixed": 0, "commercial": 0, "public": 0, "utility": 0, "tech": 0, "usage": 0, "low": 0, "mid": 0, "high": 0, "sky": 0, "year_formed": 1900, "year_gone": 9999 }, "geometry": { "type": "MultiPolygon", "coordinates": [ [ [ [ 37.548701481593021, 55.414474724243732 ], [ 37.549628118088002, 55.413087685780873 ], [ 37.550048939120614, 55.412404861243878 ], [ 37.550305159796181, 55.411700780504297 ], [ 37.550492186373042, 55.411107351756343 ], [ 37.550895890048366, 55.409725786343323 ], [ 37.550965227848565, 55.408997571929135 ], [ 37.550821725429131, 55.409018564094119 ], [ 37.547284033018876, 55.41018748967921 ], [ 37.545234297059373, 55.410872865272083 ], [ 37.546002179194744, 55.411615944277223 ], [ 37.546176366419537, 55.411780825876804 ], [ 37.546212318827337, 55.411905169984642 ], [ 37.546177485305634, 55.412026644412165 ], [ 37.544842220140445, 55.413965316113433 ], [ 37.54569096796623, 55.414090384853878 ], [ 37.546374258802643, 55.414174586544355 ], [ 37.547239552748543, 55.41428041241511 ], [ 37.548343939736824, 55.41440621209432 ], [ 37.548701481593021, 55.414474724243732 ] ] ] ] } },
{ "type": "Feature", "properties": { "fid": 281, "sqr": 6756, "gsi": 0.0, "merchant": 0, "industrial": 0, "revolutionary": 0, "postwar": 0, "urban": 0, "stagnation": 0, "nineties": 0, "contemporary": 0, "epoque": 0, "far": 0.0, "mean_lvl": 0.0, "single": 0, "multiple": 0, "dormi": 0, "mixed": 0, "commercial": 0, "public": 0, "utility": 0, "tech": 0, "usage": 0, "low": 0, "mid": 0, "high": 0, "sky": 0, "year_formed": 1959, "year_gone": 9999 }, "geometry": { "type": "MultiPolygon", "coordinates": [ [ [ [ 37.540589705316066, 55.406436817823838 ], [ 37.53905940414969, 55.406929430972099 ], [ 37.539554871504542, 55.407400411976411 ], [ 37.541068772051567, 55.406910000111921 ], [ 37.540589705316066, 55.406436817823838 ] ] ] ] } },
{ "type": "Feature", "properties": { "fid": 282, "sqr": 14030, "gsi": 0.0, "merchant": 0, "industrial": 0, "revolutionary": 0, "postwar": 0, "urban": 0, "stagnation": 0, "nineties": 0, "contemporary": 0, "epoque": 0, "far": 0.0, "mean_lvl": 0.0, "single": 0, "multiple": 0, "dormi": 0, "mixed": 0, "commercial": 0, "public": 0, "utility": 0, "tech": 0, "usage": 0, "low": 0, "mid": 0, "high": 0, "sky": 0, "year_formed": 1962, "year_gone": 9999 }, "geometry": { "type": "MultiPolygon", "coordinates": [ [ [ [ 37.539522771273418, 55.405382961538905 ], [ 37.537981113913361, 55.405855455381136 ], [ 37.538527902321931, 55.406391258071416 ], [ 37.538980291490859, 55.406851666074012 ], [ 37.540510482085203, 55.406359088831223 ], [ 37.539522771273418, 55.405382961538905 ] ] ] ] } },
{ "type": "Feature", "properties": { "fid": 283, "sqr": 6553, "gsi": 0.0, "merchant": 0, "industrial": 0, "revolutionary": 0, "postwar": 0, "urban": 0, "stagnation": 0, "nineties": 0, "contemporary": 0, "epoque": 0, "far": 0.0, "mean_lvl": 0.0, "single": 0, "multiple": 0, "dormi": 0, "mixed": 0, "commercial": 0, "public": 0, "utility": 0, "tech": 0, "usage": 0, "low": 0, "mid": 0, "high": 0, "sky": 0, "year_formed": 1962, "year_gone": 9999 }, "geometry": { "type": "MultiPolygon", "coordinates": [ [ [ [ 37.538981732102648, 55.404848317488245 ], [ 37.537421697944254, 55.405325152757882 ], [ 37.537900731141598, 55.405778037442296 ], [ 37.539443947819976, 55.405305066033605 ], [ 37.538981732102648, 55.404848317488245 ] ] ] ] } },
{ "type": "Feature", "properties": { "fid": 284, "sqr": 9017, "gsi": 0.0, "merchant": 0, "industrial": 0, "revolutionary": 0, "postwar": 0, "urban": 0, "stagnation": 0, "nineties": 0, "contemporary": 0, "epoque": 0, "far": 0.0, "mean_lvl": 0.0, "single": 0, "multiple": 0, "dormi": 0, "mixed": 0, "commercial": 0, "public": 0, "utility": 0, "tech": 0, "usage": 0, "low": 0, "mid": 0, "high": 0, "sky": 0, "year_formed": 1925, "year_gone": 9999 }, "geometry": { "type": "MultiPolygon", "coordinates": [ [ [ [ 37.537476371532719, 55.426737182787086 ], [ 37.538207405083568, 55.427471176980283 ], [ 37.539500310092308, 55.427041510866637 ], [ 37.538739534631347, 55.426287034549389 ], [ 37.537476371532719, 55.426737182787086 ] ] ] ] } },
{ "type": "Feature", "properties": { "fid": 285, "sqr": 14064, "gsi": 0.0, "merchant": 0, "industrial": 0, "revolutionary": 0, "postwar": 0, "urban": 0, "stagnation": 0, "nineties": 0, "contemporary": 0, "epoque": 0, "far": 0.0, "mean_lvl": 0.0, "single": 0, "multiple": 0, "dormi": 0, "mixed": 0, "commercial": 0, "public": 0, "utility": 0, "tech": 0, "usage": 0, "low": 0, "mid": 0, "high": 0, "sky": 0, "year_formed": 1910, "year_gone": 9999 }, "geometry": { "type": "MultiPolygon", "coordinates": [ [ [ [ 37.539826961048028, 55.434147026424341 ], [ 37.538593693004621, 55.434659249939003 ], [ 37.538512712878408, 55.434712551780386 ], [ 37.539633470057773, 55.435671595388918 ], [ 37.541027307388376, 55.435147296781004 ], [ 37.541067383810187, 55.435139623896283 ], [ 37.539826961048028, 55.434147026424341 ] ] ] ] } },
{ "type": "Feature", "properties": { "fid": 292, "sqr": 19457, "gsi": 0.0, "merchant": 0, "industrial": 0, "revolutionary": 0, "postwar": 0, "urban": 0, "stagnation": 0, "nineties": 0, "contemporary": 0, "epoque": 0, "far": 0.0, "mean_lvl": 0.0, "single": 0, "multiple": 0, "dormi": 0, "mixed": 0, "commercial": 0, "public": 0, "utility": 0, "tech": 0, "usage": 0, "low": 0, "mid": 0, "high": 0, "sky": 0, "year_formed": 1954, "year_gone": 9999 }, "geometry": { "type": "MultiPolygon", "coordinates": [ [ [ [ 37.539584357003349, 55.405263756695369 ], [ 37.540578867799447, 55.404984294444198 ], [ 37.540125214376232, 55.404508682696708 ], [ 37.538329160921819, 55.402843922793394 ], [ 37.537471364881718, 55.403100544560196 ], [ 37.537406024912286, 55.403173114657051 ], [ 37.539079991392214, 55.404765358020363 ], [ 37.539584357003349, 55.405263756695369 ] ] ] ] } },
{ "type": "Feature", "properties": { "fid": 293, "sqr": 28269, "gsi": 0.0, "merchant": 0, "industrial": 0, "revolutionary": 0, "postwar": 0, "urban": 0, "stagnation": 0, "nineties": 0, "contemporary": 0, "epoque": 0, "far": 0.0, "mean_lvl": 0.0, "single": 0, "multiple": 0, "dormi": 0, "mixed": 0, "commercial": 0, "public": 0, "utility": 0, "tech": 0, "usage": 0, "low": 0, "mid": 0, "high": 0, "sky": 0, "year_formed": 1960, "year_gone": 9999 }, "geometry": { "type": "MultiPolygon", "coordinates": [ [ [ [ 37.540221285018269, 55.404425993944919 ], [ 37.54205431962567, 55.403844776736598 ], [ 37.540314883608538, 55.402217830727537 ], [ 37.538468237539746, 55.402801099855374 ], [ 37.540221285018269, 55.404425993944919 ] ] ] ] } },
{ "type": "Feature", "properties": { "fid": 294, "sqr": 27410, "gsi": 0.0, "merchant": 0, "industrial": 0, "revolutionary": 0, "postwar": 0, "urban": 0, "stagnation": 0, "nineties": 0, "contemporary": 0, "epoque": 0, "far": 0.0, "mean_lvl": 0.0, "single": 0, "multiple": 0, "dormi": 0, "mixed": 0, "commercial": 0, "public": 0, "utility": 0, "tech": 0, "usage": 0, "low": 0, "mid": 0, "high": 0, "sky": 0, "year_formed": 1961, "year_gone": 9999 }, "geometry": { "type": "MultiPolygon", "coordinates": [ [ [ [ 37.542191602187842, 55.403800308841419 ], [ 37.54393413037463, 55.403223119191104 ], [ 37.542384174583603, 55.401634199086345 ], [ 37.541393118882731, 55.401895106286133 ], [ 37.5404540836482, 55.402175161817375 ], [ 37.542191602187842, 55.403800308841419 ] ] ] ] } },
{ "type": "Feature", "properties": { "fid": 295, "sqr": 22437, "gsi": 0.0, "merchant": 0, "industrial": 0, "revolutionary": 0, "postwar": 0, "urban": 0, "stagnation": 0, "nineties": 0, "contemporary": 0, "epoque": 0, "far": 0.0, "mean_lvl": 0.0, "single": 0, "multiple": 0, "dormi": 0, "mixed": 0, "commercial": 0, "public": 0, "utility": 0, "tech": 0, "usage": 0, "low": 0, "mid": 0, "high": 0, "sky": 0, "year_formed": 1964, "year_gone": 9999 }, "geometry": { "type": "MultiPolygon", "coordinates": [ [ [ [ 37.544071783445823, 55.40317910080347 ], [ 37.545627052588273, 55.402699102269978 ], [ 37.544777906445688, 55.401843811432045 ], [ 37.544648064584926, 55.401617975961209 ], [ 37.544628535538649, 55.401278104876852 ], [ 37.543993803928466, 55.401269534643212 ], [ 37.543930852767673, 55.401248422989589 ], [ 37.54362803384857, 55.401333351254387 ], [ 37.543237455116838, 55.401433184846319 ], [ 37.542529735101837, 55.401598292943689 ], [ 37.544071783445823, 55.40317910080347 ] ] ] ] } },
{ "type": "Feature", "properties": { "fid": 296, "sqr": 371821, "gsi": 0.0, "merchant": 0, "industrial": 0, "revolutionary": 0, "postwar": 0, "urban": 0, "stagnation": 0, "nineties": 0, "contemporary": 0, "epoque": 0, "far": 0.0, "mean_lvl": 0.0, "single": 0, "multiple": 0, "dormi": 0, "mixed": 0, "commercial": 0, "public": 0, "utility": 0, "tech": 0, "usage": 0, "low": 0, "mid": 0, "high": 0, "sky": 0, "year_formed": 1930, "year_gone": 9999 }, "geometry": { "type": "MultiPolygon", "coordinates": [ [ [ [ 37.534418995796969, 55.419805028145596 ], [ 37.532028535300391, 55.420424084095934 ], [ 37.531307912458622, 55.420610801396094 ], [ 37.531160691821853, 55.420653161619775 ], [ 37.530926907469805, 55.420757948672374 ], [ 37.53062676232647, 55.421018534865063 ], [ 37.529935356618708, 55.421727595993332 ], [ 37.526675752889012, 55.425233537156764 ], [ 37.533485505364311, 55.427363670352285 ], [ 37.534410698988331, 55.426453999696186 ], [ 37.536070070545819, 55.425891101928848 ], [ 37.537849091888646, 55.425313102760605 ], [ 37.539514924601562, 55.424781949152489 ], [ 37.536718546895216, 55.422051510383397 ], [ 37.534418995796969, 55.419805028145596 ] ] ] ] } },
{ "type": "Feature", "properties": { "fid": 297, "sqr": 309327, "gsi": 0.0, "merchant": 0, "industrial": 0, "revolutionary": 0, "postwar": 0, "urban": 0, "stagnation": 0, "nineties": 0, "contemporary": 0, "epoque": 0, "far": 0.0, "mean_lvl": 0.0, "single": 0, "multiple": 0, "dormi": 0, "mixed": 0, "commercial": 0, "public": 0, "utility": 0, "tech": 0, "usage": 0, "low": 0, "mid": 0, "high": 0, "sky": 0, "year_formed": 1963, "year_gone": 9999 }, "geometry": { "type": "MultiPolygon", "coordinates": [ [ [ [ 37.52975929498588, 55.421724763747662 ], [ 37.519855592838255, 55.418718121602623 ], [ 37.516643495696712, 55.422153774816778 ], [ 37.526537008239842, 55.425190550870951 ], [ 37.52975929498588, 55.421724763747662 ] ] ] ] } },
{ "type": "Feature", "properties": { "fid": 298, "sqr": 13934, "gsi": 0.0, "merchant": 0, "industrial": 0, "revolutionary": 0, "postwar": 0, "urban": 0, "stagnation": 0, "nineties": 0, "contemporary": 0, "epoque": 0, "far": 0.0, "mean_lvl": 0.0, "single": 0, "multiple": 0, "dormi": 0, "mixed": 0, "commercial": 0, "public": 0, "utility": 0, "tech": 0, "usage": 0, "low": 0, "mid": 0, "high": 0, "sky": 0, "year_formed": 1969, "year_gone": 9999 }, "geometry": { "type": "MultiPolygon", "coordinates": [ [ [ [ 37.527076673389587, 55.413849167813154 ], [ 37.527369898683183, 55.414107106306432 ], [ 37.527438921036619, 55.414144379999293 ], [ 37.527833112876444, 55.414263131087239 ], [ 37.528757743338552, 55.414476591090384 ], [ 37.529090832121994, 55.414521766401933 ], [ 37.52989997798467, 55.414257319023186 ], [ 37.528888781821436, 55.413246616613598 ], [ 37.527965849988043, 55.413553484820874 ], [ 37.527076673389587, 55.413849167813154 ] ] ] ] } },
{ "type": "Feature", "properties": { "fid": 299, "sqr": 249866, "gsi": 0.0, "merchant": 0, "industrial": 0, "revolutionary": 0, "postwar": 0, "urban": 0, "stagnation": 0, "nineties": 0, "contemporary": 0, "epoque": 0, "far": 0.0, "mean_lvl": 0.0, "single": 0, "multiple": 0, "dormi": 0, "mixed": 0, "commercial": 0, "public": 0, "utility": 0, "tech": 0, "usage": 0, "low": 0, "mid": 0, "high": 0, "sky": 0, "year_formed": 1955, "year_gone": 9999 }, "geometry": { "type": "MultiPolygon", "coordinates": [ [ [ [ 37.526601125200742, 55.425312735627841 ], [ 37.522536668150792, 55.429570217670864 ], [ 37.528689694315673, 55.431488407887279 ], [ 37.528914354279522, 55.431545190082268 ], [ 37.528953336407703, 55.431543605784064 ], [ 37.528986685959104, 55.431519526294046 ], [ 37.532940568802147, 55.427422557651546 ], [ 37.533011230221305, 55.427317874498527 ], [ 37.526601125200742, 55.425312735627841 ] ] ] ] } },
{ "type": "Feature", "properties": { "fid": 300, "sqr": 521688, "gsi": 0.0, "merchant": 0, "industrial": 0, "revolutionary": 0, "postwar": 0, "urban": 0, "stagnation": 0, "nineties": 0, "contemporary": 0, "epoque": 0, "far": 0.0, "mean_lvl": 0.0, "single": 0, "multiple": 0, "dormi": 0, "mixed": 0, "commercial": 0, "public": 0, "utility": 0, "tech": 0, "usage": 0, "low": 0, "mid": 0, "high": 0, "sky": 0, "year_formed": 1963, "year_gone": 9999 }, "geometry": { "type": "MultiPolygon", "coordinates": [ [ [ [ 37.525185212624685, 55.412105159848778 ], [ 37.52463258370063, 55.411541643148752 ], [ 37.524469644693866, 55.411387804999471 ], [ 37.524365397071612, 55.411314971828226 ], [ 37.524269286720873, 55.41126523513293 ], [ 37.524188691200841, 55.41124241363255 ], [ 37.524098433882003, 55.411241387146454 ], [ 37.52399038688845, 55.411264403075961 ], [ 37.523841570441682, 55.411336621546305 ], [ 37.523766073298098, 55.411395717372486 ], [ 37.523691203361729, 55.411546808534482 ], [ 37.523446825652826, 55.411897608145644 ], [ 37.523357130895221, 55.412066219062346 ], [ 37.519917115166507, 55.418634953476577 ], [ 37.529834521134845, 55.421645754868543 ], [ 37.530491437753405, 55.42097206509785 ], [ 37.530808892621963, 55.420696451299499 ], [ 37.531075308259886, 55.420577038365572 ], [ 37.531239487610847, 55.42052979859448 ], [ 37.531963056720784, 55.420342317980172 ], [ 37.534339424495919, 55.41972691202816 ], [ 37.531466495389793, 55.4168950529534 ], [ 37.530299595569886, 55.415743553798457 ], [ 37.529235579296277, 55.414670474823524 ], [ 37.529177245901472, 55.414635413916422 ], [ 37.529078749594021, 55.41461249441538 ], [ 37.528709456608361, 55.414562408904189 ], [ 37.527766287054149, 55.414344668902963 ], [ 37.527345878876524, 55.414218019982286 ], [ 37.527247501227642, 55.414164893662281 ], [ 37.526921940098013, 55.413878509694555 ], [ 37.526918511381446, 55.413878468399901 ], [ 37.525185212624685, 55.412105159848778 ] ] ] ] } },
{ "type": "Feature", "properties": { "fid": 301, "sqr": 103686, "gsi": 0.0, "merchant": 0, "industrial": 0, "revolutionary": 0, "postwar": 0, "urban": 0, "stagnation": 0, "nineties": 0, "contemporary": 0, "epoque": 0, "far": 0.0, "mean_lvl": 0.0, "single": 0, "multiple": 0, "dormi": 0, "mixed": 0, "commercial": 0, "public": 0, "utility": 0, "tech": 0, "usage": 0, "low": 0, "mid": 0, "high": 0, "sky": 0, "year_formed": 1935, "year_gone": 9999 }, "geometry": { "type": "MultiPolygon", "coordinates": [ [ [ [ 37.573174778160343, 55.439242881880759 ], [ 37.573133475442326, 55.439363746517046 ], [ 37.573342194009456, 55.440146933915571 ], [ 37.573289567352958, 55.440412619646359 ], [ 37.573265973044116, 55.440578996663959 ], [ 37.573452780838139, 55.440658503290557 ], [ 37.573694957770236, 55.440732260726598 ], [ 37.574395188738784, 55.440973389227544 ], [ 37.575296524218864, 55.441221768581634 ], [ 37.576648808451615, 55.44134338108492 ], [ 37.580141657107767, 55.441515996071615 ], [ 37.579995891837576, 55.440603460734771 ], [ 37.579907536088022, 55.439052305973789 ], [ 37.57725282650096, 55.438951194736141 ], [ 37.576284252858805, 55.439013657742343 ], [ 37.575524993673376, 55.439076554945203 ], [ 37.57515158338456, 55.439107455795217 ], [ 37.573302211945581, 55.439260511267932 ], [ 37.573174778160343, 55.439242881880759 ] ] ] ] } },
{ "type": "Feature", "properties": { "fid": 302, "sqr": 29727, "gsi": 0.0, "merchant": 0, "industrial": 0, "revolutionary": 0, "postwar": 0, "urban": 0, "stagnation": 0, "nineties": 0, "contemporary": 0, "epoque": 0, "far": 0.0, "mean_lvl": 0.0, "single": 0, "multiple": 0, "dormi": 0, "mixed": 0, "commercial": 0, "public": 0, "utility": 0, "tech": 0, "usage": 0, "low": 0, "mid": 0, "high": 0, "sky": 0, "year_formed": 1935, "year_gone": 9999 }, "geometry": { "type": "MultiPolygon", "coordinates": [ [ [ [ 37.580306882953948, 55.441556835385256 ], [ 37.580598296888709, 55.442109698881239 ], [ 37.583330871599053, 55.441971187975732 ], [ 37.583250026499051, 55.441357892908741 ], [ 37.583126929156684, 55.440539725622145 ], [ 37.582128178483451, 55.440607642907068 ], [ 37.581541987194264, 55.440630305452558 ], [ 37.581001878186697, 55.440613996138843 ], [ 37.5801608680312, 55.440642762068563 ], [ 37.580306882953948, 55.441556835385256 ] ] ] ] } },
{ "type": "Feature", "properties": { "fid": 303, "sqr": 10949, "gsi": 0.0, "merchant": 0, "industrial": 0, "revolutionary": 0, "postwar": 0, "urban": 0, "stagnation": 0, "nineties": 0, "contemporary": 0, "epoque": 0, "far": 0.0, "mean_lvl": 0.0, "single": 0, "multiple": 0, "dormi": 0, "mixed": 0, "commercial": 0, "public": 0, "utility": 0, "tech": 0, "usage": 0, "low": 0, "mid": 0, "high": 0, "sky": 0, "year_formed": 1935, "year_gone": 9999 }, "geometry": { "type": "MultiPolygon", "coordinates": [ [ [ [ 37.580645249310926, 55.442197524538152 ], [ 37.58094220921889, 55.442747877741162 ], [ 37.581237560914808, 55.442721982666157 ], [ 37.582269573845714, 55.442720777184995 ], [ 37.583459847053724, 55.442697738834113 ], [ 37.583344846549231, 55.44206068488571 ], [ 37.580645249310926, 55.442197524538152 ] ] ] ] } },
{ "type": "Feature", "properties": { "fid": 304, "sqr": 11085, "gsi": 0.0, "merchant": 0, "industrial": 0, "revolutionary": 0, "postwar": 0, "urban": 0, "stagnation": 0, "nineties": 0, "contemporary": 0, "epoque": 0, "far": 0.0, "mean_lvl": 0.0, "single": 0, "multiple": 0, "dormi": 0, "mixed": 0, "commercial": 0, "public": 0, "utility": 0, "tech": 0, "usage": 0, "low": 0, "mid": 0, "high": 0, "sky": 0, "year_formed": 2018, "year_gone": 9999 }, "geometry": { "type": "MultiPolygon", "coordinates": [ [ [ [ 37.572973124562409, 55.43936185343042 ], [ 37.572998357140342, 55.439288016034205 ], [ 37.571753659242283, 55.439364015879683 ], [ 37.571053339546005, 55.439449622609978 ], [ 37.57122865416293, 55.439785351548522 ], [ 37.57253696397477, 55.440337251337667 ], [ 37.57311494748587, 55.440525864760154 ], [ 37.573132232665088, 55.440403980303181 ], [ 37.573182805987926, 55.440148666032457 ], [ 37.572973124562409, 55.43936185343042 ] ] ] ] } },
{ "type": "Feature", "properties": { "fid": 305, "sqr": 31996, "gsi": 0.0, "merchant": 0, "industrial": 0, "revolutionary": 0, "postwar": 0, "urban": 0, "stagnation": 0, "nineties": 0, "contemporary": 0, "epoque": 0, "far": 0.0, "mean_lvl": 0.0, "single": 0, "multiple": 0, "dormi": 0, "mixed": 0, "commercial": 0, "public": 0, "utility": 0, "tech": 0, "usage": 0, "low": 0, "mid": 0, "high": 0, "sky": 0, "year_formed": 1955, "year_gone": 9999 }, "geometry": { "type": "MultiPolygon", "coordinates": [ [ [ [ 37.583114793739533, 55.440450061480853 ], [ 37.583004414724698, 55.439521888209121 ], [ 37.582933971650952, 55.439279465242407 ], [ 37.582719769489287, 55.438979674869358 ], [ 37.58249197975838, 55.438921997574937 ], [ 37.581824273534679, 55.438760801430433 ], [ 37.581707071455682, 55.438818499692488 ], [ 37.581315773037666, 55.43895229003045 ], [ 37.581162000537262, 55.439001911655843 ], [ 37.580598528203438, 55.439057938459811 ], [ 37.580332206367345, 55.439065178276223 ], [ 37.58010403886415, 55.439058667926126 ], [ 37.580065960063692, 55.439057560660324 ], [ 37.58015115282889, 55.440553083100639 ], [ 37.581001321813055, 55.440524003860808 ], [ 37.581540812806189, 55.440540294547098 ], [ 37.582113421532384, 55.440518157092235 ], [ 37.583114793739533, 55.440450061480853 ] ] ] ] } },
{ "type": "Feature", "properties": { "fid": 306, "sqr": 15121, "gsi": 0.0, "merchant": 0, "industrial": 0, "revolutionary": 0, "postwar": 0, "urban": 0, "stagnation": 0, "nineties": 0, "contemporary": 0, "epoque": 0, "far": 0.0, "mean_lvl": 0.0, "single": 0, "multiple": 0, "dormi": 0, "mixed": 0, "commercial": 0, "public": 0, "utility": 0, "tech": 0, "usage": 0, "low": 0, "mid": 0, "high": 0, "sky": 0, "year_formed": 1955, "year_gone": 9999 }, "geometry": { "type": "MultiPolygon", "coordinates": [ [ [ [ 37.583618150783629, 55.442694510535958 ], [ 37.58577666112518, 55.442647926763257 ], [ 37.586794356793419, 55.442681051511741 ], [ 37.586758186076786, 55.441957785102723 ], [ 37.585602267466989, 55.441986668661265 ], [ 37.583502559302516, 55.442054197079941 ], [ 37.583618150783629, 55.442694510535958 ] ] ] ] } },
{ "type": "Feature", "properties": { "fid": 307, "sqr": 13448, "gsi": 0.0, "merchant": 0, "industrial": 0, "revolutionary": 0, "postwar": 0, "urban": 0, "stagnation": 0, "nineties": 0, "contemporary": 0, "epoque": 0, "far": 0.0, "mean_lvl": 0.0, "single": 0, "multiple": 0, "dormi": 0, "mixed": 0, "commercial": 0, "public": 0, "utility": 0, "tech": 0, "usage": 0, "low": 0, "mid": 0, "high": 0, "sky": 0, "year_formed": 1955, "year_gone": 9999 }, "geometry": { "type": "MultiPolygon", "coordinates": [ [ [ [ 37.586737772800838, 55.441868359636331 ], [ 37.586499409074612, 55.441244617932689 ], [ 37.586267629667041, 55.441253004398568 ], [ 37.584985269286641, 55.44131445456938 ], [ 37.583413421226062, 55.441395067544043 ], [ 37.583488507295556, 55.441964656478589 ], [ 37.585594332541149, 55.441896931338299 ], [ 37.586737772800838, 55.441868359636331 ] ] ] ] } },
{ "type": "Feature", "properties": { "fid": 308, "sqr": 43267, "gsi": 0.0, "merchant": 0, "industrial": 0, "revolutionary": 0, "postwar": 0, "urban": 0, "stagnation": 0, "nineties": 0, "contemporary": 0, "epoque": 0, "far": 0.0, "mean_lvl": 0.0, "single": 0, "multiple": 0, "dormi": 0, "mixed": 0, "commercial": 0, "public": 0, "utility": 0, "tech": 0, "usage": 0, "low": 0, "mid": 0, "high": 0, "sky": 0, "year_formed": 1935, "year_gone": 9999 }, "geometry": { "type": "MultiPolygon", "coordinates": [ [ [ [ 37.580992728358382, 55.442834359631348 ], [ 37.581437015348442, 55.443555119809865 ], [ 37.581530165134346, 55.443715276559942 ], [ 37.581814492942826, 55.443879840604424 ], [ 37.584872751173478, 55.443876573194245 ], [ 37.586257690283098, 55.443920953886433 ], [ 37.586543587379694, 55.443944018802434 ], [ 37.586939945473851, 55.443735395499218 ], [ 37.586937193689579, 55.443607717517715 ], [ 37.586871826174274, 55.443464862033537 ], [ 37.58684495415919, 55.443188268745821 ], [ 37.586848209003513, 55.442945178090007 ], [ 37.586815970005148, 55.4428575461476 ], [ 37.586802927931913, 55.442771326418921 ], [ 37.585775138872201, 55.442737873236418 ], [ 37.583549943449476, 55.442785895395701 ], [ 37.582272426156663, 55.442810622814704 ], [ 37.581249839098284, 55.442811817333322 ], [ 37.580992728358382, 55.442834359631348 ] ] ] ] } },
{ "type": "Feature", "properties": { "fid": 309, "sqr": 19259, "gsi": 0.0, "merchant": 0, "industrial": 0, "revolutionary": 0, "postwar": 0, "urban": 0, "stagnation": 0, "nineties": 0, "contemporary": 0, "epoque": 0, "far": 0.0, "mean_lvl": 0.0, "single": 0, "multiple": 0, "dormi": 0, "mixed": 0, "commercial": 0, "public": 0, "utility": 0, "tech": 0, "usage": 0, "low": 0, "mid": 0, "high": 0, "sky": 0, "year_formed": 1935, "year_gone": 9999 }, "geometry": { "type": "MultiPolygon", "coordinates": [ [ [ [ 37.581814062772089, 55.443969689973741 ], [ 37.581663413368915, 55.444054831664239 ], [ 37.581280133124189, 55.444159110269894 ], [ 37.581018627249662, 55.444238181468961 ], [ 37.580650197067868, 55.444412751446301 ], [ 37.580999735379031, 55.444442677200058 ], [ 37.581094704919543, 55.444442677200648 ], [ 37.581216673614627, 55.444426712302821 ], [ 37.581380017360686, 55.44440754345753 ], [ 37.581558539520671, 55.444432858107916 ], [ 37.581664341709008, 55.444492869550032 ], [ 37.582254641580548, 55.44453063126101 ], [ 37.582346610063716, 55.444456502243902 ], [ 37.583460231380336, 55.44446565661061 ], [ 37.583557744793538, 55.444537559556224 ], [ 37.583717285013876, 55.444531783482816 ], [ 37.583770209664848, 55.444496761267963 ], [ 37.583899384954826, 55.444473623782862 ], [ 37.584266146468899, 55.444480024636967 ], [ 37.584363384477754, 55.444529372733044 ], [ 37.584890579766395, 55.444560042152176 ], [ 37.585004886756657, 55.444509301473495 ], [ 37.585256669474347, 55.444521719949201 ], [ 37.58578730012136, 55.444479527071117 ], [ 37.586399430616211, 55.444476704311356 ], [ 37.586552990370457, 55.444459663101597 ], [ 37.586495706229549, 55.444030905185841 ], [ 37.586242109698418, 55.444010446112586 ], [ 37.584868448820764, 55.443966426805289 ], [ 37.581814062772089, 55.443969689973741 ] ] ] ] } },
{ "type": "Feature", "properties": { "fid": 310, "sqr": 164797, "gsi": 0.0, "merchant": 0, "industrial": 0, "revolutionary": 0, "postwar": 0, "urban": 0, "stagnation": 0, "nineties": 0, "contemporary": 0, "epoque": 0, "far": 0.0, "mean_lvl": 0.0, "single": 0, "multiple": 0, "dormi": 0, "mixed": 0, "commercial": 0, "public": 0, "utility": 0, "tech": 0, "usage": 0, "low": 0, "mid": 0, "high": 0, "sky": 0, "year_formed": 1974, "year_gone": 9999 }, "geometry": { "type": "MultiPolygon", "coordinates": [ [ [ [ 37.572943878825171, 55.439200977171708 ], [ 37.572976729863576, 55.43918779463533 ], [ 37.572940837833585, 55.439173149367157 ], [ 37.572859839879392, 55.439092026853089 ], [ 37.572787201672227, 55.43880796295759 ], [ 37.572714201357016, 55.438522159512054 ], [ 37.57262922571671, 55.438189852200509 ], [ 37.572450037727677, 55.437508292753051 ], [ 37.57196711016617, 55.435643558224463 ], [ 37.571694958870019, 55.434686680827035 ], [ 37.571559629412235, 55.434362244488284 ], [ 37.570997663319169, 55.433436662152538 ], [ 37.570838341973634, 55.433314045756966 ], [ 37.570653472037272, 55.433271234672858 ], [ 37.569026503727279, 55.433031309346816 ], [ 37.568307332138794, 55.432934775572534 ], [ 37.567458731012017, 55.432845567468547 ], [ 37.566779945315936, 55.432953379284427 ], [ 37.566828845439858, 55.433050282824709 ], [ 37.56828706135768, 55.435648433378113 ], [ 37.5689972057719, 55.43786140025523 ], [ 37.569486319653244, 55.439475454291262 ], [ 37.570325661942938, 55.439377357387826 ], [ 37.57094420180767, 55.439371061087769 ], [ 37.571728540785088, 55.439275184118841 ], [ 37.572943878825171, 55.439200977171708 ] ] ] ] } },
{ "type": "Feature", "properties": { "fid": 311, "sqr": 175756, "gsi": 0.0, "merchant": 0, "industrial": 0, "revolutionary": 0, "postwar": 0, "urban": 0, "stagnation": 0, "nineties": 0, "contemporary": 0, "epoque": 0, "far": 0.0, "mean_lvl": 0.0, "single": 0, "multiple": 0, "dormi": 0, "mixed": 0, "commercial": 0, "public": 0, "utility": 0, "tech": 0, "usage": 0, "low": 0, "mid": 0, "high": 0, "sky": 0, "year_formed": 1935, "year_gone": 9999 }, "geometry": { "type": "MultiPolygon", "coordinates": [ [ [ [ 37.573314016839504, 55.440711683274394 ], [ 37.573380130204903, 55.440862607583298 ], [ 37.573599198116398, 55.441716113690745 ], [ 37.573738269408786, 55.442258087339425 ], [ 37.573775879670464, 55.442418355846897 ], [ 37.573860720294569, 55.442805908307605 ], [ 37.573963052433655, 55.443728181430146 ], [ 37.574025126999587, 55.444042954895984 ], [ 37.573952110713037, 55.444108707871806 ], [ 37.572322006301235, 55.444221886062095 ], [ 37.572109543858474, 55.44430319887995 ], [ 37.571652809994838, 55.444742267654767 ], [ 37.571680264824352, 55.444972425102875 ], [ 37.571661584662628, 55.445094772564396 ], [ 37.571739087218504, 55.445176239336611 ], [ 37.572713536779773, 55.44505041992015 ], [ 37.572867601841992, 55.444981902034343 ], [ 37.574077431146627, 55.444831528403355 ], [ 37.577234129120711, 55.444774924394579 ], [ 37.579222865995, 55.444583162050293 ], [ 37.580427270806098, 55.44440140850233 ], [ 37.580929972834035, 55.444163218515229 ], [ 37.581208866947598, 55.444078889719833 ], [ 37.581570986717821, 55.443980368318577 ], [ 37.581669976190412, 55.443924423088866 ], [ 37.581391634781902, 55.44376332340029 ], [ 37.581287384597459, 55.443584080144028 ], [ 37.580811602628309, 55.442812220313712 ], [ 37.580465471882881, 55.442170734418099 ], [ 37.580168600872817, 55.441607514671006 ], [ 37.576629591525865, 55.441432618913886 ], [ 37.575248675727956, 55.441308431413077 ], [ 37.57431961118521, 55.441052410760129 ], [ 37.573616642151983, 55.440810339260146 ], [ 37.573367619079654, 55.440734496693921 ], [ 37.573314016839504, 55.440711683274394 ] ] ] ] } },
{ "type": "Feature", "properties": { "fid": 313, "sqr": 13219, "gsi": 0.0, "merchant": 0, "industrial": 0, "revolutionary": 0, "postwar": 0, "urban": 0, "stagnation": 0, "nineties": 0, "contemporary": 0, "epoque": 0, "far": 0.0, "mean_lvl": 0.0, "single": 0, "multiple": 0, "dormi": 0, "mixed": 0, "commercial": 0, "public": 0, "utility": 0, "tech": 0, "usage": 0, "low": 0, "mid": 0, "high": 0, "sky": 0, "year_formed": 1925, "year_gone": 9999 }, "geometry": { "type": "MultiPolygon", "coordinates": [ [ [ [ 37.539720799129334, 55.435746478092689 ], [ 37.540778994281951, 55.436655729175548 ], [ 37.542227693780383, 55.436075259230563 ], [ 37.541162764954983, 55.435216168104866 ], [ 37.541097292683098, 55.435228703209106 ], [ 37.539720799129334, 55.435746478092689 ] ] ] ] } },
{ "type": "Feature", "properties": { "fid": 323, "sqr": 28371, "gsi": 0.0, "merchant": 0, "industrial": 0, "revolutionary": 0, "postwar": 0, "urban": 0, "stagnation": 0, "nineties": 0, "contemporary": 0, "epoque": 0, "far": 0.0, "mean_lvl": 0.0, "single": 0, "multiple": 0, "dormi": 0, "mixed": 0, "commercial": 0, "public": 0, "utility": 0, "tech": 0, "usage": 0, "low": 0, "mid": 0, "high": 0, "sky": 0, "year_formed": 1961, "year_gone": 9999 }, "geometry": { "type": "MultiPolygon", "coordinates": [ [ [ [ 37.533951670162274, 55.430501387057177 ], [ 37.534028184436501, 55.430656746573341 ], [ 37.53414574815524, 55.431161206707266 ], [ 37.534193006693002, 55.431552756468612 ], [ 37.534153271315489, 55.431755590022476 ], [ 37.533789312919751, 55.432149656447571 ], [ 37.532856046133553, 55.432865978449627 ], [ 37.532612247349029, 55.433136348723565 ], [ 37.532298445585965, 55.433446964227343 ], [ 37.53212464418506, 55.433675625291592 ], [ 37.532077665665156, 55.433813992521372 ], [ 37.532116523838432, 55.433958666263528 ], [ 37.532177259367508, 55.434064418283789 ], [ 37.532595741086432, 55.434477434072214 ], [ 37.532784165128028, 55.434574324358906 ], [ 37.532970745645521, 55.434653084486079 ], [ 37.533273928238607, 55.434864982612062 ], [ 37.533305066545807, 55.434942553566266 ], [ 37.533418733785126, 55.434948899879451 ], [ 37.53384977338127, 55.434767401551746 ], [ 37.533345443103286, 55.434278017117457 ], [ 37.532831298007139, 55.433798032641754 ], [ 37.532708129542662, 55.433560436836267 ], [ 37.532732199233671, 55.433440945940141 ], [ 37.533093474899303, 55.433278167356285 ], [ 37.534212242809552, 55.432840340244049 ], [ 37.53540755712342, 55.432376755119911 ], [ 37.535342662466533, 55.432323798492042 ], [ 37.535156261076075, 55.432079475149109 ], [ 37.535149896626876, 55.431858036978944 ], [ 37.5347442840607, 55.431488479567768 ], [ 37.535150678693618, 55.431306664491039 ], [ 37.535212401490533, 55.431213032751231 ], [ 37.533951670162274, 55.430501387057177 ] ] ] ] } },
{ "type": "Feature", "properties": { "fid": 324, "sqr": 14417, "gsi": 0.0, "merchant": 0, "industrial": 0, "revolutionary": 0, "postwar": 0, "urban": 0, "stagnation": 0, "nineties": 0, "contemporary": 0, "epoque": 0, "far": 0.0, "mean_lvl": 0.0, "single": 0, "multiple": 0, "dormi": 0, "mixed": 0, "commercial": 0, "public": 0, "utility": 0, "tech": 0, "usage": 0, "low": 0, "mid": 0, "high": 0, "sky": 0, "year_formed": 1910, "year_gone": 1983 }, "geometry": { "type": "MultiPolygon", "coordinates": [ [ [ [ 37.538505131881969, 55.432974881119748 ], [ 37.537280560811475, 55.433538406652687 ], [ 37.537335906082312, 55.43358557442145 ], [ 37.538425726260925, 55.434632361556694 ], [ 37.538485907085914, 55.434592750037602 ], [ 37.539738453562272, 55.434072520038761 ], [ 37.538505131881969, 55.432974881119748 ] ] ] ] } },
{ "type": "Feature", "properties": { "fid": 325, "sqr": 12172, "gsi": 0.0, "merchant": 0, "industrial": 0, "revolutionary": 0, "postwar": 0, "urban": 0, "stagnation": 0, "nineties": 0, "contemporary": 0, "epoque": 0, "far": 0.0, "mean_lvl": 0.0, "single": 0, "multiple": 0, "dormi": 0, "mixed": 0, "commercial": 0, "public": 0, "utility": 0, "tech": 0, "usage": 0, "low": 0, "mid": 0, "high": 0, "sky": 0, "year_formed": 1961, "year_gone": 9999 }, "geometry": { "type": "MultiPolygon", "coordinates": [ [ [ [ 37.533339915278781, 55.430972154268119 ], [ 37.533364171021006, 55.430981117586079 ], [ 37.53348773619657, 55.431001561982256 ], [ 37.533603636821454, 55.431087083576834 ], [ 37.533577193101188, 55.431214383672852 ], [ 37.53353965297601, 55.431269760200209 ], [ 37.533606742065423, 55.431864138718367 ], [ 37.533438232881224, 55.432090151142823 ], [ 37.533375357476665, 55.432075887149722 ], [ 37.533300742636143, 55.43212609402169 ], [ 37.533116968463986, 55.432136000295699 ], [ 37.533058739436562, 55.432213755798728 ], [ 37.533061579675952, 55.432325778592059 ], [ 37.532479632454837, 55.432778461593166 ], [ 37.532136914742559, 55.433215140189262 ], [ 37.531746498534801, 55.434046968777402 ], [ 37.531739649724855, 55.434144652727042 ], [ 37.531837083888824, 55.43425672136938 ], [ 37.531847478736822, 55.434362207745288 ], [ 37.531962651945648, 55.434451714159188 ], [ 37.532111276644734, 55.434655353541721 ], [ 37.532157494907231, 55.434783365292716 ], [ 37.53223990959188, 55.434926678003222 ], [ 37.532298277574945, 55.43499077522042 ], [ 37.532428682724117, 55.434943372864623 ], [ 37.532805205972601, 55.434911610117197 ], [ 37.53313895394129, 55.434932527206549 ], [ 37.533128071687422, 55.434905417343927 ], [ 37.532860654263381, 55.434718515488449 ], [ 37.532683834783562, 55.434643875619841 ], [ 37.532471258823847, 55.434534565895461 ], [ 37.532032140565661, 55.434101181672702 ], [ 37.531962276121689, 55.433979533687591 ], [ 37.531917334339397, 55.433812207426115 ], [ 37.531972755866853, 55.433648974661509 ], [ 37.532156954486702, 55.433406635732112 ], [ 37.532473352726775, 55.433093451237369 ], [ 37.532721353947814, 55.432818421513659 ], [ 37.533655087161918, 55.432101743515965 ], [ 37.533999528737311, 55.431728809929453 ], [ 37.534034393311728, 55.43155084347994 ], [ 37.533988451827781, 55.431170193242068 ], [ 37.533873015528791, 55.430674853377212 ], [ 37.53378350144947, 55.430493096613816 ], [ 37.533776788083458, 55.430411312017426 ], [ 37.533221625853436, 55.430256371041189 ], [ 37.533101771144054, 55.430257666457408 ], [ 37.533117517777583, 55.43027622323806 ], [ 37.533346437882848, 55.430931443215627 ], [ 37.533339915278781, 55.430972154268119 ] ] ] ] } },
{ "type": "Feature", "properties": { "fid": 326, "sqr": 64174, "gsi": 0.0, "merchant": 0, "industrial": 0, "revolutionary": 0, "postwar": 0, "urban": 0, "stagnation": 0, "nineties": 0, "contemporary": 0, "epoque": 0, "far": 0.0, "mean_lvl": 0.0, "single": 0, "multiple": 0, "dormi": 0, "mixed": 0, "commercial": 0, "public": 0, "utility": 0, "tech": 0, "usage": 0, "low": 0, "mid": 0, "high": 0, "sky": 0, "year_formed": 1950, "year_gone": 9999 }, "geometry": { "type": "MultiPolygon", "coordinates": [ [ [ [ 37.536937587698127, 55.442698765851944 ], [ 37.53665797275081, 55.442732569264713 ], [ 37.536412515662384, 55.442886988540288 ], [ 37.53596184738813, 55.443753906385169 ], [ 37.535986553228177, 55.444112640478153 ], [ 37.535916551954642, 55.44444730219783 ], [ 37.535946740790152, 55.445263458249926 ], [ 37.535773446862052, 55.445509186108325 ], [ 37.534704475451434, 55.446011554564066 ], [ 37.534173975728919, 55.446190931224983 ], [ 37.533558814844561, 55.446324253350298 ], [ 37.532793557365991, 55.446569094438331 ], [ 37.532433933516145, 55.446764904965079 ], [ 37.532184853842267, 55.447002239920259 ], [ 37.531937777494655, 55.447145176472731 ], [ 37.531654797409878, 55.447482491125797 ], [ 37.531622253474936, 55.447672343141036 ], [ 37.531769468238444, 55.448132994668349 ], [ 37.531718475656824, 55.448198207291561 ], [ 37.53187226185559, 55.449619857383134 ], [ 37.53187044673183, 55.449631214436792 ], [ 37.5327084795804, 55.449634103696916 ], [ 37.532714461804176, 55.448413356020573 ], [ 37.532733283615514, 55.447088980862787 ], [ 37.534792432508297, 55.447059578431997 ], [ 37.536704063815904, 55.447054769889654 ], [ 37.536781271414014, 55.445350524093271 ], [ 37.536787051863932, 55.444594699221497 ], [ 37.536869550007374, 55.44450383456261 ], [ 37.536774775116399, 55.444389961596301 ], [ 37.536789990843253, 55.443696706047916 ], [ 37.536790009801031, 55.443696193779502 ], [ 37.536830174974455, 55.443049404918227 ], [ 37.536937587698127, 55.442698765851944 ] ] ] ] } },
{ "type": "Feature", "properties": { "fid": 328, "sqr": 9860, "gsi": 0.0, "merchant": 0, "industrial": 0, "revolutionary": 0, "postwar": 0, "urban": 0, "stagnation": 0, "nineties": 0, "contemporary": 0, "epoque": 0, "far": 0.0, "mean_lvl": 0.0, "single": 0, "multiple": 0, "dormi": 0, "mixed": 0, "commercial": 0, "public": 0, "utility": 0, "tech": 0, "usage": 0, "low": 0, "mid": 0, "high": 0, "sky": 0, "year_formed": 1959, "year_gone": 9999 }, "geometry": { "type": "MultiPolygon", "coordinates": [ [ [ [ 37.539577666376609, 55.443003493738409 ], [ 37.53978759865511, 55.442927551861807 ], [ 37.539962368045316, 55.442768874435643 ], [ 37.540490453634789, 55.442632837962179 ], [ 37.54024009161801, 55.442572785342222 ], [ 37.540054936906579, 55.442539265954856 ], [ 37.539743800710383, 55.442525011671599 ], [ 37.539225627596011, 55.442473523027381 ], [ 37.53826601619398, 55.442459349317446 ], [ 37.5381022295919, 55.442496560718752 ], [ 37.537773686522399, 55.442545252297244 ], [ 37.537212395600235, 55.442673322604236 ], [ 37.537103366025804, 55.442681319064057 ], [ 37.537003222967776, 55.443008231937384 ], [ 37.53757531997001, 55.443002705927441 ], [ 37.537948660822522, 55.442985977201104 ], [ 37.539363828114176, 55.442985373349543 ], [ 37.539577666376609, 55.443003493738409 ] ] ] ] } },
{ "type": "Feature", "properties": { "fid": 329, "sqr": 24115, "gsi": 0.0, "merchant": 0, "industrial": 0, "revolutionary": 0, "postwar": 0, "urban": 0, "stagnation": 0, "nineties": 0, "contemporary": 0, "epoque": 0, "far": 0.0, "mean_lvl": 0.0, "single": 0, "multiple": 0, "dormi": 0, "mixed": 0, "commercial": 0, "public": 0, "utility": 0, "tech": 0, "usage": 0, "low": 0, "mid": 0, "high": 0, "sky": 0, "year_formed": 1958, "year_gone": 9999 }, "geometry": { "type": "MultiPolygon", "coordinates": [ [ [ [ 37.5432596698654, 55.443690614006968 ], [ 37.543336413021265, 55.443656808084405 ], [ 37.543088194728305, 55.443539086913141 ], [ 37.543008455525545, 55.443431204211713 ], [ 37.542954232188272, 55.443299128883872 ], [ 37.542850452035275, 55.443132219705326 ], [ 37.542909641871461, 55.443023787274761 ], [ 37.543014851674897, 55.442931324401911 ], [ 37.543062381546022, 55.442802011976923 ], [ 37.54301746695895, 55.44266192777598 ], [ 37.543055813310303, 55.442619138662728 ], [ 37.542931678632399, 55.442641666222642 ], [ 37.542683574578085, 55.442644855227357 ], [ 37.542390795705806, 55.442634659968824 ], [ 37.542145694424022, 55.442607554893499 ], [ 37.541903130894539, 55.44255489243514 ], [ 37.541763742646452, 55.442545861168831 ], [ 37.541671691363838, 55.442559033887619 ], [ 37.541395548815821, 55.442649756226722 ], [ 37.540740229050662, 55.442686430413232 ], [ 37.540633831398736, 55.442694546248177 ], [ 37.540071032051628, 55.442839525540549 ], [ 37.53990260143928, 55.44299244811149 ], [ 37.539673458539788, 55.443075339457195 ], [ 37.539653351484546, 55.443716191663846 ], [ 37.542845732045713, 55.443716775122446 ], [ 37.5432596698654, 55.443690614006968 ] ] ] ] } },
{ "type": "Feature", "properties": { "fid": 330, "sqr": 25410, "gsi": 0.0, "merchant": 0, "industrial": 0, "revolutionary": 0, "postwar": 0, "urban": 0, "stagnation": 0, "nineties": 0, "contemporary": 0, "epoque": 0, "far": 0.0, "mean_lvl": 0.0, "single": 0, "multiple": 0, "dormi": 0, "mixed": 0, "commercial": 0, "public": 0, "utility": 0, "tech": 0, "usage": 0, "low": 0, "mid": 0, "high": 0, "sky": 0, "year_formed": 2005, "year_gone": 9999 }, "geometry": { "type": "MultiPolygon", "coordinates": [ [ [ [ 37.546345003501585, 55.440823384993529 ], [ 37.546246966579972, 55.441181988043859 ], [ 37.545860725940322, 55.441758553443847 ], [ 37.545423883934454, 55.442100746878033 ], [ 37.544851911732486, 55.44226602991165 ], [ 37.544297465395601, 55.442193020477269 ], [ 37.543273082733052, 55.442574630804671 ], [ 37.543182533070706, 55.442675672168498 ], [ 37.543223418457288, 55.442803187970107 ], [ 37.543163548391085, 55.442966075553223 ], [ 37.54305415819934, 55.443062212682889 ], [ 37.543016947961839, 55.443130380238003 ], [ 37.543106167763938, 55.443273871068676 ], [ 37.543159344422122, 55.443403395741434 ], [ 37.543219005181022, 55.443484113051269 ], [ 37.543467302365343, 55.443601871348946 ], [ 37.54580128955412, 55.44269747537578 ], [ 37.546605846007097, 55.441916330701758 ], [ 37.547068566233285, 55.441413227957185 ], [ 37.546910316477174, 55.441351825789368 ], [ 37.54703025137745, 55.441134120558722 ], [ 37.546345003501585, 55.440823384993529 ] ] ] ] } },
{ "type": "Feature", "properties": { "fid": 331, "sqr": 15616, "gsi": 0.0, "merchant": 0, "industrial": 0, "revolutionary": 0, "postwar": 0, "urban": 0, "stagnation": 0, "nineties": 0, "contemporary": 0, "epoque": 0, "far": 0.0, "mean_lvl": 0.0, "single": 0, "multiple": 0, "dormi": 0, "mixed": 0, "commercial": 0, "public": 0, "utility": 0, "tech": 0, "usage": 0, "low": 0, "mid": 0, "high": 0, "sky": 0, "year_formed": 1925, "year_gone": 9999 }, "geometry": { "type": "MultiPolygon", "coordinates": [ [ [ [ 37.540869677982357, 55.436729312883891 ], [ 37.541466634846174, 55.437187117596132 ], [ 37.541680038072236, 55.437228619970405 ], [ 37.542005875755734, 55.437260127145862 ], [ 37.542294718994654, 55.437297821055829 ], [ 37.542557478732057, 55.437422552018347 ], [ 37.542712561483114, 55.437468097977195 ], [ 37.542933073580329, 55.437428724372985 ], [ 37.543038718465304, 55.437465431491134 ], [ 37.543316553418407, 55.43771971356027 ], [ 37.54400535250862, 55.437437597087211 ], [ 37.542320327901287, 55.436148060916359 ], [ 37.540869677982357, 55.436729312883891 ] ] ] ] } },
{ "type": "Feature", "properties": { "fid": 332, "sqr": 112125, "gsi": 0.0, "merchant": 0, "industrial": 0, "revolutionary": 0, "postwar": 0, "urban": 0, "stagnation": 0, "nineties": 0, "contemporary": 0, "epoque": 0, "far": 0.0, "mean_lvl": 0.0, "single": 0, "multiple": 0, "dormi": 0, "mixed": 0, "commercial": 0, "public": 0, "utility": 0, "tech": 0, "usage": 0, "low": 0, "mid": 0, "high": 0, "sky": 0, "year_formed": 1974, "year_gone": 9999 }, "geometry": { "type": "MultiPolygon", "coordinates": [ [ [ [ 37.546956258655669, 55.404839396838149 ], [ 37.547539444840183, 55.404634048621872 ], [ 37.547432641784944, 55.404490299135205 ], [ 37.545705184370298, 55.402777201836322 ], [ 37.544079387784478, 55.403278966641139 ], [ 37.542203477956193, 55.403900337568807 ], [ 37.540300234406267, 55.404503817854241 ], [ 37.540795932309564, 55.40502350545998 ], [ 37.539663325633107, 55.405341774527727 ], [ 37.541204543923513, 55.40686410336528 ], [ 37.542695153854083, 55.406339298016043 ], [ 37.544066562192178, 55.405856595245673 ], [ 37.545563360503202, 55.40532969602026 ], [ 37.546956258655669, 55.404839396838149 ] ] ] ] } },
{ "type": "Feature", "properties": { "fid": 333, "sqr": 4832, "gsi": 0.0, "merchant": 0, "industrial": 0, "revolutionary": 0, "postwar": 0, "urban": 0, "stagnation": 0, "nineties": 0, "contemporary": 0, "epoque": 0, "far": 0.0, "mean_lvl": 0.0, "single": 0, "multiple": 0, "dormi": 0, "mixed": 0, "commercial": 0, "public": 0, "utility": 0, "tech": 0, "usage": 0, "low": 0, "mid": 0, "high": 0, "sky": 0, "year_formed": 1962, "year_gone": 9999 }, "geometry": { "type": "MultiPolygon", "coordinates": [ [ [ [ 37.531726021526069, 55.405745423574523 ], [ 37.531259917875353, 55.405284784631178 ], [ 37.530136871821, 55.405671001925569 ], [ 37.530591399035877, 55.406115806796166 ], [ 37.531726021526069, 55.405745423574523 ] ] ] ] } },
{ "type": "Feature", "properties": { "fid": 334, "sqr": 3290, "gsi": 0.0, "merchant": 0, "industrial": 0, "revolutionary": 0, "postwar": 0, "urban": 0, "stagnation": 0, "nineties": 0, "contemporary": 0, "epoque": 0, "far": 0.0, "mean_lvl": 0.0, "single": 0, "multiple": 0, "dormi": 0, "mixed": 0, "commercial": 0, "public": 0, "utility": 0, "tech": 0, "usage": 0, "low": 0, "mid": 0, "high": 0, "sky": 0, "year_formed": 1781, "year_gone": 9999 }, "geometry": { "type": "MultiPolygon", "coordinates": [ [ [ [ 37.531182878477274, 55.405206294225195 ], [ 37.53111010775855, 55.405129653651706 ], [ 37.530912294475812, 55.40518559465243 ], [ 37.530736525902135, 55.405133598321427 ], [ 37.5305092089624, 55.404872936660368 ], [ 37.530341302241879, 55.404929306209382 ], [ 37.530274690248774, 55.405033406558502 ], [ 37.529707233344887, 55.405209649109274 ], [ 37.530060507202066, 55.405592279289451 ], [ 37.531182878477274, 55.405206294225195 ] ] ] ] } },
{ "type": "Feature", "properties": { "fid": 335, "sqr": 7664, "gsi": 0.0, "merchant": 0, "industrial": 0, "revolutionary": 0, "postwar": 0, "urban": 0, "stagnation": 0, "nineties": 0, "contemporary": 0, "epoque": 0, "far": 0.0, "mean_lvl": 0.0, "single": 0, "multiple": 0, "dormi": 0, "mixed": 0, "commercial": 0, "public": 0, "utility": 0, "tech": 0, "usage": 0, "low": 0, "mid": 0, "high": 0, "sky": 0, "year_formed": 1962, "year_gone": 9999 }, "geometry": { "type": "MultiPolygon", "coordinates": [ [ [ [ 37.531863187284408, 55.405700907962036 ], [ 37.533236577551897, 55.405257808596332 ], [ 37.532749949017003, 55.404776001409537 ], [ 37.532550959939293, 55.404695398241856 ], [ 37.531250553944844, 55.405088546705421 ], [ 37.531357055436935, 55.405200711270794 ], [ 37.531863187284408, 55.405700907962036 ] ] ] ] } },
{ "type": "Feature", "properties": { "fid": 337, "sqr": 5179, "gsi": 0.0, "merchant": 0, "industrial": 0, "revolutionary": 0, "postwar": 0, "urban": 0, "stagnation": 0, "nineties": 0, "contemporary": 0, "epoque": 0, "far": 0.0, "mean_lvl": 0.0, "single": 0, "multiple": 0, "dormi": 0, "mixed": 0, "commercial": 0, "public": 0, "utility": 0, "tech": 0, "usage": 0, "low": 0, "mid": 0, "high": 0, "sky": 0, "year_formed": 1960, "year_gone": 9999 }, "geometry": { "type": "MultiPolygon", "coordinates": [ [ [ [ 37.534781551314239, 55.404740596213145 ], [ 37.534389564032381, 55.404408660298124 ], [ 37.53292247190813, 55.404766496774663 ], [ 37.533373281041236, 55.405212837452289 ], [ 37.534781551314239, 55.404740596213145 ] ] ] ] } },
{ "type": "Feature", "properties": { "fid": 338, "sqr": 14637, "gsi": 0.0, "merchant": 0, "industrial": 0, "revolutionary": 0, "postwar": 0, "urban": 0, "stagnation": 0, "nineties": 0, "contemporary": 0, "epoque": 0, "far": 0.0, "mean_lvl": 0.0, "single": 0, "multiple": 0, "dormi": 0, "mixed": 0, "commercial": 0, "public": 0, "utility": 0, "tech": 0, "usage": 0, "low": 0, "mid": 0, "high": 0, "sky": 0, "year_formed": 2006, "year_gone": 9999 }, "geometry": { "type": "MultiPolygon", "coordinates": [ [ [ [ 37.532444922100559, 55.40414743211354 ], [ 37.533014511628103, 55.403962251926629 ], [ 37.532972009007757, 55.40388234128897 ], [ 37.532188630795396, 55.403115734387093 ], [ 37.532042047339715, 55.40303880761963 ], [ 37.53156368757881, 55.40300010017981 ], [ 37.531459727241497, 55.403003368936673 ], [ 37.531399980117946, 55.403044647541009 ], [ 37.531334870619901, 55.403113649584419 ], [ 37.530811738262692, 55.404349535428771 ], [ 37.530739173626721, 55.404640461216601 ], [ 37.530774630333461, 55.40468352494311 ], [ 37.532444922100559, 55.40414743211354 ] ] ] ] } },
{ "type": "Feature", "properties": { "fid": 339, "sqr": 13940, "gsi": 0.0, "merchant": 0, "industrial": 0, "revolutionary": 0, "postwar": 0, "urban": 0, "stagnation": 0, "nineties": 0, "contemporary": 0, "epoque": 0, "far": 0.0, "mean_lvl": 0.0, "single": 0, "multiple": 0, "dormi": 0, "mixed": 0, "commercial": 0, "public": 0, "utility": 0, "tech": 0, "usage": 0, "low": 0, "mid": 0, "high": 0, "sky": 0, "year_formed": 1997, "year_gone": 9999 }, "geometry": { "type": "MultiPolygon", "coordinates": [ [ [ [ 37.531173221197434, 55.403111846461478 ], [ 37.5310553365141, 55.403046537699325 ], [ 37.530862903004525, 55.403017031191062 ], [ 37.530746878068932, 55.402960461298008 ], [ 37.530648369286133, 55.402938516666786 ], [ 37.530445153813545, 55.402930162854169 ], [ 37.529251536210076, 55.403030391416856 ], [ 37.530320479336638, 55.404831975273531 ], [ 37.53050274257712, 55.404770785830529 ], [ 37.530636703944268, 55.404727791787202 ], [ 37.530576226345666, 55.404654338728918 ], [ 37.530656461771216, 55.404332664522116 ], [ 37.531173221197434, 55.403111846461478 ] ] ] ] } },
{ "type": "Feature", "properties": { "fid": 341, "sqr": 15441, "gsi": 0.0, "merchant": 0, "industrial": 0, "revolutionary": 0, "postwar": 0, "urban": 0, "stagnation": 0, "nineties": 0, "contemporary": 0, "epoque": 0, "far": 0.0, "mean_lvl": 0.0, "single": 0, "multiple": 0, "dormi": 0, "mixed": 0, "commercial": 0, "public": 0, "utility": 0, "tech": 0, "usage": 0, "low": 0, "mid": 0, "high": 0, "sky": 0, "year_formed": 1948, "year_gone": 9999 }, "geometry": { "type": "MultiPolygon", "coordinates": [ [ [ [ 37.549064437336753, 55.407104990814879 ], [ 37.54966055620514, 55.406934285576654 ], [ 37.548088930300771, 55.404883608455307 ], [ 37.547855831614626, 55.404716079894854 ], [ 37.547655394027338, 55.404698881899122 ], [ 37.547095830839737, 55.404895912617391 ], [ 37.548017821044496, 55.40620088346116 ], [ 37.548291039390392, 55.406360088335127 ], [ 37.549064437336753, 55.407104990814879 ] ] ] ] } },
{ "type": "Feature", "properties": { "fid": 342, "sqr": 14307, "gsi": 0.0, "merchant": 0, "industrial": 0, "revolutionary": 0, "postwar": 0, "urban": 0, "stagnation": 0, "nineties": 0, "contemporary": 0, "epoque": 0, "far": 0.0, "mean_lvl": 0.0, "single": 0, "multiple": 0, "dormi": 0, "mixed": 0, "commercial": 0, "public": 0, "utility": 0, "tech": 0, "usage": 0, "low": 0, "mid": 0, "high": 0, "sky": 0, "year_formed": 1951, "year_gone": 9999 }, "geometry": { "type": "MultiPolygon", "coordinates": [ [ [ [ 37.555086097320228, 55.403323651038427 ], [ 37.555000903456381, 55.402043675250546 ], [ 37.553818990661711, 55.402047557043311 ], [ 37.553926430464728, 55.40376473420131 ], [ 37.555109500823761, 55.403750261314535 ], [ 37.555086097320228, 55.403323651038427 ] ] ] ] } },
{ "type": "Feature", "properties": { "fid": 344, "sqr": 38847, "gsi": 0.0, "merchant": 0, "industrial": 0, "revolutionary": 0, "postwar": 0, "urban": 0, "stagnation": 0, "nineties": 0, "contemporary": 0, "epoque": 0, "far": 0.0, "mean_lvl": 0.0, "single": 0, "multiple": 0, "dormi": 0, "mixed": 0, "commercial": 0, "public": 0, "utility": 0, "tech": 0, "usage": 0, "low": 0, "mid": 0, "high": 0, "sky": 0, "year_formed": 1985, "year_gone": 9999 }, "geometry": { "type": "MultiPolygon", "coordinates": [ [ [ [ 37.55793958020358, 55.40324956820448 ], [ 37.560995397283513, 55.403233207121602 ], [ 37.560990179759031, 55.403106475110398 ], [ 37.561988888873422, 55.403106475664799 ], [ 37.56269227793549, 55.401931414131845 ], [ 37.56258479061762, 55.401918004575684 ], [ 37.560637577244499, 55.401958907304106 ], [ 37.557852742899072, 55.401991864254057 ], [ 37.55793958020358, 55.40324956820448 ] ] ] ] } },
{ "type": "Feature", "properties": { "fid": 345, "sqr": 15034, "gsi": 0.0, "merchant": 0, "industrial": 0, "revolutionary": 0, "postwar": 0, "urban": 0, "stagnation": 0, "nineties": 0, "contemporary": 0, "epoque": 0, "far": 0.0, "mean_lvl": 0.0, "single": 0, "multiple": 0, "dormi": 0, "mixed": 0, "commercial": 0, "public": 0, "utility": 0, "tech": 0, "usage": 0, "low": 0, "mid": 0, "high": 0, "sky": 0, "year_formed": 1952, "year_gone": 9999 }, "geometry": { "type": "MultiPolygon", "coordinates": [ [ [ [ 37.554995730837277, 55.401953841741609 ], [ 37.554907146870796, 55.400148786863276 ], [ 37.553708604957563, 55.400184742212403 ], [ 37.553813518122212, 55.401957724491915 ], [ 37.554995730837277, 55.401953841741609 ] ] ] ] } },
{ "type": "Feature", "properties": { "fid": 346, "sqr": 36419, "gsi": 0.0, "merchant": 0, "industrial": 0, "revolutionary": 0, "postwar": 0, "urban": 0, "stagnation": 0, "nineties": 0, "contemporary": 0, "epoque": 0, "far": 0.0, "mean_lvl": 0.0, "single": 0, "multiple": 0, "dormi": 0, "mixed": 0, "commercial": 0, "public": 0, "utility": 0, "tech": 0, "usage": 0, "low": 0, "mid": 0, "high": 0, "sky": 0, "year_formed": 1953, "year_gone": 9999 }, "geometry": { "type": "MultiPolygon", "coordinates": [ [ [ [ 37.557663765540049, 55.399995480319632 ], [ 37.557629390463518, 55.3992686751414 ], [ 37.557582303068727, 55.398371681205809 ], [ 37.557568119526721, 55.398148099729653 ], [ 37.555977281855938, 55.398219285006604 ], [ 37.555032399799217, 55.398231346505028 ], [ 37.554449036017623, 55.398283142302866 ], [ 37.554534819011643, 55.398426413506947 ], [ 37.554683542467004, 55.398872782400773 ], [ 37.554715047454522, 55.398954194876112 ], [ 37.554969801934135, 55.399721157552001 ], [ 37.555054415572826, 55.400004009870059 ], [ 37.555057912078382, 55.400044481041782 ], [ 37.555108583535556, 55.400037180876268 ], [ 37.557663765540049, 55.399995480319632 ] ] ] ] } },
{ "type": "Feature", "properties": { "fid": 347, "sqr": 106975, "gsi": 0.0, "merchant": 0, "industrial": 0, "revolutionary": 0, "postwar": 0, "urban": 0, "stagnation": 0, "nineties": 0, "contemporary": 0, "epoque": 0, "far": 0.0, "mean_lvl": 0.0, "single": 0, "multiple": 0, "dormi": 0, "mixed": 0, "commercial": 0, "public": 0, "utility": 0, "tech": 0, "usage": 0, "low": 0, "mid": 0, "high": 0, "sky": 0, "year_formed": 1952, "year_gone": 9999 }, "geometry": { "type": "MultiPolygon", "coordinates": [ [ [ [ 37.563893198547653, 55.400159684372902 ], [ 37.563784974915556, 55.400036093358551 ], [ 37.563646638842989, 55.399978970712006 ], [ 37.563578876875219, 55.399970216767905 ], [ 37.563459086257026, 55.399954840112962 ], [ 37.562827789939448, 55.399970283135808 ], [ 37.562161678629813, 55.399986483407929 ], [ 37.560508086248085, 55.400026883211027 ], [ 37.55889096058619, 55.400066398484704 ], [ 37.557746999193576, 55.400084007121912 ], [ 37.555130481461362, 55.400126709673195 ], [ 37.555064477581233, 55.400136218744684 ], [ 37.555153600625694, 55.401952111134548 ], [ 37.557768576977566, 55.40190299087589 ], [ 37.558897458937807, 55.401889639576197 ], [ 37.560633022759781, 55.401869092695556 ], [ 37.5625990093653, 55.401827795423479 ], [ 37.562746300070344, 55.401846170638223 ], [ 37.563893198547653, 55.400159684372902 ] ] ] ] } },
{ "type": "Feature", "properties": { "fid": 348, "sqr": 18404, "gsi": 0.0, "merchant": 0, "industrial": 0, "revolutionary": 0, "postwar": 0, "urban": 0, "stagnation": 0, "nineties": 0, "contemporary": 0, "epoque": 0, "far": 0.0, "mean_lvl": 0.0, "single": 0, "multiple": 0, "dormi": 0, "mixed": 0, "commercial": 0, "public": 0, "utility": 0, "tech": 0, "usage": 0, "low": 0, "mid": 0, "high": 0, "sky": 0, "year_formed": 1960, "year_gone": 9999 }, "geometry": { "type": "MultiPolygon", "coordinates": [ [ [ [ 37.555891934815655, 55.398130503070796 ], [ 37.555784948491386, 55.396164007006377 ], [ 37.554414812879564, 55.396156488174839 ], [ 37.554634041789967, 55.398175780338654 ], [ 37.555018400215758, 55.398141653494321 ], [ 37.555891934815655, 55.398130503070796 ] ] ] ] } },
{ "type": "Feature", "properties": { "fid": 349, "sqr": 10202, "gsi": 0.0, "merchant": 0, "industrial": 0, "revolutionary": 0, "postwar": 0, "urban": 0, "stagnation": 0, "nineties": 0, "contemporary": 0, "epoque": 0, "far": 0.0, "mean_lvl": 0.0, "single": 0, "multiple": 0, "dormi": 0, "mixed": 0, "commercial": 0, "public": 0, "utility": 0, "tech": 0, "usage": 0, "low": 0, "mid": 0, "high": 0, "sky": 0, "year_formed": 1781, "year_gone": 9999 }, "geometry": { "type": "MultiPolygon", "coordinates": [ [ [ [ 37.554256496523664, 55.396155149895584 ], [ 37.553983149153581, 55.396151895694224 ], [ 37.553545791087451, 55.396245483911144 ], [ 37.552960565972214, 55.396373926701848 ], [ 37.554372900157965, 55.398156074821941 ], [ 37.554397312630812, 55.398196798679614 ], [ 37.554477372820578, 55.398189690473693 ], [ 37.554256496523664, 55.396155149895584 ] ] ] ] } },
{ "type": "Feature", "properties": { "fid": 350, "sqr": 75385, "gsi": 0.0, "merchant": 0, "industrial": 0, "revolutionary": 0, "postwar": 0, "urban": 0, "stagnation": 0, "nineties": 0, "contemporary": 0, "epoque": 0, "far": 0.0, "mean_lvl": 0.0, "single": 0, "multiple": 0, "dormi": 0, "mixed": 0, "commercial": 0, "public": 0, "utility": 0, "tech": 0, "usage": 0, "low": 0, "mid": 0, "high": 0, "sky": 0, "year_formed": 1961, "year_gone": 9999 }, "geometry": { "type": "MultiPolygon", "coordinates": [ [ [ [ 37.5639733753831, 55.400049794419424 ], [ 37.565106365556147, 55.398505754094224 ], [ 37.564446536642684, 55.398320881106727 ], [ 37.557742474671215, 55.398414011105935 ], [ 37.557787209532272, 55.399266124807646 ], [ 37.557821589747064, 55.39999297736955 ], [ 37.558885439419171, 55.399976601514886 ], [ 37.560501312503028, 55.399937116819281 ], [ 37.562154913036665, 55.399896716795503 ], [ 37.562821019509954, 55.399880516632791 ], [ 37.563473313725879, 55.399864559886204 ], [ 37.563613723085417, 55.399882583229065 ], [ 37.563713161086227, 55.399895429278281 ], [ 37.56390902499097, 55.399976306609275 ], [ 37.5639733753831, 55.400049794419424 ] ] ] ] } },
{ "type": "Feature", "properties": { "fid": 351, "sqr": 143083, "gsi": 0.0, "merchant": 0, "industrial": 0, "revolutionary": 0, "postwar": 0, "urban": 0, "stagnation": 0, "nineties": 0, "contemporary": 0, "epoque": 0, "far": 0.0, "mean_lvl": 0.0, "single": 0, "multiple": 0, "dormi": 0, "mixed": 0, "commercial": 0, "public": 0, "utility": 0, "tech": 0, "usage": 0, "low": 0, "mid": 0, "high": 0, "sky": 0, "year_formed": 1965, "year_gone": 9999 }, "geometry": { "type": "MultiPolygon", "coordinates": [ [ [ [ 37.565167730663731, 55.398422799560365 ], [ 37.565649963638599, 55.397775565722327 ], [ 37.566384358348429, 55.396987939839669 ], [ 37.565803516308065, 55.396812673209716 ], [ 37.565433206279359, 55.396720270300023 ], [ 37.561535090391146, 55.395605279240534 ], [ 37.560885729257684, 55.395421330453871 ], [ 37.560806889415026, 55.395390615059043 ], [ 37.560459398449368, 55.395224308067121 ], [ 37.560432208420913, 55.395175609342665 ], [ 37.560455592403628, 55.395123843497643 ], [ 37.560637514612992, 55.395004653364253 ], [ 37.560339171165396, 55.394831586330824 ], [ 37.560344488988726, 55.394501627189328 ], [ 37.560190238486669, 55.394440569703796 ], [ 37.558035857863011, 55.395999831049444 ], [ 37.55781702020802, 55.396143238046626 ], [ 37.557682319857456, 55.396282739495348 ], [ 37.557642180739663, 55.396456022175627 ], [ 37.557722934725525, 55.398098200064851 ], [ 37.557737273034618, 55.39832420745568 ], [ 37.564481463316625, 55.398230518890216 ], [ 37.565167730663731, 55.398422799560365 ] ] ] ] } },
{ "type": "Feature", "properties": { "fid": 352, "sqr": 21018, "gsi": 0.0, "merchant": 0, "industrial": 0, "revolutionary": 0, "postwar": 0, "urban": 0, "stagnation": 0, "nineties": 0, "contemporary": 0, "epoque": 0, "far": 0.0, "mean_lvl": 0.0, "single": 0, "multiple": 0, "dormi": 0, "mixed": 0, "commercial": 0, "public": 0, "utility": 0, "tech": 0, "usage": 0, "low": 0, "mid": 0, "high": 0, "sky": 0, "year_formed": 1958, "year_gone": 9999 }, "geometry": { "type": "MultiPolygon", "coordinates": [ [ [ [ 37.55765101397489, 55.396128602615647 ], [ 37.555942829866275, 55.396162823629972 ], [ 37.556049639128958, 55.398125921365704 ], [ 37.557563028211611, 55.398058201087544 ], [ 37.557484019270504, 55.396451377773289 ], [ 37.557529680198144, 55.396254260457276 ], [ 37.55765101397489, 55.396128602615647 ] ] ] ] } },
{ "type": "Feature", "properties": { "fid": 353, "sqr": 6043, "gsi": 0.0, "merchant": 0, "industrial": 0, "revolutionary": 0, "postwar": 0, "urban": 0, "stagnation": 0, "nineties": 0, "contemporary": 0, "epoque": 0, "far": 0.0, "mean_lvl": 0.0, "single": 0, "multiple": 0, "dormi": 0, "mixed": 0, "commercial": 0, "public": 0, "utility": 0, "tech": 0, "usage": 0, "low": 0, "mid": 0, "high": 0, "sky": 0, "year_formed": 1953, "year_gone": 9999 }, "geometry": { "type": "MultiPolygon", "coordinates": [ [ [ [ 37.553932049598323, 55.403854535215089 ], [ 37.553988230946374, 55.404752324401635 ], [ 37.554453186675161, 55.404710599544742 ], [ 37.554631612657893, 55.404623925346321 ], [ 37.554768472087865, 55.404531559405775 ], [ 37.554950882154351, 55.404347599698099 ], [ 37.555074070294509, 55.404180649050673 ], [ 37.555129131184309, 55.404109514119313 ], [ 37.555114416670662, 55.403840070929007 ], [ 37.553932049598323, 55.403854535215089 ] ] ] ] } },
{ "type": "Feature", "properties": { "fid": 354, "sqr": 111108, "gsi": 0.0, "merchant": 0, "industrial": 0, "revolutionary": 0, "postwar": 0, "urban": 0, "stagnation": 0, "nineties": 0, "contemporary": 0, "epoque": 0, "far": 0.0, "mean_lvl": 0.0, "single": 0, "multiple": 0, "dormi": 0, "mixed": 0, "commercial": 0, "public": 0, "utility": 0, "tech": 0, "usage": 0, "low": 0, "mid": 0, "high": 0, "sky": 0, "year_formed": 2014, "year_gone": 9999 }, "geometry": { "type": "MultiPolygon", "coordinates": [ [ [ [ 37.560596581743908, 55.39517256961495 ], [ 37.560902510498273, 55.395318984921538 ], [ 37.560965870663324, 55.395343669532267 ], [ 37.561605709536678, 55.395524920748606 ], [ 37.565500393651092, 55.396638929690063 ], [ 37.565872283621104, 55.396731726779919 ], [ 37.566457934345493, 55.396908444324943 ], [ 37.567031789941453, 55.396283819646548 ], [ 37.567541161446776, 55.395659601004247 ], [ 37.567695570428796, 55.395485723453071 ], [ 37.567752131588456, 55.395025764051056 ], [ 37.567664235196318, 55.394908459370612 ], [ 37.566844935116151, 55.394693724713619 ], [ 37.566837895833693, 55.394485651598309 ], [ 37.563439835584447, 55.393504383469164 ], [ 37.563126647639756, 55.393427228396881 ], [ 37.56212494466503, 55.393180427610574 ], [ 37.561973203444502, 55.393143022015401 ], [ 37.560287801581829, 55.394369746363083 ], [ 37.560503110918525, 55.394454972758602 ], [ 37.560497628762597, 55.394795213617364 ], [ 37.560852285378594, 55.395000946541352 ], [ 37.560599207674692, 55.395166756460561 ], [ 37.560596581743908, 55.39517256961495 ] ] ] ] } },
{ "type": "Feature", "properties": { "fid": 355, "sqr": 9341, "gsi": 0.0, "merchant": 0, "industrial": 0, "revolutionary": 0, "postwar": 0, "urban": 0, "stagnation": 0, "nineties": 0, "contemporary": 0, "epoque": 0, "far": 0.0, "mean_lvl": 0.0, "single": 0, "multiple": 0, "dormi": 0, "mixed": 0, "commercial": 0, "public": 0, "utility": 0, "tech": 0, "usage": 0, "low": 0, "mid": 0, "high": 0, "sky": 0, "year_formed": 1952, "year_gone": 9999 }, "geometry": { "type": "MultiPolygon", "coordinates": [ [ [ [ 37.554545565152779, 55.39893399251099 ], [ 37.55336080201139, 55.399060643585116 ], [ 37.553679135969908, 55.400015255908059 ], [ 37.553696442869217, 55.40009513325888 ], [ 37.554901089686766, 55.400058994759448 ], [ 37.554897184408631, 55.400013790079306 ], [ 37.554814398035525, 55.399737042398449 ], [ 37.55456035251111, 55.39897220507472 ], [ 37.554545565152779, 55.39893399251099 ] ] ] ] } },
{ "type": "Feature", "properties": { "fid": 357, "sqr": 12901, "gsi": 0.0, "merchant": 0, "industrial": 0, "revolutionary": 0, "postwar": 0, "urban": 0, "stagnation": 0, "nineties": 0, "contemporary": 0, "epoque": 0, "far": 0.0, "mean_lvl": 0.0, "single": 0, "multiple": 0, "dormi": 0, "mixed": 0, "commercial": 0, "public": 0, "utility": 0, "tech": 0, "usage": 0, "low": 0, "mid": 0, "high": 0, "sky": 0, "year_formed": 2006, "year_gone": 9999 }, "geometry": { "type": "MultiPolygon", "coordinates": [ [ [ [ 37.533652482750256, 55.434962279639826 ], [ 37.533834334945567, 55.434972726822672 ], [ 37.534619051542705, 55.435171091643291 ], [ 37.535232787522602, 55.435243480991069 ], [ 37.536039225220279, 55.435314580510983 ], [ 37.53640701821535, 55.43520092462002 ], [ 37.536800923292482, 55.435254003435951 ], [ 37.537063737998594, 55.435292235289822 ], [ 37.537418202866533, 55.435446502637291 ], [ 37.537758231776181, 55.435260996976758 ], [ 37.537497607297489, 55.435028720669301 ], [ 37.536042364311925, 55.434860249986642 ], [ 37.535472579724768, 55.434358689918803 ], [ 37.53496881218004, 55.434535959300447 ], [ 37.534802206475497, 55.434593932498466 ], [ 37.53465447739098, 55.434611843127129 ], [ 37.534547611218166, 55.43458536078618 ], [ 37.533652482750256, 55.434962279639826 ] ] ] ] } },
{ "type": "Feature", "properties": { "fid": 359, "sqr": 23434, "gsi": 0.0, "merchant": 0, "industrial": 0, "revolutionary": 0, "postwar": 0, "urban": 0, "stagnation": 0, "nineties": 0, "contemporary": 0, "epoque": 0, "far": 0.0, "mean_lvl": 0.0, "single": 0, "multiple": 0, "dormi": 0, "mixed": 0, "commercial": 0, "public": 0, "utility": 0, "tech": 0, "usage": 0, "low": 0, "mid": 0, "high": 0, "sky": 0, "year_formed": 1947, "year_gone": 9999 }, "geometry": { "type": "MultiPolygon", "coordinates": [ [ [ [ 37.552815007675918, 55.396408788207609 ], [ 37.551701782734952, 55.396699480408287 ], [ 37.55283568364117, 55.398306135136053 ], [ 37.553178118142711, 55.39888378745362 ], [ 37.553301641048009, 55.39897554726511 ], [ 37.554513910308792, 55.398845955954798 ], [ 37.554381780944745, 55.398449386444859 ], [ 37.554269284177714, 55.398261497534982 ], [ 37.554225899781343, 55.398189125133548 ], [ 37.552815007675918, 55.396408788207609 ] ] ] ] } },
{ "type": "Feature", "properties": { "fid": 360, "sqr": 28143, "gsi": 0.0, "merchant": 0, "industrial": 0, "revolutionary": 0, "postwar": 0, "urban": 0, "stagnation": 0, "nineties": 0, "contemporary": 0, "epoque": 0, "far": 0.0, "mean_lvl": 0.0, "single": 0, "multiple": 0, "dormi": 0, "mixed": 0, "commercial": 0, "public": 0, "utility": 0, "tech": 0, "usage": 0, "low": 0, "mid": 0, "high": 0, "sky": 0, "year_formed": 1955, "year_gone": 9999 }, "geometry": { "type": "MultiPolygon", "coordinates": [ [ [ [ 37.552752002547408, 55.396326385576273 ], [ 37.551872961550586, 55.395131953272575 ], [ 37.551255966492789, 55.39434698494204 ], [ 37.550576753792228, 55.393440408657128 ], [ 37.549339815280611, 55.393713618411155 ], [ 37.551544862884967, 55.396446571459137 ], [ 37.551646768094294, 55.396614991233356 ], [ 37.552752002547408, 55.396326385576273 ] ] ] ] } },
{ "type": "Feature", "properties": { "fid": 362, "sqr": 11781, "gsi": 0.0, "merchant": 0, "industrial": 0, "revolutionary": 0, "postwar": 0, "urban": 0, "stagnation": 0, "nineties": 0, "contemporary": 0, "epoque": 0, "far": 0.0, "mean_lvl": 0.0, "single": 0, "multiple": 0, "dormi": 0, "mixed": 0, "commercial": 0, "public": 0, "utility": 0, "tech": 0, "usage": 0, "low": 0, "mid": 0, "high": 0, "sky": 0, "year_formed": 1950, "year_gone": 9999 }, "geometry": { "type": "MultiPolygon", "coordinates": [ [ [ [ 37.564367695971413, 55.469033326953472 ], [ 37.564555708612545, 55.469637873500631 ], [ 37.567300962695356, 55.46933801947926 ], [ 37.567125028072518, 55.468763972692791 ], [ 37.564367695971413, 55.469033326953472 ] ] ] ] } },
{ "type": "Feature", "properties": { "fid": 363, "sqr": 31188, "gsi": 0.0, "merchant": 0, "industrial": 0, "revolutionary": 0, "postwar": 0, "urban": 0, "stagnation": 0, "nineties": 0, "contemporary": 0, "epoque": 0, "far": 0.0, "mean_lvl": 0.0, "single": 0, "multiple": 0, "dormi": 0, "mixed": 0, "commercial": 0, "public": 0, "utility": 0, "tech": 0, "usage": 0, "low": 0, "mid": 0, "high": 0, "sky": 0, "year_formed": 1781, "year_gone": 9999 }, "geometry": { "type": "MultiPolygon", "coordinates": [ [ [ [ 37.551669165085038, 55.435762749184867 ], [ 37.55187002574845, 55.435873261121664 ], [ 37.552465621386681, 55.435533297654096 ], [ 37.553744484637058, 55.434995378568672 ], [ 37.554569230400155, 55.434874605967693 ], [ 37.554939623797218, 55.434884561130545 ], [ 37.554473174894895, 55.434512159182695 ], [ 37.553392019420123, 55.43370928210787 ], [ 37.550410958683308, 55.434924861809463 ], [ 37.550848080580828, 55.435266871728203 ], [ 37.551608266504594, 55.435725731818899 ], [ 37.551669165085038, 55.435762749184867 ] ] ] ] } },
{ "type": "Feature", "properties": { "fid": 365, "sqr": 12423, "gsi": 0.0, "merchant": 0, "industrial": 0, "revolutionary": 0, "postwar": 0, "urban": 0, "stagnation": 0, "nineties": 0, "contemporary": 0, "epoque": 0, "far": 0.0, "mean_lvl": 0.0, "single": 0, "multiple": 0, "dormi": 0, "mixed": 0, "commercial": 0, "public": 0, "utility": 0, "tech": 0, "usage": 0, "low": 0, "mid": 0, "high": 0, "sky": 0, "year_formed": 1959, "year_gone": 9999 }, "geometry": { "type": "MultiPolygon", "coordinates": [ [ [ [ 37.567096534664643, 55.46867558920637 ], [ 37.566887185843704, 55.46805620362953 ], [ 37.564121362811264, 55.468328687816843 ], [ 37.564338444381292, 55.468945017503096 ], [ 37.567096534664643, 55.46867558920637 ] ] ] ] } },
{ "type": "Feature", "properties": { "fid": 366, "sqr": 12550, "gsi": 0.0, "merchant": 0, "industrial": 0, "revolutionary": 0, "postwar": 0, "urban": 0, "stagnation": 0, "nineties": 0, "contemporary": 0, "epoque": 0, "far": 0.0, "mean_lvl": 0.0, "single": 0, "multiple": 0, "dormi": 0, "mixed": 0, "commercial": 0, "public": 0, "utility": 0, "tech": 0, "usage": 0, "low": 0, "mid": 0, "high": 0, "sky": 0, "year_formed": 1950, "year_gone": 9999 }, "geometry": { "type": "MultiPolygon", "coordinates": [ [ [ [ 37.564774555017152, 55.470350745601358 ], [ 37.567525918771302, 55.470057163295181 ], [ 37.567328388497948, 55.469426517855851 ], [ 37.564583048173212, 55.469726381222436 ], [ 37.564774555017152, 55.470350745601358 ] ] ] ] } },
{ "type": "Feature", "properties": { "fid": 367, "sqr": 12520, "gsi": 0.0, "merchant": 0, "industrial": 0, "revolutionary": 0, "postwar": 0, "urban": 0, "stagnation": 0, "nineties": 0, "contemporary": 0, "epoque": 0, "far": 0.0, "mean_lvl": 0.0, "single": 0, "multiple": 0, "dormi": 0, "mixed": 0, "commercial": 0, "public": 0, "utility": 0, "tech": 0, "usage": 0, "low": 0, "mid": 0, "high": 0, "sky": 0, "year_formed": 1950, "year_gone": 9999 }, "geometry": { "type": "MultiPolygon", "coordinates": [ [ [ [ 37.564800778897151, 55.470439366886808 ], [ 37.564978993383342, 55.471065346427352 ], [ 37.567753114615172, 55.470765891588414 ], [ 37.567553964611591, 55.470145590235788 ], [ 37.564800778897151, 55.470439366886808 ] ] ] ] } },
{ "type": "Feature", "properties": { "fid": 372, "sqr": 13333, "gsi": 0.0, "merchant": 0, "industrial": 0, "revolutionary": 0, "postwar": 0, "urban": 0, "stagnation": 0, "nineties": 0, "contemporary": 0, "epoque": 0, "far": 0.0, "mean_lvl": 0.0, "single": 0, "multiple": 0, "dormi": 0, "mixed": 0, "commercial": 0, "public": 0, "utility": 0, "tech": 0, "usage": 0, "low": 0, "mid": 0, "high": 0, "sky": 0, "year_formed": 1953, "year_gone": 9999 }, "geometry": { "type": "MultiPolygon", "coordinates": [ [ [ [ 37.565005595214622, 55.471153930862904 ], [ 37.56521098611465, 55.47180277534688 ], [ 37.56800006414926, 55.47152307302963 ], [ 37.56798823029407, 55.471493685444678 ], [ 37.567876814887633, 55.47115041159671 ], [ 37.567781524914871, 55.470854280872324 ], [ 37.565005595214622, 55.471153930862904 ] ] ] ] } },
{ "type": "Feature", "properties": { "fid": 373, "sqr": 7412, "gsi": 0.0, "merchant": 0, "industrial": 0, "revolutionary": 0, "postwar": 0, "urban": 0, "stagnation": 0, "nineties": 0, "contemporary": 0, "epoque": 0, "far": 0.0, "mean_lvl": 0.0, "single": 0, "multiple": 0, "dormi": 0, "mixed": 0, "commercial": 0, "public": 0, "utility": 0, "tech": 0, "usage": 0, "low": 0, "mid": 0, "high": 0, "sky": 0, "year_formed": 1959, "year_gone": 9999 }, "geometry": { "type": "MultiPolygon", "coordinates": [ [ [ [ 37.563965579686538, 55.468344332779928 ], [ 37.562639140033347, 55.468480205948602 ], [ 37.56224900381622, 55.469030780243187 ], [ 37.562199625725555, 55.469053498534031 ], [ 37.562465785458137, 55.469114535245239 ], [ 37.563704454165396, 55.469023312319472 ], [ 37.564183288255578, 55.468962449554077 ], [ 37.563965579686538, 55.468344332779928 ] ] ] ] } },
{ "type": "Feature", "properties": { "fid": 374, "sqr": 12596, "gsi": 0.0, "merchant": 0, "industrial": 0, "revolutionary": 0, "postwar": 0, "urban": 0, "stagnation": 0, "nineties": 0, "contemporary": 0, "epoque": 0, "far": 0.0, "mean_lvl": 0.0, "single": 0, "multiple": 0, "dormi": 0, "mixed": 0, "commercial": 0, "public": 0, "utility": 0, "tech": 0, "usage": 0, "low": 0, "mid": 0, "high": 0, "sky": 0, "year_formed": 1951, "year_gone": 9999 }, "geometry": { "type": "MultiPolygon", "coordinates": [ [ [ [ 37.565239078634519, 55.471891195721795 ], [ 37.565435426385896, 55.472506950343998 ], [ 37.566426346365304, 55.472392737863409 ], [ 37.567567525886751, 55.472281522913228 ], [ 37.5683438638955, 55.472206294512084 ], [ 37.568295615284157, 55.47208574384269 ], [ 37.568040472781654, 55.471610258140686 ], [ 37.565239078634519, 55.471891195721795 ] ] ] ] } },
{ "type": "Feature", "properties": { "fid": 375, "sqr": 16841, "gsi": 0.0, "merchant": 0, "industrial": 0, "revolutionary": 0, "postwar": 0, "urban": 0, "stagnation": 0, "nineties": 0, "contemporary": 0, "epoque": 0, "far": 0.0, "mean_lvl": 0.0, "single": 0, "multiple": 0, "dormi": 0, "mixed": 0, "commercial": 0, "public": 0, "utility": 0, "tech": 0, "usage": 0, "low": 0, "mid": 0, "high": 0, "sky": 0, "year_formed": 1953, "year_gone": 9999 }, "geometry": { "type": "MultiPolygon", "coordinates": [ [ [ [ 37.565464791129422, 55.472595244919376 ], [ 37.565716023272465, 55.4733198900731 ], [ 37.565737305194638, 55.473382324591803 ], [ 37.567324554982449, 55.473213467684531 ], [ 37.568218471592296, 55.473127999167723 ], [ 37.568628733706703, 55.4730888500969 ], [ 37.568660298172333, 55.473086560028946 ], [ 37.568474693766177, 55.47256603929015 ], [ 37.568377282359023, 55.472294202355094 ], [ 37.56759423662222, 55.472370080741932 ], [ 37.566455453666421, 55.472481062134705 ], [ 37.565464791129422, 55.472595244919376 ] ] ] ] } },
{ "type": "Feature", "properties": { "fid": 376, "sqr": 25826, "gsi": 0.0, "merchant": 0, "industrial": 0, "revolutionary": 0, "postwar": 0, "urban": 0, "stagnation": 0, "nineties": 0, "contemporary": 0, "epoque": 0, "far": 0.0, "mean_lvl": 0.0, "single": 0, "multiple": 0, "dormi": 0, "mixed": 0, "commercial": 0, "public": 0, "utility": 0, "tech": 0, "usage": 0, "low": 0, "mid": 0, "high": 0, "sky": 0, "year_formed": 1959, "year_gone": 9999 }, "geometry": { "type": "MultiPolygon", "coordinates": [ [ [ [ 37.566859051120495, 55.467967786153402 ], [ 37.566556951135027, 55.466956623418604 ], [ 37.566292533906456, 55.46693144464539 ], [ 37.565832547551707, 55.466918867657036 ], [ 37.56544436858961, 55.46694824596451 ], [ 37.564954274087548, 55.467043286278269 ], [ 37.564812132786535, 55.467077602846132 ], [ 37.563905483299003, 55.467365065166462 ], [ 37.563434419970413, 55.467628798246416 ], [ 37.56313601644154, 55.467838980054736 ], [ 37.562714575399241, 55.468381182200275 ], [ 37.564014127758178, 55.468248062188692 ], [ 37.566859051120495, 55.467967786153402 ] ] ] ] } },
{ "type": "Feature", "properties": { "fid": 380, "sqr": 37887, "gsi": 0.0, "merchant": 0, "industrial": 0, "revolutionary": 0, "postwar": 0, "urban": 0, "stagnation": 0, "nineties": 0, "contemporary": 0, "epoque": 0, "far": 0.0, "mean_lvl": 0.0, "single": 0, "multiple": 0, "dormi": 0, "mixed": 0, "commercial": 0, "public": 0, "utility": 0, "tech": 0, "usage": 0, "low": 0, "mid": 0, "high": 0, "sky": 0, "year_formed": 1981, "year_gone": 9999 }, "geometry": { "type": "MultiPolygon", "coordinates": [ [ [ [ 37.562530754629591, 55.471405199416395 ], [ 37.563143101121518, 55.473388089463967 ], [ 37.563209457835725, 55.473647644590642 ], [ 37.565581788978022, 55.473398754073671 ], [ 37.565560776694497, 55.473337109877512 ], [ 37.565294286013696, 55.472568443947559 ], [ 37.565069270897986, 55.471862778575833 ], [ 37.564850065803959, 55.47117028620719 ], [ 37.562697590515405, 55.471390717930888 ], [ 37.562530754629591, 55.471405199416395 ] ] ] ] } },
{ "type": "Feature", "properties": { "fid": 381, "sqr": 95533, "gsi": 0.0, "merchant": 0, "industrial": 0, "revolutionary": 0, "postwar": 0, "urban": 0, "stagnation": 0, "nineties": 0, "contemporary": 0, "epoque": 0, "far": 0.0, "mean_lvl": 0.0, "single": 0, "multiple": 0, "dormi": 0, "mixed": 0, "commercial": 0, "public": 0, "utility": 0, "tech": 0, "usage": 0, "low": 0, "mid": 0, "high": 0, "sky": 0, "year_formed": 1951, "year_gone": 9999 }, "geometry": { "type": "MultiPolygon", "coordinates": [ [ [ [ 37.563234403909604, 55.473736395213898 ], [ 37.563889810328348, 55.47586495584158 ], [ 37.564362609471033, 55.477398443232779 ], [ 37.564852596251946, 55.478984290307679 ], [ 37.565260610983159, 55.480289179154077 ], [ 37.565493422754173, 55.480250971761443 ], [ 37.5656999139986, 55.480230363448641 ], [ 37.566553645938093, 55.480143941307659 ], [ 37.566269581402857, 55.478831400583104 ], [ 37.565975035944945, 55.477654037016976 ], [ 37.566813934999772, 55.477550886858118 ], [ 37.566532253811104, 55.476468066102029 ], [ 37.566457313824941, 55.476179879247518 ], [ 37.566027139649783, 55.47479249870694 ], [ 37.565610919561095, 55.473487065733941 ], [ 37.563234403909604, 55.473736395213898 ] ] ] ] } },
{ "type": "Feature", "properties": { "fid": 382, "sqr": 202516, "gsi": 0.0, "merchant": 0, "industrial": 0, "revolutionary": 0, "postwar": 0, "urban": 0, "stagnation": 0, "nineties": 0, "contemporary": 0, "epoque": 0, "far": 0.0, "mean_lvl": 0.0, "single": 0, "multiple": 0, "dormi": 0, "mixed": 0, "commercial": 0, "public": 0, "utility": 0, "tech": 0, "usage": 0, "low": 0, "mid": 0, "high": 0, "sky": 0, "year_formed": 1963, "year_gone": 9999 }, "geometry": { "type": "MultiPolygon", "coordinates": [ [ [ [ 37.56901561146536, 55.479982186587044 ], [ 37.569045400267463, 55.480078096268606 ], [ 37.569655107104381, 55.48204360578108 ], [ 37.569924984955399, 55.482913573543364 ], [ 37.570112749246775, 55.483625244681001 ], [ 37.568634830687181, 55.484010348370951 ], [ 37.567780015941246, 55.484312147525451 ], [ 37.566689409334316, 55.484641795951681 ], [ 37.566615484517683, 55.484663431761099 ], [ 37.567519602851668, 55.487610381771631 ], [ 37.573382682405501, 55.48706520018672 ], [ 37.571175044447344, 55.479781411183431 ], [ 37.56901561146536, 55.479982186587044 ] ] ] ] } },
{ "type": "Feature", "properties": { "fid": 383, "sqr": 13087, "gsi": 0.0, "merchant": 0, "industrial": 0, "revolutionary": 0, "postwar": 0, "urban": 0, "stagnation": 0, "nineties": 0, "contemporary": 0, "epoque": 0, "far": 0.0, "mean_lvl": 0.0, "single": 0, "multiple": 0, "dormi": 0, "mixed": 0, "commercial": 0, "public": 0, "utility": 0, "tech": 0, "usage": 0, "low": 0, "mid": 0, "high": 0, "sky": 0, "year_formed": 1781, "year_gone": 1913 }, "geometry": { "type": "MultiPolygon", "coordinates": [ [ [ [ 37.548370620625846, 55.437136051738783 ], [ 37.549333227325846, 55.437850697410298 ], [ 37.549760821515477, 55.437439401770156 ], [ 37.550237014590593, 55.436988811175333 ], [ 37.551092337211813, 55.436317297664871 ], [ 37.551758500137524, 55.435936930108987 ], [ 37.551609433676113, 55.435854914886875 ], [ 37.551606822555677, 55.435856180180785 ], [ 37.551542028396256, 55.435817049419768 ], [ 37.550998120119118, 55.436056084333323 ], [ 37.548370620625846, 55.437136051738783 ] ] ] ] } },
{ "type": "Feature", "properties": { "fid": 384, "sqr": 100324, "gsi": 0.0, "merchant": 0, "industrial": 0, "revolutionary": 0, "postwar": 0, "urban": 0, "stagnation": 0, "nineties": 0, "contemporary": 0, "epoque": 0, "far": 0.0, "mean_lvl": 0.0, "single": 0, "multiple": 0, "dormi": 0, "mixed": 0, "commercial": 0, "public": 0, "utility": 0, "tech": 0, "usage": 0, "low": 0, "mid": 0, "high": 0, "sky": 0, "year_formed": 1960, "year_gone": 9999 }, "geometry": { "type": "MultiPolygon", "coordinates": [ [ [ [ 37.566587030600196, 55.484570679896585 ], [ 37.566615990739194, 55.484562204037466 ], [ 37.567700984136287, 55.484234252461938 ], [ 37.568559769387726, 55.483931051617681 ], [ 37.569938650871926, 55.483571755257678 ], [ 37.56976881501685, 55.482928026406633 ], [ 37.569499292797047, 55.482059193947897 ], [ 37.568889598169328, 55.480093698745158 ], [ 37.568859711445612, 55.479997472564555 ], [ 37.566655309950839, 55.480224913885685 ], [ 37.565727486031456, 55.480318836549671 ], [ 37.565529177284709, 55.480338628235849 ], [ 37.565288429564482, 55.480378137994933 ], [ 37.565940611518954, 55.482463417128187 ], [ 37.566587030600196, 55.484570679896585 ] ] ] ] } },
{ "type": "Feature", "properties": { "fid": 385, "sqr": 22066, "gsi": 0.0, "merchant": 0, "industrial": 0, "revolutionary": 0, "postwar": 0, "urban": 0, "stagnation": 0, "nineties": 0, "contemporary": 0, "epoque": 0, "far": 0.0, "mean_lvl": 0.0, "single": 0, "multiple": 0, "dormi": 0, "mixed": 0, "commercial": 0, "public": 0, "utility": 0, "tech": 0, "usage": 0, "low": 0, "mid": 0, "high": 0, "sky": 0, "year_formed": 1930, "year_gone": 9999 }, "geometry": { "type": "MultiPolygon", "coordinates": [ [ [ [ 37.574503786422042, 55.41975847468688 ], [ 37.575435310399435, 55.420189035384212 ], [ 37.575625347050703, 55.420276889973799 ], [ 37.576194107760124, 55.420523244988772 ], [ 37.576626476496841, 55.420214899446151 ], [ 37.577545449763754, 55.419602783308783 ], [ 37.577771621356327, 55.419409199797052 ], [ 37.576124870183953, 55.418623555674692 ], [ 37.575379898945002, 55.419160163605028 ], [ 37.575278698402855, 55.419229575580459 ], [ 37.574946390170616, 55.419457550066667 ], [ 37.574503786422042, 55.41975847468688 ] ] ] ] } },
{ "type": "Feature", "properties": { "fid": 387, "sqr": 22997, "gsi": 0.0, "merchant": 0, "industrial": 0, "revolutionary": 0, "postwar": 0, "urban": 0, "stagnation": 0, "nineties": 0, "contemporary": 0, "epoque": 0, "far": 0.0, "mean_lvl": 0.0, "single": 0, "multiple": 0, "dormi": 0, "mixed": 0, "commercial": 0, "public": 0, "utility": 0, "tech": 0, "usage": 0, "low": 0, "mid": 0, "high": 0, "sky": 0, "year_formed": 1947, "year_gone": 9999 }, "geometry": { "type": "MultiPolygon", "coordinates": [ [ [ [ 37.581824620474698, 55.423089550215593 ], [ 37.582978849923855, 55.423926877017166 ], [ 37.583641708672516, 55.423713686851393 ], [ 37.585703884287, 55.423133080978495 ], [ 37.584923753526446, 55.422226550813207 ], [ 37.584821880074522, 55.422287650832004 ], [ 37.58268042352654, 55.422860551120536 ], [ 37.581824620474698, 55.423089550215593 ] ] ] ] } },
{ "type": "Feature", "properties": { "fid": 388, "sqr": 35022, "gsi": 0.0, "merchant": 0, "industrial": 0, "revolutionary": 0, "postwar": 0, "urban": 0, "stagnation": 0, "nineties": 0, "contemporary": 0, "epoque": 0, "far": 0.0, "mean_lvl": 0.0, "single": 0, "multiple": 0, "dormi": 0, "mixed": 0, "commercial": 0, "public": 0, "utility": 0, "tech": 0, "usage": 0, "low": 0, "mid": 0, "high": 0, "sky": 0, "year_formed": 1948, "year_gone": 9999 }, "geometry": { "type": "MultiPolygon", "coordinates": [ [ [ [ 37.583811052263059, 55.423766265403557 ], [ 37.585040079090682, 55.424483394545703 ], [ 37.589500065824609, 55.423221871748346 ], [ 37.588847786001558, 55.422391529859674 ], [ 37.587474237837554, 55.422751675080988 ], [ 37.585843925820761, 55.423193907174046 ], [ 37.583811052263059, 55.423766265403557 ] ] ] ] } },
{ "type": "Feature", "properties": { "fid": 389, "sqr": 38439, "gsi": 0.0, "merchant": 0, "industrial": 0, "revolutionary": 0, "postwar": 0, "urban": 0, "stagnation": 0, "nineties": 0, "contemporary": 0, "epoque": 0, "far": 0.0, "mean_lvl": 0.0, "single": 0, "multiple": 0, "dormi": 0, "mixed": 0, "commercial": 0, "public": 0, "utility": 0, "tech": 0, "usage": 0, "low": 0, "mid": 0, "high": 0, "sky": 0, "year_formed": 1947, "year_gone": 9999 }, "geometry": { "type": "MultiPolygon", "coordinates": [ [ [ [ 37.587330533271434, 55.422691111687243 ], [ 37.586896475289628, 55.422250841969039 ], [ 37.587314971119994, 55.420983407729551 ], [ 37.588153434853282, 55.420735827036083 ], [ 37.587444432446745, 55.419842939188179 ], [ 37.586181937033949, 55.420167364074779 ], [ 37.585901162643189, 55.420236957034724 ], [ 37.58502851368786, 55.422143904331811 ], [ 37.585845972443231, 55.42309380766801 ], [ 37.587330533271434, 55.422691111687243 ] ] ] ] } },
{ "type": "Feature", "properties": { "fid": 390, "sqr": 22317, "gsi": 0.0, "merchant": 0, "industrial": 0, "revolutionary": 0, "postwar": 0, "urban": 0, "stagnation": 0, "nineties": 0, "contemporary": 0, "epoque": 0, "far": 0.0, "mean_lvl": 0.0, "single": 0, "multiple": 0, "dormi": 0, "mixed": 0, "commercial": 0, "public": 0, "utility": 0, "tech": 0, "usage": 0, "low": 0, "mid": 0, "high": 0, "sky": 0, "year_formed": 1930, "year_gone": 9999 }, "geometry": { "type": "MultiPolygon", "coordinates": [ [ [ [ 37.587375268602401, 55.419762119110928 ], [ 37.58672590223474, 55.419052945429549 ], [ 37.586398046443485, 55.418715554308136 ], [ 37.58574659116146, 55.418171051503919 ], [ 37.584271988432477, 55.418864446488683 ], [ 37.584206453043507, 55.418892224490463 ], [ 37.585860169518412, 55.420149108042573 ], [ 37.586117863031966, 55.420085235916915 ], [ 37.587375268602401, 55.419762119110928 ] ] ] ] } },
{ "type": "Feature", "properties": { "fid": 391, "sqr": 45824, "gsi": 0.0, "merchant": 0, "industrial": 0, "revolutionary": 0, "postwar": 0, "urban": 0, "stagnation": 0, "nineties": 0, "contemporary": 0, "epoque": 0, "far": 0.0, "mean_lvl": 0.0, "single": 0, "multiple": 0, "dormi": 0, "mixed": 0, "commercial": 0, "public": 0, "utility": 0, "tech": 0, "usage": 0, "low": 0, "mid": 0, "high": 0, "sky": 0, "year_formed": 1947, "year_gone": 9999 }, "geometry": { "type": "MultiPolygon", "coordinates": [ [ [ [ 37.588290010401629, 55.420796734255596 ], [ 37.587456028986502, 55.421042992230213 ], [ 37.587062324678826, 55.4222353579745 ], [ 37.587473904191633, 55.422652825642146 ], [ 37.588861877448267, 55.422288897101623 ], [ 37.591378646570696, 55.42196943048274 ], [ 37.591036873076902, 55.420944294773271 ], [ 37.590754598834117, 55.420195416273629 ], [ 37.588290010401629, 55.420796734255596 ] ] ] ] } },
{ "type": "Feature", "properties": { "fid": 393, "sqr": 77885, "gsi": 0.0, "merchant": 0, "industrial": 0, "revolutionary": 0, "postwar": 0, "urban": 0, "stagnation": 0, "nineties": 0, "contemporary": 0, "epoque": 0, "far": 0.0, "mean_lvl": 0.0, "single": 0, "multiple": 0, "dormi": 0, "mixed": 0, "commercial": 0, "public": 0, "utility": 0, "tech": 0, "usage": 0, "low": 0, "mid": 0, "high": 0, "sky": 0, "year_formed": 1930, "year_gone": 9999 }, "geometry": { "type": "MultiPolygon", "coordinates": [ [ [ [ 37.577872061202491, 55.419339848111534 ], [ 37.57938657384738, 55.41848593444206 ], [ 37.577501409545675, 55.417431860737949 ], [ 37.577646718756284, 55.417341472612875 ], [ 37.575930292751011, 55.416471784891669 ], [ 37.573434558342349, 55.417925181523557 ], [ 37.572154096499361, 55.41869057488902 ], [ 37.574380760922502, 55.419702092488777 ], [ 37.574825009917724, 55.419400049903558 ], [ 37.575157098867564, 55.419172226322765 ], [ 37.575257101142888, 55.41910363636454 ], [ 37.576101729851807, 55.418495244323744 ], [ 37.577872061202491, 55.419339848111534 ] ] ] ] } },
{ "type": "Feature", "properties": { "fid": 394, "sqr": 13036, "gsi": 0.0, "merchant": 0, "industrial": 0, "revolutionary": 0, "postwar": 0, "urban": 0, "stagnation": 0, "nineties": 0, "contemporary": 0, "epoque": 0, "far": 0.0, "mean_lvl": 0.0, "single": 0, "multiple": 0, "dormi": 0, "mixed": 0, "commercial": 0, "public": 0, "utility": 0, "tech": 0, "usage": 0, "low": 0, "mid": 0, "high": 0, "sky": 0, "year_formed": 1781, "year_gone": 9999 }, "geometry": { "type": "MultiPolygon", "coordinates": [ [ [ [ 37.593358162586156, 55.421771030845882 ], [ 37.592936473111408, 55.420755497006496 ], [ 37.591206222519034, 55.42096998479353 ], [ 37.591533604604876, 55.421951941459476 ], [ 37.593358162586156, 55.421771030845882 ] ] ] ] } },
{ "type": "Feature", "properties": { "fid": 395, "sqr": 10462, "gsi": 0.0, "merchant": 0, "industrial": 0, "revolutionary": 0, "postwar": 0, "urban": 0, "stagnation": 0, "nineties": 0, "contemporary": 0, "epoque": 0, "far": 0.0, "mean_lvl": 0.0, "single": 0, "multiple": 0, "dormi": 0, "mixed": 0, "commercial": 0, "public": 0, "utility": 0, "tech": 0, "usage": 0, "low": 0, "mid": 0, "high": 0, "sky": 0, "year_formed": 1947, "year_gone": 9999 }, "geometry": { "type": "MultiPolygon", "coordinates": [ [ [ [ 37.590902388319059, 55.420158892533976 ], [ 37.59117491614051, 55.420881907228512 ], [ 37.592901302367189, 55.420667898472864 ], [ 37.592543386631348, 55.419745614475005 ], [ 37.590902388319059, 55.420158892533976 ] ] ] ] } },
{ "type": "Feature", "properties": { "fid": 396, "sqr": 18550, "gsi": 0.0, "merchant": 0, "industrial": 0, "revolutionary": 0, "postwar": 0, "urban": 0, "stagnation": 0, "nineties": 0, "contemporary": 0, "epoque": 0, "far": 0.0, "mean_lvl": 0.0, "single": 0, "multiple": 0, "dormi": 0, "mixed": 0, "commercial": 0, "public": 0, "utility": 0, "tech": 0, "usage": 0, "low": 0, "mid": 0, "high": 0, "sky": 0, "year_formed": 1947, "year_gone": 9999 }, "geometry": { "type": "MultiPolygon", "coordinates": [ [ [ [ 37.590706569597607, 55.420109367825155 ], [ 37.589962204329964, 55.41917241138345 ], [ 37.587587937555263, 55.419805379512063 ], [ 37.588296284367416, 55.420697437677688 ], [ 37.590706569597607, 55.420109367825155 ] ] ] ] } },
{ "type": "Feature", "properties": { "fid": 397, "sqr": 13051, "gsi": 0.0, "merchant": 0, "industrial": 0, "revolutionary": 0, "postwar": 0, "urban": 0, "stagnation": 0, "nineties": 0, "contemporary": 0, "epoque": 0, "far": 0.0, "mean_lvl": 0.0, "single": 0, "multiple": 0, "dormi": 0, "mixed": 0, "commercial": 0, "public": 0, "utility": 0, "tech": 0, "usage": 0, "low": 0, "mid": 0, "high": 0, "sky": 0, "year_formed": 1781, "year_gone": 9999 }, "geometry": { "type": "MultiPolygon", "coordinates": [ [ [ [ 37.592494686986811, 55.419659616453224 ], [ 37.591739999105791, 55.418718830171059 ], [ 37.590105810810208, 55.419134982582079 ], [ 37.590851397184181, 55.420073471738149 ], [ 37.592494686986811, 55.419659616453224 ] ] ] ] } },
{ "type": "Feature", "properties": { "fid": 398, "sqr": 29859, "gsi": 0.0, "merchant": 0, "industrial": 0, "revolutionary": 0, "postwar": 0, "urban": 0, "stagnation": 0, "nineties": 0, "contemporary": 0, "epoque": 0, "far": 0.0, "mean_lvl": 0.0, "single": 0, "multiple": 0, "dormi": 0, "mixed": 0, "commercial": 0, "public": 0, "utility": 0, "tech": 0, "usage": 0, "low": 0, "mid": 0, "high": 0, "sky": 0, "year_formed": 1930, "year_gone": 9999 }, "geometry": { "type": "MultiPolygon", "coordinates": [ [ [ [ 37.590762183052746, 55.417667092443168 ], [ 37.586899198890769, 55.419047697055902 ], [ 37.587518963219367, 55.419724538916327 ], [ 37.589968301088085, 55.419071556415993 ], [ 37.59167178060936, 55.41863775962684 ], [ 37.591191692772227, 55.418091866504 ], [ 37.590762183052746, 55.417667092443168 ] ] ] ] } },
{ "type": "Feature", "properties": { "fid": 399, "sqr": 38912, "gsi": 0.0, "merchant": 0, "industrial": 0, "revolutionary": 0, "postwar": 0, "urban": 0, "stagnation": 0, "nineties": 0, "contemporary": 0, "epoque": 0, "far": 0.0, "mean_lvl": 0.0, "single": 0, "multiple": 0, "dormi": 0, "mixed": 0, "commercial": 0, "public": 0, "utility": 0, "tech": 0, "usage": 0, "low": 0, "mid": 0, "high": 0, "sky": 0, "year_formed": 1930, "year_gone": 9999 }, "geometry": { "type": "MultiPolygon", "coordinates": [ [ [ [ 37.586824214737632, 55.418968383054278 ], [ 37.590688428691109, 55.417587339346809 ], [ 37.589671108536976, 55.416359105795479 ], [ 37.585869240577452, 55.418113866273494 ], [ 37.586532753476739, 55.418668445654248 ], [ 37.586824214737632, 55.418968383054278 ] ] ] ] } },
{ "type": "Feature", "properties": { "fid": 400, "sqr": 12142, "gsi": 0.0, "merchant": 0, "industrial": 0, "revolutionary": 0, "postwar": 0, "urban": 0, "stagnation": 0, "nineties": 0, "contemporary": 0, "epoque": 0, "far": 0.0, "mean_lvl": 0.0, "single": 0, "multiple": 0, "dormi": 0, "mixed": 0, "commercial": 0, "public": 0, "utility": 0, "tech": 0, "usage": 0, "low": 0, "mid": 0, "high": 0, "sky": 0, "year_formed": 1948, "year_gone": 9999 }, "geometry": { "type": "MultiPolygon", "coordinates": [ [ [ [ 37.595108549625976, 55.421547845021323 ], [ 37.594716318620954, 55.420530249015158 ], [ 37.593090758348374, 55.420736159406104 ], [ 37.593513180820935, 55.421753448836462 ], [ 37.595108549625976, 55.421547845021323 ] ] ] ] } },
{ "type": "Feature", "properties": { "fid": 401, "sqr": 11240, "gsi": 0.0, "merchant": 0, "industrial": 0, "revolutionary": 0, "postwar": 0, "urban": 0, "stagnation": 0, "nineties": 0, "contemporary": 0, "epoque": 0, "far": 0.0, "mean_lvl": 0.0, "single": 0, "multiple": 0, "dormi": 0, "mixed": 0, "commercial": 0, "public": 0, "utility": 0, "tech": 0, "usage": 0, "low": 0, "mid": 0, "high": 0, "sky": 0, "year_formed": 1948, "year_gone": 9999 }, "geometry": { "type": "MultiPolygon", "coordinates": [ [ [ [ 37.594683514963002, 55.420442353815382 ], [ 37.594349999043466, 55.419517894942452 ], [ 37.592694004879867, 55.419716884802305 ], [ 37.593055571048637, 55.420648566149183 ], [ 37.594683514963002, 55.420442353815382 ] ] ] ] } },
{ "type": "Feature", "properties": { "fid": 402, "sqr": 13760, "gsi": 0.0, "merchant": 0, "industrial": 0, "revolutionary": 0, "postwar": 0, "urban": 0, "stagnation": 0, "nineties": 0, "contemporary": 0, "epoque": 0, "far": 0.0, "mean_lvl": 0.0, "single": 0, "multiple": 0, "dormi": 0, "mixed": 0, "commercial": 0, "public": 0, "utility": 0, "tech": 0, "usage": 0, "low": 0, "mid": 0, "high": 0, "sky": 0, "year_formed": 1946, "year_gone": 9999 }, "geometry": { "type": "MultiPolygon", "coordinates": [ [ [ [ 37.591883900807964, 55.418681774105764 ], [ 37.592645287377209, 55.419630906359558 ], [ 37.594302371218781, 55.419431785785783 ], [ 37.593565403855919, 55.418409724187022 ], [ 37.593452297431341, 55.418273428108634 ], [ 37.591883900807964, 55.418681774105764 ] ] ] ] } },
{ "type": "Feature", "properties": { "fid": 403, "sqr": 14430, "gsi": 0.0, "merchant": 0, "industrial": 0, "revolutionary": 0, "postwar": 0, "urban": 0, "stagnation": 0, "nineties": 0, "contemporary": 0, "epoque": 0, "far": 0.0, "mean_lvl": 0.0, "single": 0, "multiple": 0, "dormi": 0, "mixed": 0, "commercial": 0, "public": 0, "utility": 0, "tech": 0, "usage": 0, "low": 0, "mid": 0, "high": 0, "sky": 0, "year_formed": 1948, "year_gone": 9999 }, "geometry": { "type": "MultiPolygon", "coordinates": [ [ [ [ 37.594871293844335, 55.420512750848467 ], [ 37.595262940268377, 55.42152881988094 ], [ 37.59706456225824, 55.421316993480097 ], [ 37.597262615215534, 55.421291427772481 ], [ 37.596795209754774, 55.420313985859224 ], [ 37.596150543482274, 55.420385079458867 ], [ 37.594871293844335, 55.420512750848467 ] ] ] ] } },
{ "type": "Feature", "properties": { "fid": 404, "sqr": 7987, "gsi": 0.0, "merchant": 0, "industrial": 0, "revolutionary": 0, "postwar": 0, "urban": 0, "stagnation": 0, "nineties": 0, "contemporary": 0, "epoque": 0, "far": 0.0, "mean_lvl": 0.0, "single": 0, "multiple": 0, "dormi": 0, "mixed": 0, "commercial": 0, "public": 0, "utility": 0, "tech": 0, "usage": 0, "low": 0, "mid": 0, "high": 0, "sky": 0, "year_formed": 1957, "year_gone": 9999 }, "geometry": { "type": "MultiPolygon", "coordinates": [ [ [ [ 37.594504874257616, 55.419500209440855 ], [ 37.594838443972861, 55.420424807367993 ], [ 37.59603935313136, 55.420304954955952 ], [ 37.595851293940143, 55.41986931366808 ], [ 37.595666966409929, 55.419374363181063 ], [ 37.594504874257616, 55.419500209440855 ] ] ] ] } },
{ "type": "Feature", "properties": { "fid": 405, "sqr": 23601, "gsi": 0.0, "merchant": 0, "industrial": 0, "revolutionary": 0, "postwar": 0, "urban": 0, "stagnation": 0, "nineties": 0, "contemporary": 0, "epoque": 0, "far": 0.0, "mean_lvl": 0.0, "single": 0, "multiple": 0, "dormi": 0, "mixed": 0, "commercial": 0, "public": 0, "utility": 0, "tech": 0, "usage": 0, "low": 0, "mid": 0, "high": 0, "sky": 0, "year_formed": 1949, "year_gone": 9999 }, "geometry": { "type": "MultiPolygon", "coordinates": [ [ [ [ 37.585648404500276, 55.418100646007538 ], [ 37.58447691597226, 55.417380599746828 ], [ 37.583253845063545, 55.416760531604901 ], [ 37.582147261240294, 55.417597942188735 ], [ 37.584227944212053, 55.41876858191555 ], [ 37.585648404500276, 55.418100646007538 ] ] ] ] } },
{ "type": "Feature", "properties": { "fid": 406, "sqr": 54382, "gsi": 0.0, "merchant": 0, "industrial": 0, "revolutionary": 0, "postwar": 0, "urban": 0, "stagnation": 0, "nineties": 0, "contemporary": 0, "epoque": 0, "far": 0.0, "mean_lvl": 0.0, "single": 0, "multiple": 0, "dormi": 0, "mixed": 0, "commercial": 0, "public": 0, "utility": 0, "tech": 0, "usage": 0, "low": 0, "mid": 0, "high": 0, "sky": 0, "year_formed": 1915, "year_gone": 9999 }, "geometry": { "type": "MultiPolygon", "coordinates": [ [ [ [ 37.572044540134947, 55.418755792804568 ], [ 37.570448370050244, 55.419701315573938 ], [ 37.568957894447919, 55.420584048715988 ], [ 37.569893800813318, 55.421046250368711 ], [ 37.571488366389474, 55.421719342957452 ], [ 37.574280175505031, 55.419771387122658 ], [ 37.572044540134947, 55.418755792804568 ] ] ] ] } },
{ "type": "Feature", "properties": { "fid": 407, "sqr": 22534, "gsi": 0.0, "merchant": 0, "industrial": 0, "revolutionary": 0, "postwar": 0, "urban": 0, "stagnation": 0, "nineties": 0, "contemporary": 0, "epoque": 0, "far": 0.0, "mean_lvl": 0.0, "single": 0, "multiple": 0, "dormi": 0, "mixed": 0, "commercial": 0, "public": 0, "utility": 0, "tech": 0, "usage": 0, "low": 0, "mid": 0, "high": 0, "sky": 0, "year_formed": 1930, "year_gone": 9999 }, "geometry": { "type": "MultiPolygon", "coordinates": [ [ [ [ 37.569823949032269, 55.422334250167808 ], [ 37.569823958637713, 55.422334244816071 ], [ 37.570184578483897, 55.422491371430191 ], [ 37.570470197088319, 55.422470374412732 ], [ 37.570465864257066, 55.422421495246212 ], [ 37.57138790256996, 55.421788825865512 ], [ 37.569794799098787, 55.421116349610543 ], [ 37.568847770431539, 55.42064865452349 ], [ 37.568513685917004, 55.420842594451777 ], [ 37.567828045799097, 55.421263394143985 ], [ 37.567656281194644, 55.421390885970965 ], [ 37.5677159011857, 55.421415618081461 ], [ 37.568582939719207, 55.421793539792041 ], [ 37.569823949032269, 55.422334250167808 ] ] ] ] } },
{ "type": "Feature", "properties": { "fid": 408, "sqr": 501883, "gsi": 0.0, "merchant": 0, "industrial": 0, "revolutionary": 0, "postwar": 0, "urban": 0, "stagnation": 0, "nineties": 0, "contemporary": 0, "epoque": 0, "far": 0.0, "mean_lvl": 0.0, "single": 0, "multiple": 0, "dormi": 0, "mixed": 0, "commercial": 0, "public": 0, "utility": 0, "tech": 0, "usage": 0, "low": 0, "mid": 0, "high": 0, "sky": 0, "year_formed": 2000, "year_gone": 9999 }, "geometry": { "type": "MultiPolygon", "coordinates": [ [ [ [ 37.523183570850527, 55.412082966836458 ], [ 37.52306484508545, 55.412061875653819 ], [ 37.522969567200263, 55.412031415055893 ], [ 37.522854186650157, 55.411973305184524 ], [ 37.522503043291628, 55.411807357181317 ], [ 37.520910764637435, 55.411054921670491 ], [ 37.520549069150071, 55.410859996381902 ], [ 37.516903779678316, 55.41361657827661 ], [ 37.512442467859117, 55.416924001363775 ], [ 37.510330460654089, 55.418696073083595 ], [ 37.509363026540164, 55.418366254782264 ], [ 37.509361911612764, 55.418366486700876 ], [ 37.508841247977152, 55.41892278387035 ], [ 37.508674982185511, 55.419142098966255 ], [ 37.508709294116109, 55.419216824576786 ], [ 37.508439316197645, 55.419571906357035 ], [ 37.508399045611313, 55.419628025315205 ], [ 37.516504443672261, 55.422111134094209 ], [ 37.519749561591404, 55.418640171212957 ], [ 37.523183570850527, 55.412082966836458 ] ] ] ] } },
{ "type": "Feature", "properties": { "fid": 409, "sqr": 27758, "gsi": 0.0, "merchant": 0, "industrial": 0, "revolutionary": 0, "postwar": 0, "urban": 0, "stagnation": 0, "nineties": 0, "contemporary": 0, "epoque": 0, "far": 0.0, "mean_lvl": 0.0, "single": 0, "multiple": 0, "dormi": 0, "mixed": 0, "commercial": 0, "public": 0, "utility": 0, "tech": 0, "usage": 0, "low": 0, "mid": 0, "high": 0, "sky": 0, "year_formed": 1956, "year_gone": 9999 }, "geometry": { "type": "MultiPolygon", "coordinates": [ [ [ [ 37.517916174511456, 55.423259306064537 ], [ 37.517350059314339, 55.423775155746824 ], [ 37.515793269851152, 55.425421467083481 ], [ 37.515451748856556, 55.425792048711841 ], [ 37.515592648794808, 55.425893616283943 ], [ 37.51667218216695, 55.425775328088001 ], [ 37.51785440709164, 55.425639071312581 ], [ 37.518578278080767, 55.425555611708695 ], [ 37.517916174511456, 55.423259306064537 ] ] ] ] } },
{ "type": "Feature", "properties": { "fid": 410, "sqr": 37739, "gsi": 0.0, "merchant": 0, "industrial": 0, "revolutionary": 0, "postwar": 0, "urban": 0, "stagnation": 0, "nineties": 0, "contemporary": 0, "epoque": 0, "far": 0.0, "mean_lvl": 0.0, "single": 0, "multiple": 0, "dormi": 0, "mixed": 0, "commercial": 0, "public": 0, "utility": 0, "tech": 0, "usage": 0, "low": 0, "mid": 0, "high": 0, "sky": 0, "year_formed": 1948, "year_gone": 9999 }, "geometry": { "type": "MultiPolygon", "coordinates": [ [ [ [ 37.518603862426893, 55.425644337994804 ], [ 37.517885794982796, 55.425727128450092 ], [ 37.516778305433007, 55.425854771997294 ], [ 37.517633376717335, 55.428691889894054 ], [ 37.518650178177808, 55.428604381765652 ], [ 37.519437951014829, 55.428536735183243 ], [ 37.518603862426893, 55.425644337994804 ] ] ] ] } },
{ "type": "Feature", "properties": { "fid": 411, "sqr": 20952, "gsi": 0.0, "merchant": 0, "industrial": 0, "revolutionary": 0, "postwar": 0, "urban": 0, "stagnation": 0, "nineties": 0, "contemporary": 0, "epoque": 0, "far": 0.0, "mean_lvl": 0.0, "single": 0, "multiple": 0, "dormi": 0, "mixed": 0, "commercial": 0, "public": 0, "utility": 0, "tech": 0, "usage": 0, "low": 0, "mid": 0, "high": 0, "sky": 0, "year_formed": 1948, "year_gone": 9999 }, "geometry": { "type": "MultiPolygon", "coordinates": [ [ [ [ 37.516623263173251, 55.425872189342243 ], [ 37.515649908685191, 55.425978842925602 ], [ 37.516403436922729, 55.428797762796606 ], [ 37.517477127198852, 55.428705338590923 ], [ 37.516623263173251, 55.425872189342243 ] ] ] ] } },
{ "type": "Feature", "properties": { "fid": 412, "sqr": 159138, "gsi": 0.0, "merchant": 0, "industrial": 0, "revolutionary": 0, "postwar": 0, "urban": 0, "stagnation": 0, "nineties": 0, "contemporary": 0, "epoque": 0, "far": 0.0, "mean_lvl": 0.0, "single": 0, "multiple": 0, "dormi": 0, "mixed": 0, "commercial": 0, "public": 0, "utility": 0, "tech": 0, "usage": 0, "low": 0, "mid": 0, "high": 0, "sky": 0, "year_formed": 1810, "year_gone": 9999 }, "geometry": { "type": "MultiPolygon", "coordinates": [ [ [ [ 37.526056940538282, 55.433662124841099 ], [ 37.524642397591322, 55.433776178735322 ], [ 37.524019102190721, 55.433826478360807 ], [ 37.523114692410417, 55.433899379144904 ], [ 37.521305537694403, 55.434045270660945 ], [ 37.521198064051376, 55.434056089632584 ], [ 37.521147053290854, 55.434087610904342 ], [ 37.5208456229918, 55.434119675456117 ], [ 37.520706547567208, 55.434093743110004 ], [ 37.520607096487744, 55.43386595212192 ], [ 37.520011929059528, 55.433891487482938 ], [ 37.518716996882546, 55.433907400175237 ], [ 37.515140414758804, 55.434007495420779 ], [ 37.514174002499267, 55.433921858871017 ], [ 37.513306692662674, 55.433840716773133 ], [ 37.513501746579536, 55.434286082608239 ], [ 37.513411489779735, 55.434557670589982 ], [ 37.513431935921851, 55.435652334546631 ], [ 37.513724748872875, 55.435664208438027 ], [ 37.514498997917471, 55.435698009565996 ], [ 37.5162523827398, 55.435717441793471 ], [ 37.517744934513729, 55.435651046210509 ], [ 37.51913529936553, 55.435619362683113 ], [ 37.520878428682273, 55.435633968808602 ], [ 37.522454698432476, 55.435614606022597 ], [ 37.523969577562163, 55.435561158467429 ], [ 37.526894398569482, 55.435341785593835 ], [ 37.526885587772689, 55.43528451461426 ], [ 37.526799908468327, 55.434726994177609 ], [ 37.526681287616618, 55.434356789539855 ], [ 37.526453816870877, 55.434122743447517 ], [ 37.526175730941397, 55.433752854581144 ], [ 37.526056940538282, 55.433662124841099 ] ] ] ] } },
{ "type": "Feature", "properties": { "fid": 413, "sqr": 99843, "gsi": 0.0, "merchant": 0, "industrial": 0, "revolutionary": 0, "postwar": 0, "urban": 0, "stagnation": 0, "nineties": 0, "contemporary": 0, "epoque": 0, "far": 0.0, "mean_lvl": 0.0, "single": 0, "multiple": 0, "dormi": 0, "mixed": 0, "commercial": 0, "public": 0, "utility": 0, "tech": 0, "usage": 0, "low": 0, "mid": 0, "high": 0, "sky": 0, "year_formed": 1930, "year_gone": 9999 }, "geometry": { "type": "MultiPolygon", "coordinates": [ [ [ [ 37.52608120614002, 55.433569420956822 ], [ 37.526523068217237, 55.433533791311618 ], [ 37.52592390586441, 55.432198421341454 ], [ 37.52475452223289, 55.431422258716836 ], [ 37.521627691375436, 55.430475666693809 ], [ 37.521038984552668, 55.431060748823256 ], [ 37.520318510528199, 55.431037151715287 ], [ 37.520482053243342, 55.431630583531636 ], [ 37.520681237769338, 55.43228360072758 ], [ 37.52098970478314, 55.43328886089045 ], [ 37.521110049831378, 55.43364160467366 ], [ 37.521220622844936, 55.433962573303603 ], [ 37.521280662332636, 55.4339565293376 ], [ 37.523092504326108, 55.433810421119006 ], [ 37.523996903740411, 55.433737521161291 ], [ 37.524620197144579, 55.433687221690249 ], [ 37.52608120614002, 55.433569420956822 ] ] ] ] } },
{ "type": "Feature", "properties": { "fid": 414, "sqr": 14309, "gsi": 0.0, "merchant": 0, "industrial": 0, "revolutionary": 0, "postwar": 0, "urban": 0, "stagnation": 0, "nineties": 0, "contemporary": 0, "epoque": 0, "far": 0.0, "mean_lvl": 0.0, "single": 0, "multiple": 0, "dormi": 0, "mixed": 0, "commercial": 0, "public": 0, "utility": 0, "tech": 0, "usage": 0, "low": 0, "mid": 0, "high": 0, "sky": 0, "year_formed": 1925, "year_gone": 1963 }, "geometry": { "type": "MultiPolygon", "coordinates": [ [ [ [ 37.569870278832703, 55.431262000927546 ], [ 37.568912170991119, 55.429873210297814 ], [ 37.567983356093819, 55.430211086817998 ], [ 37.56760024342973, 55.430303373079511 ], [ 37.56845854805465, 55.431489654912056 ], [ 37.569870278832703, 55.431262000927546 ] ] ] ] } },
{ "type": "Feature", "properties": { "fid": 415, "sqr": 243221, "gsi": 0.0, "merchant": 0, "industrial": 0, "revolutionary": 0, "postwar": 0, "urban": 0, "stagnation": 0, "nineties": 0, "contemporary": 0, "epoque": 0, "far": 0.0, "mean_lvl": 0.0, "single": 0, "multiple": 0, "dormi": 0, "mixed": 0, "commercial": 0, "public": 0, "utility": 0, "tech": 0, "usage": 0, "low": 0, "mid": 0, "high": 0, "sky": 0, "year_formed": 1958, "year_gone": 9999 }, "geometry": { "type": "MultiPolygon", "coordinates": [ [ [ [ 37.522360691600404, 55.429566224895289 ], [ 37.526462395119744, 55.425269748059634 ], [ 37.517875149617133, 55.422633996446436 ], [ 37.517911105888174, 55.422686480537784 ], [ 37.5202930204197, 55.43094631967638 ], [ 37.520950415550651, 55.430967851160922 ], [ 37.521528603499632, 55.430393223626723 ], [ 37.522360691600404, 55.429566224895289 ] ] ] ] } },
{ "type": "Feature", "properties": { "fid": 416, "sqr": 144151, "gsi": 0.0, "merchant": 0, "industrial": 0, "revolutionary": 0, "postwar": 0, "urban": 0, "stagnation": 0, "nineties": 0, "contemporary": 0, "epoque": 0, "far": 0.0, "mean_lvl": 0.0, "single": 0, "multiple": 0, "dormi": 0, "mixed": 0, "commercial": 0, "public": 0, "utility": 0, "tech": 0, "usage": 0, "low": 0, "mid": 0, "high": 0, "sky": 0, "year_formed": 1926, "year_gone": 9999 }, "geometry": { "type": "MultiPolygon", "coordinates": [ [ [ [ 37.569506889104915, 55.439564777889622 ], [ 37.569565904507733, 55.43996602207141 ], [ 37.569629297597743, 55.440971252149062 ], [ 37.569384662856386, 55.443669205874599 ], [ 37.569345926000963, 55.443790009712814 ], [ 37.56927671104814, 55.444711638712135 ], [ 37.569268117083439, 55.445102999495823 ], [ 37.569236577942306, 55.445662764535001 ], [ 37.569335156841163, 55.446154165016686 ], [ 37.569373790802508, 55.446323436055856 ], [ 37.569402287866232, 55.446433390899827 ], [ 37.569446144879393, 55.446463667308784 ], [ 37.569605261490103, 55.446439608961931 ], [ 37.569752230499198, 55.446453304523885 ], [ 37.569777337043902, 55.446482697338766 ], [ 37.570230731774274, 55.446369056485324 ], [ 37.570274529123317, 55.446318912796507 ], [ 37.570294127511758, 55.446215385170959 ], [ 37.570232904830021, 55.446015857512734 ], [ 37.570079936526149, 55.445683284647586 ], [ 37.570127375042766, 55.445608415912744 ], [ 37.570586778163992, 55.445456146660135 ], [ 37.571115135267156, 55.445169840973641 ], [ 37.571325710761649, 55.445097003833069 ], [ 37.571506838723991, 55.445069138048183 ], [ 37.571521735178237, 55.444971574845759 ], [ 37.571491790050274, 55.444720532292436 ], [ 37.571991656235795, 55.444240001092048 ], [ 37.572265193760266, 55.444135313931341 ], [ 37.573858489385977, 55.444024692110546 ], [ 37.573861873045296, 55.444021645049752 ], [ 37.573805547551608, 55.443736018519054 ], [ 37.57370327968961, 55.442814291641618 ], [ 37.573619120307598, 55.442429844102747 ], [ 37.573581730567462, 55.442270512610349 ], [ 37.573442801620565, 55.441729085330969 ], [ 37.573224869761773, 55.44087999236725 ], [ 37.573115155094328, 55.440629531615507 ], [ 37.572450235942306, 55.440412548646279 ], [ 37.571092145743663, 55.439839648412757 ], [ 37.570894644235437, 55.43946142875933 ], [ 37.570343138076012, 55.439467042611341 ], [ 37.569506889104915, 55.439564777889622 ] ] ] ] } },
{ "type": "Feature", "properties": { "fid": 417, "sqr": 54598, "gsi": 0.0, "merchant": 0, "industrial": 0, "revolutionary": 0, "postwar": 0, "urban": 0, "stagnation": 0, "nineties": 0, "contemporary": 0, "epoque": 0, "far": 0.0, "mean_lvl": 0.0, "single": 0, "multiple": 0, "dormi": 0, "mixed": 0, "commercial": 0, "public": 0, "utility": 0, "tech": 0, "usage": 0, "low": 0, "mid": 0, "high": 0, "sky": 0, "year_formed": 1955, "year_gone": 9999 }, "geometry": { "type": "MultiPolygon", "coordinates": [ [ [ [ 37.570509793016768, 55.472909412783153 ], [ 37.571653909707038, 55.472811616286357 ], [ 37.573269283981581, 55.472800573414816 ], [ 37.574004040410756, 55.472804374372814 ], [ 37.574608969297444, 55.471706007411491 ], [ 37.574736434288759, 55.471439128658325 ], [ 37.574944449727489, 55.470979203993444 ], [ 37.574925353942632, 55.470913859202 ], [ 37.574654856816267, 55.470871395953672 ], [ 37.573970175631707, 55.470863199100357 ], [ 37.57332683777301, 55.470843852100288 ], [ 37.571539414917865, 55.470867728318758 ], [ 37.571370343851093, 55.470866964762969 ], [ 37.570672392098224, 55.470731356661553 ], [ 37.570620781191273, 55.47134758605938 ], [ 37.570509793016768, 55.472909412783153 ] ] ] ] } },
{ "type": "Feature", "properties": { "fid": 418, "sqr": 10782, "gsi": 0.0, "merchant": 0, "industrial": 0, "revolutionary": 0, "postwar": 0, "urban": 0, "stagnation": 0, "nineties": 0, "contemporary": 0, "epoque": 0, "far": 0.0, "mean_lvl": 0.0, "single": 0, "multiple": 0, "dormi": 0, "mixed": 0, "commercial": 0, "public": 0, "utility": 0, "tech": 0, "usage": 0, "low": 0, "mid": 0, "high": 0, "sky": 0, "year_formed": 1958, "year_gone": 9999 }, "geometry": { "type": "MultiPolygon", "coordinates": [ [ [ [ 37.567014782599429, 55.467952096495104 ], [ 37.569359918184581, 55.467710672715576 ], [ 37.568918301558945, 55.467462587007951 ], [ 37.568176463969628, 55.467178519943261 ], [ 37.567492814494585, 55.46701122393236 ], [ 37.566720785247554, 55.46696806784486 ], [ 37.567014782599429, 55.467952096495104 ] ] ] ] } },
{ "type": "Feature", "properties": { "fid": 420, "sqr": 11933, "gsi": 0.0, "merchant": 0, "industrial": 0, "revolutionary": 0, "postwar": 0, "urban": 0, "stagnation": 0, "nineties": 0, "contemporary": 0, "epoque": 0, "far": 0.0, "mean_lvl": 0.0, "single": 0, "multiple": 0, "dormi": 0, "mixed": 0, "commercial": 0, "public": 0, "utility": 0, "tech": 0, "usage": 0, "low": 0, "mid": 0, "high": 0, "sky": 0, "year_formed": 1959, "year_gone": 9999 }, "geometry": { "type": "MultiPolygon", "coordinates": [ [ [ [ 37.567252208879211, 55.468659686927005 ], [ 37.57012500618648, 55.468353058960645 ], [ 37.570049464938371, 55.468274687184021 ], [ 37.569486146181497, 55.467788988496608 ], [ 37.567042928313512, 55.468040510543148 ], [ 37.567252208879211, 55.468659686927005 ] ] ] ] } },
{ "type": "Feature", "properties": { "fid": 421, "sqr": 12968, "gsi": 0.0, "merchant": 0, "industrial": 0, "revolutionary": 0, "postwar": 0, "urban": 0, "stagnation": 0, "nineties": 0, "contemporary": 0, "epoque": 0, "far": 0.0, "mean_lvl": 0.0, "single": 0, "multiple": 0, "dormi": 0, "mixed": 0, "commercial": 0, "public": 0, "utility": 0, "tech": 0, "usage": 0, "low": 0, "mid": 0, "high": 0, "sky": 0, "year_formed": 1957, "year_gone": 9999 }, "geometry": { "type": "MultiPolygon", "coordinates": [ [ [ [ 37.567456616620703, 55.469322070847646 ], [ 37.570516914351749, 55.469028868425902 ], [ 37.570484061156691, 55.468875054559973 ], [ 37.570308617366642, 55.468543548566743 ], [ 37.570204904542251, 55.468435950719353 ], [ 37.567280692899772, 55.468748067016875 ], [ 37.567456616620703, 55.469322070847646 ] ] ] ] } },
{ "type": "Feature", "properties": { "fid": 422, "sqr": 13563, "gsi": 0.0, "merchant": 0, "industrial": 0, "revolutionary": 0, "postwar": 0, "urban": 0, "stagnation": 0, "nineties": 0, "contemporary": 0, "epoque": 0, "far": 0.0, "mean_lvl": 0.0, "single": 0, "multiple": 0, "dormi": 0, "mixed": 0, "commercial": 0, "public": 0, "utility": 0, "tech": 0, "usage": 0, "low": 0, "mid": 0, "high": 0, "sky": 0, "year_formed": 1989, "year_gone": 9999 }, "geometry": { "type": "MultiPolygon", "coordinates": [ [ [ [ 37.567681489167597, 55.470040946947904 ], [ 37.570596724874598, 55.469744168079181 ], [ 37.570617278527358, 55.469498751657866 ], [ 37.570535985968618, 55.469118158420557 ], [ 37.567484037622229, 55.46941056079541 ], [ 37.567681489167597, 55.470040946947904 ] ] ] ] } },
{ "type": "Feature", "properties": { "fid": 423, "sqr": 26125, "gsi": 0.0, "merchant": 0, "industrial": 0, "revolutionary": 0, "postwar": 0, "urban": 0, "stagnation": 0, "nineties": 0, "contemporary": 0, "epoque": 0, "far": 0.0, "mean_lvl": 0.0, "single": 0, "multiple": 0, "dormi": 0, "mixed": 0, "commercial": 0, "public": 0, "utility": 0, "tech": 0, "usage": 0, "low": 0, "mid": 0, "high": 0, "sky": 0, "year_formed": 1954, "year_gone": 9999 }, "geometry": { "type": "MultiPolygon", "coordinates": [ [ [ [ 37.568156085972113, 55.471507589864324 ], [ 37.570312898381303, 55.471296068241529 ], [ 37.570465788608956, 55.471307504840553 ], [ 37.570589014346183, 55.469836233096352 ], [ 37.567709532405075, 55.470129371670389 ], [ 37.567922798105272, 55.470793630915672 ], [ 37.568032385081224, 55.471134188353638 ], [ 37.568143169671075, 55.471475514506032 ], [ 37.568156085972113, 55.471507589864324 ] ] ] ] } },
{ "type": "Feature", "properties": { "fid": 424, "sqr": 20224, "gsi": 0.0, "merchant": 0, "industrial": 0, "revolutionary": 0, "postwar": 0, "urban": 0, "stagnation": 0, "nineties": 0, "contemporary": 0, "epoque": 0, "far": 0.0, "mean_lvl": 0.0, "single": 0, "multiple": 0, "dormi": 0, "mixed": 0, "commercial": 0, "public": 0, "utility": 0, "tech": 0, "usage": 0, "low": 0, "mid": 0, "high": 0, "sky": 0, "year_formed": 1957, "year_gone": 9999 }, "geometry": { "type": "MultiPolygon", "coordinates": [ [ [ [ 37.570458926299374, 55.471397615406417 ], [ 37.570316101621486, 55.471386931758126 ], [ 37.56819748458588, 55.47159470740614 ], [ 37.568448584671884, 55.47206265610923 ], [ 37.568516818576185, 55.472233138804079 ], [ 37.568629698550041, 55.472548139314192 ], [ 37.568816903640112, 55.473073143158288 ], [ 37.5693007932895, 55.473024615877499 ], [ 37.569820802097908, 55.472968106243513 ], [ 37.570350521142807, 55.472923004938352 ], [ 37.570458926299374, 55.471397615406417 ] ] ] ] } },
{ "type": "Feature", "properties": { "fid": 425, "sqr": 98526, "gsi": 0.0, "merchant": 0, "industrial": 0, "revolutionary": 0, "postwar": 0, "urban": 0, "stagnation": 0, "nineties": 0, "contemporary": 0, "epoque": 0, "far": 0.0, "mean_lvl": 0.0, "single": 0, "multiple": 0, "dormi": 0, "mixed": 0, "commercial": 0, "public": 0, "utility": 0, "tech": 0, "usage": 0, "low": 0, "mid": 0, "high": 0, "sky": 0, "year_formed": 1958, "year_gone": 9999 }, "geometry": { "type": "MultiPolygon", "coordinates": [ [ [ [ 37.581229128867697, 55.422780609832941 ], [ 37.581714196695557, 55.423019801055545 ], [ 37.582613172833781, 55.422779249862607 ], [ 37.584727720013355, 55.422213549150101 ], [ 37.58487338503236, 55.42212618451444 ], [ 37.585748388698462, 55.420214107940822 ], [ 37.584084381635385, 55.418949400668907 ], [ 37.582580786423293, 55.419719464360703 ], [ 37.581722037115945, 55.420310985941171 ], [ 37.581074433130027, 55.420808598038768 ], [ 37.581000122241086, 55.420863949011235 ], [ 37.580417963168998, 55.421260202231259 ], [ 37.579390682654626, 55.421968073847317 ], [ 37.579485020161982, 55.422006029654057 ], [ 37.579707870527002, 55.422104872898458 ], [ 37.580278208492906, 55.422357789593491 ], [ 37.581229128867697, 55.422780609832941 ] ] ] ] } },
{ "type": "Feature", "properties": { "fid": 428, "sqr": 163387, "gsi": 0.0, "merchant": 0, "industrial": 0, "revolutionary": 0, "postwar": 0, "urban": 0, "stagnation": 0, "nineties": 0, "contemporary": 0, "epoque": 0, "far": 0.0, "mean_lvl": 0.0, "single": 0, "multiple": 0, "dormi": 0, "mixed": 0, "commercial": 0, "public": 0, "utility": 0, "tech": 0, "usage": 0, "low": 0, "mid": 0, "high": 0, "sky": 0, "year_formed": 1975, "year_gone": 9999 }, "geometry": { "type": "MultiPolygon", "coordinates": [ [ [ [ 37.561929298642468, 55.443289730564643 ], [ 37.562010113667618, 55.443468237184817 ], [ 37.562264235651803, 55.443762394813596 ], [ 37.562512233261423, 55.444049362915088 ], [ 37.563275909333477, 55.444580464747794 ], [ 37.563786347600846, 55.444862051307126 ], [ 37.563935498122056, 55.444948534276747 ], [ 37.565109355394014, 55.445226333571298 ], [ 37.566178636192845, 55.445116263352233 ], [ 37.566477704288488, 55.44499643289754 ], [ 37.566770790960177, 55.444772064263638 ], [ 37.567035046217889, 55.444491963903765 ], [ 37.567540744814288, 55.442555473032179 ], [ 37.567406598184817, 55.442460884775826 ], [ 37.567498341792756, 55.4413939207165 ], [ 37.567575127757948, 55.440141737217637 ], [ 37.567470438330886, 55.440039911700019 ], [ 37.567450710012118, 55.439613700742022 ], [ 37.567332158496072, 55.439315769749534 ], [ 37.56731481867417, 55.438832371138105 ], [ 37.567209245239049, 55.438768948801091 ], [ 37.566559064330086, 55.438564763710701 ], [ 37.56640799048499, 55.438514600822145 ], [ 37.564835452931618, 55.44019381229775 ], [ 37.561929298642468, 55.443289730564643 ] ] ] ] } },
{ "type": "Feature", "properties": { "fid": 429, "sqr": 9123, "gsi": 0.0, "merchant": 0, "industrial": 0, "revolutionary": 0, "postwar": 0, "urban": 0, "stagnation": 0, "nineties": 0, "contemporary": 0, "epoque": 0, "far": 0.0, "mean_lvl": 0.0, "single": 0, "multiple": 0, "dormi": 0, "mixed": 0, "commercial": 0, "public": 0, "utility": 0, "tech": 0, "usage": 0, "low": 0, "mid": 0, "high": 0, "sky": 0, "year_formed": 1781, "year_gone": 9999 }, "geometry": { "type": "MultiPolygon", "coordinates": [ [ [ [ 37.574167748213647, 55.472808058301204 ], [ 37.57463455873814, 55.472823316557729 ], [ 37.575618213036456, 55.472797653063985 ], [ 37.575643906233211, 55.472070443603229 ], [ 37.575638899239493, 55.471741705996884 ], [ 37.57559339484758, 55.471639914159198 ], [ 37.574747013358724, 55.471756281631379 ], [ 37.574167748213647, 55.472808058301204 ] ] ] ] } },
{ "type": "Feature", "properties": { "fid": 430, "sqr": 7436, "gsi": 0.0, "merchant": 0, "industrial": 0, "revolutionary": 0, "postwar": 0, "urban": 0, "stagnation": 0, "nineties": 0, "contemporary": 0, "epoque": 0, "far": 0.0, "mean_lvl": 0.0, "single": 0, "multiple": 0, "dormi": 0, "mixed": 0, "commercial": 0, "public": 0, "utility": 0, "tech": 0, "usage": 0, "low": 0, "mid": 0, "high": 0, "sky": 0, "year_formed": 1781, "year_gone": 9999 }, "geometry": { "type": "MultiPolygon", "coordinates": [ [ [ [ 37.575776575560838, 55.472793295008984 ], [ 37.576616110040007, 55.472769144779384 ], [ 37.576631735265778, 55.472380520004592 ], [ 37.576658931878491, 55.471768872847349 ], [ 37.576622298133977, 55.471515180602175 ], [ 37.576636082812001, 55.471480041579646 ], [ 37.576062080208871, 55.471548307902047 ], [ 37.575745036871147, 55.471614077206148 ], [ 37.575796900738133, 55.471730093951962 ], [ 37.575802093768708, 55.472070956345618 ], [ 37.575776575560838, 55.472793295008984 ] ] ] ] } },
{ "type": "Feature", "properties": { "fid": 431, "sqr": 8835, "gsi": 0.0, "merchant": 0, "industrial": 0, "revolutionary": 0, "postwar": 0, "urban": 0, "stagnation": 0, "nineties": 0, "contemporary": 0, "epoque": 0, "far": 0.0, "mean_lvl": 0.0, "single": 0, "multiple": 0, "dormi": 0, "mixed": 0, "commercial": 0, "public": 0, "utility": 0, "tech": 0, "usage": 0, "low": 0, "mid": 0, "high": 0, "sky": 0, "year_formed": 1781, "year_gone": 9999 }, "geometry": { "type": "MultiPolygon", "coordinates": [ [ [ [ 37.576774515291397, 55.472764483767214 ], [ 37.577202715089655, 55.472751641790211 ], [ 37.577760679702941, 55.472733982036758 ], [ 37.577759559026013, 55.472715552498286 ], [ 37.577675565864517, 55.471337232848747 ], [ 37.577256029387186, 55.471388402804379 ], [ 37.577182224405654, 55.471391241460999 ], [ 37.576908806870556, 55.471431173580442 ], [ 37.576830260272409, 55.471456986621526 ], [ 37.576802485631823, 55.471468947973747 ], [ 37.576781901879514, 55.471521419345862 ], [ 37.576817268117296, 55.471766327101392 ], [ 37.576789864739411, 55.472382679944353 ], [ 37.576774515291397, 55.472764483767214 ] ] ] ] } },
{ "type": "Feature", "properties": { "fid": 432, "sqr": 696838, "gsi": 0.0, "merchant": 0, "industrial": 0, "revolutionary": 0, "postwar": 0, "urban": 0, "stagnation": 0, "nineties": 0, "contemporary": 0, "epoque": 0, "far": 0.0, "mean_lvl": 0.0, "single": 0, "multiple": 0, "dormi": 0, "mixed": 0, "commercial": 0, "public": 0, "utility": 0, "tech": 0, "usage": 0, "low": 0, "mid": 0, "high": 0, "sky": 0, "year_formed": 1949, "year_gone": 9999 }, "geometry": { "type": "MultiPolygon", "coordinates": [ [ [ [ 37.574696210014451, 55.47291165126758 ], [ 37.574633641259936, 55.472913283441898 ], [ 37.574059366623537, 55.472894512371077 ], [ 37.573269516017803, 55.472890426584861 ], [ 37.5716666903066, 55.472901383713058 ], [ 37.570438676215673, 55.473006351003839 ], [ 37.569847397931092, 55.473056693754884 ], [ 37.56932940674168, 55.473112984120668 ], [ 37.56876659226166, 55.473169426252809 ], [ 37.568651866318497, 55.473177749901815 ], [ 37.568244715619656, 55.473216602056162 ], [ 37.567352245047715, 55.473301932313717 ], [ 37.565766433547722, 55.473470636191784 ], [ 37.566182860319906, 55.47477670124335 ], [ 37.566613486147496, 55.476165520702473 ], [ 37.566688746451717, 55.476454934954894 ], [ 37.566992065158765, 55.477620913077715 ], [ 37.56615236421306, 55.477724162919472 ], [ 37.566426418574537, 55.47881959936656 ], [ 37.566709591262843, 55.480127995367127 ], [ 37.56891033929702, 55.479900929430706 ], [ 37.571304341631219, 55.479678343915332 ], [ 37.573538840243835, 55.487050675715224 ], [ 37.574615228298057, 55.486950553551772 ], [ 37.578572740734828, 55.486654050076638 ], [ 37.578443333459845, 55.486288927910955 ], [ 37.578355027201752, 55.486054378844827 ], [ 37.577707212301924, 55.483956707565483 ], [ 37.577701232117043, 55.483766849973087 ], [ 37.577536742963701, 55.482212501784851 ], [ 37.577145402406174, 55.482204363603138 ], [ 37.577002253902108, 55.48214117868465 ], [ 37.576962855100092, 55.481763949090613 ], [ 37.576926471464219, 55.481660315945511 ], [ 37.576834260100817, 55.481530648309537 ], [ 37.576800497238892, 55.481534365302622 ], [ 37.576737428220319, 55.481441367913725 ], [ 37.576598198451592, 55.4811044967146 ], [ 37.576535498093655, 55.481102734019643 ], [ 37.576491425603628, 55.480442620768294 ], [ 37.576441183366327, 55.480444411734183 ], [ 37.576127652469943, 55.478118526819088 ], [ 37.576228704660295, 55.478067119553963 ], [ 37.576072739764683, 55.477410962251582 ], [ 37.575536840781972, 55.475708807637808 ], [ 37.5751479446266, 55.474471493938729 ], [ 37.574696210014451, 55.47291165126758 ] ] ] ] } },
{ "type": "Feature", "properties": { "fid": 433, "sqr": 265909, "gsi": 0.0, "merchant": 0, "industrial": 0, "revolutionary": 0, "postwar": 0, "urban": 0, "stagnation": 0, "nineties": 0, "contemporary": 0, "epoque": 0, "far": 0.0, "mean_lvl": 0.0, "single": 0, "multiple": 0, "dormi": 0, "mixed": 0, "commercial": 0, "public": 0, "utility": 0, "tech": 0, "usage": 0, "low": 0, "mid": 0, "high": 0, "sky": 0, "year_formed": 1971, "year_gone": 9999 }, "geometry": { "type": "MultiPolygon", "coordinates": [ [ [ [ 37.545620499619496, 55.468287615567746 ], [ 37.545796523561272, 55.468292837140083 ], [ 37.545999956988553, 55.468298938133898 ], [ 37.547989142920962, 55.468358237701928 ], [ 37.548283992204524, 55.468367039170985 ], [ 37.550473932513924, 55.46843374038535 ], [ 37.550702145956592, 55.468440740792786 ], [ 37.551741127058257, 55.468472340211413 ], [ 37.55290452139193, 55.468507749160999 ], [ 37.553404312043348, 55.468525059225051 ], [ 37.554794017931833, 55.468573349284902 ], [ 37.554751618920712, 55.468880951117683 ], [ 37.554958597361797, 55.468904421328268 ], [ 37.555095686705513, 55.468906975793324 ], [ 37.555140673096751, 55.468896148853915 ], [ 37.55523199167132, 55.467590495146538 ], [ 37.555219794636095, 55.467570504094894 ], [ 37.555199161853956, 55.467560462557444 ], [ 37.555097857316134, 55.467555664738867 ], [ 37.554914481885966, 55.467552356686447 ], [ 37.554802789199236, 55.467517182730752 ], [ 37.554747345368298, 55.467449169179901 ], [ 37.554928710021883, 55.467091540005057 ], [ 37.554995390376995, 55.466883053362714 ], [ 37.555307046912169, 55.466095550971694 ], [ 37.555472186138729, 55.465718264464272 ], [ 37.55560564475401, 55.465523788408063 ], [ 37.555608342463188, 55.465452352821806 ], [ 37.555761554064887, 55.465227241305207 ], [ 37.555919560638493, 55.465095958877917 ], [ 37.55597998877905, 55.465030076758424 ], [ 37.556020224960797, 55.46478205665295 ], [ 37.556122819599913, 55.464672738504433 ], [ 37.556225805104006, 55.464620359703112 ], [ 37.556323206533385, 55.46450188440128 ], [ 37.556345540761576, 55.464370846085203 ], [ 37.556340445009575, 55.464245080559365 ], [ 37.556257530730633, 55.463877378614271 ], [ 37.555611434206234, 55.46392112869782 ], [ 37.554726158923202, 55.46399642042001 ], [ 37.554029283574856, 55.464081351785467 ], [ 37.553536101555203, 55.464146018306607 ], [ 37.553456653899531, 55.464156956031381 ], [ 37.553043272413397, 55.464214077835543 ], [ 37.552769654687552, 55.464247991584664 ], [ 37.552684956219196, 55.46425849139473 ], [ 37.552614783598266, 55.464267163305053 ], [ 37.551771164767281, 55.464375027353896 ], [ 37.550754539089773, 55.464505079470037 ], [ 37.549887810514235, 55.464620930313764 ], [ 37.549293906203111, 55.46468657553212 ], [ 37.548880363653758, 55.464745026066254 ], [ 37.548475935464083, 55.464796334869625 ], [ 37.548062472780444, 55.464880490989401 ], [ 37.547515429862351, 55.464991877571094 ], [ 37.546736389253105, 55.465157956390073 ], [ 37.546359409103935, 55.465271108942126 ], [ 37.54607443803863, 55.465391501923577 ], [ 37.545969480776307, 55.465475539056222 ], [ 37.545906776944726, 55.465567498981756 ], [ 37.545889436028965, 55.465678669715871 ], [ 37.545881595004353, 55.465791623420373 ], [ 37.545814199925708, 55.466546285209368 ], [ 37.545807119617756, 55.466652891927716 ], [ 37.545799376614156, 55.466769744414904 ], [ 37.545764300462878, 55.467067696322253 ], [ 37.54565790244127, 55.467972394854179 ], [ 37.545620499619496, 55.468287615567746 ] ] ] ] } },
{ "type": "Feature", "properties": { "fid": 434, "sqr": 1751, "gsi": 0.0, "merchant": 0, "industrial": 0, "revolutionary": 0, "postwar": 0, "urban": 0, "stagnation": 0, "nineties": 0, "contemporary": 0, "epoque": 0, "far": 0.0, "mean_lvl": 0.0, "single": 0, "multiple": 0, "dormi": 0, "mixed": 0, "commercial": 0, "public": 0, "utility": 0, "tech": 0, "usage": 0, "low": 0, "mid": 0, "high": 0, "sky": 0, "year_formed": 2012, "year_gone": 9999 }, "geometry": { "type": "MultiPolygon", "coordinates": [ [ [ [ 37.553471090639206, 55.468617396060651 ], [ 37.553435497036872, 55.468833149586054 ], [ 37.55443999602528, 55.468865045435827 ], [ 37.554594495704976, 55.468869913190609 ], [ 37.554623781887194, 55.468657450654604 ], [ 37.553471090639206, 55.468617396060651 ] ] ] ] } },
{ "type": "Feature", "properties": { "fid": 435, "sqr": 99777, "gsi": 0.0, "merchant": 0, "industrial": 0, "revolutionary": 0, "postwar": 0, "urban": 0, "stagnation": 0, "nineties": 0, "contemporary": 0, "epoque": 0, "far": 0.0, "mean_lvl": 0.0, "single": 0, "multiple": 0, "dormi": 0, "mixed": 0, "commercial": 0, "public": 0, "utility": 0, "tech": 0, "usage": 0, "low": 0, "mid": 0, "high": 0, "sky": 0, "year_formed": 1966, "year_gone": 9999 }, "geometry": { "type": "MultiPolygon", "coordinates": [ [ [ [ 37.556316711071403, 55.463782886978052 ], [ 37.55681873505462, 55.463749399269133 ], [ 37.556972811568102, 55.463705655428313 ], [ 37.557155270460889, 55.463575353919886 ], [ 37.557390970970864, 55.463281293840531 ], [ 37.557980069591295, 55.462525582220877 ], [ 37.55834125680537, 55.462051382421123 ], [ 37.558417470380796, 55.461886703898429 ], [ 37.55844712419271, 55.461759508244576 ], [ 37.558438742912401, 55.461533103977764 ], [ 37.558365182886064, 55.461214473288862 ], [ 37.558336896403674, 55.461104613322398 ], [ 37.558303004319185, 55.46097739134396 ], [ 37.558285182666985, 55.4608879713441 ], [ 37.558283346474319, 55.46078891425514 ], [ 37.558316787281051, 55.460701380730775 ], [ 37.558079169117299, 55.46064476245629 ], [ 37.55754173329499, 55.46069955830658 ], [ 37.557395109837913, 55.460729350320307 ], [ 37.557311071781093, 55.460743288837627 ], [ 37.557088947330627, 55.460783098929539 ], [ 37.55581359344766, 55.461040826917269 ], [ 37.553628556693013, 55.461482301094158 ], [ 37.553193540795597, 55.461546001298721 ], [ 37.552740295519499, 55.461612435168043 ], [ 37.552893120845006, 55.463747651955039 ], [ 37.55308664391773, 55.463810088330881 ], [ 37.55309824070919, 55.464020755830745 ], [ 37.553102179555488, 55.464113470759216 ], [ 37.553419313446973, 55.464069648483431 ], [ 37.553499698484295, 55.464058581690601 ], [ 37.553994916462493, 55.463993648212011 ], [ 37.554697841107668, 55.463907979578202 ], [ 37.555590365816663, 55.46383207130107 ], [ 37.556316711071403, 55.463782886978052 ] ] ] ] } },
{ "type": "Feature", "properties": { "fid": 436, "sqr": 249502, "gsi": 0.0, "merchant": 0, "industrial": 0, "revolutionary": 0, "postwar": 0, "urban": 0, "stagnation": 0, "nineties": 0, "contemporary": 0, "epoque": 0, "far": 0.0, "mean_lvl": 0.0, "single": 0, "multiple": 0, "dormi": 0, "mixed": 0, "commercial": 0, "public": 0, "utility": 0, "tech": 0, "usage": 0, "low": 0, "mid": 0, "high": 0, "sky": 0, "year_formed": 2001, "year_gone": 9999 }, "geometry": { "type": "MultiPolygon", "coordinates": [ [ [ [ 37.553344697024968, 55.468920254336602 ], [ 37.552851375311604, 55.46890466516048 ], [ 37.552576276941522, 55.468884665283475 ], [ 37.551708313112712, 55.468857254834681 ], [ 37.55044061840514, 55.468817264458934 ], [ 37.549280879849981, 55.468785749811609 ], [ 37.548247977346563, 55.468745133983234 ], [ 37.548115201686016, 55.468740754575173 ], [ 37.545750218807875, 55.468669058108503 ], [ 37.545587379744191, 55.468663965308757 ], [ 37.545587379752455, 55.468668115207137 ], [ 37.545530634643683, 55.469145443850465 ], [ 37.545519162245142, 55.469264260452931 ], [ 37.54544566521804, 55.4700243454161 ], [ 37.545365483943087, 55.470866266470239 ], [ 37.545327899042285, 55.471321194719266 ], [ 37.545324450163726, 55.471363393794412 ], [ 37.54516210804718, 55.472614144576298 ], [ 37.546592399398683, 55.472660448808192 ], [ 37.553915361558872, 55.472897641065664 ], [ 37.554311598399977, 55.472909108838309 ], [ 37.554358339363937, 55.472479816634205 ], [ 37.554265995331257, 55.472420524037453 ], [ 37.554471278626309, 55.470668412720862 ], [ 37.55449203693199, 55.470583504936684 ], [ 37.554159376720847, 55.470571657875517 ], [ 37.554351324942893, 55.468952218468061 ], [ 37.553344697024968, 55.468920254336602 ] ] ] ] } },
{ "type": "Feature", "properties": { "fid": 438, "sqr": 79703, "gsi": 0.0, "merchant": 0, "industrial": 0, "revolutionary": 0, "postwar": 0, "urban": 0, "stagnation": 0, "nineties": 0, "contemporary": 0, "epoque": 0, "far": 0.0, "mean_lvl": 0.0, "single": 0, "multiple": 0, "dormi": 0, "mixed": 0, "commercial": 0, "public": 0, "utility": 0, "tech": 0, "usage": 0, "low": 0, "mid": 0, "high": 0, "sky": 0, "year_formed": 1960, "year_gone": 9999 }, "geometry": { "type": "MultiPolygon", "coordinates": [ [ [ [ 37.54717253342794, 55.464583532916635 ], [ 37.547186339510972, 55.464706978163676 ], [ 37.547198031174119, 55.464709622703673 ], [ 37.54740262664734, 55.464725368418236 ], [ 37.547496808877263, 55.464743597224327 ], [ 37.547548191122743, 55.464793850112322 ], [ 37.547559762622079, 55.46488740695699 ], [ 37.548009122538588, 55.464795909969432 ], [ 37.548431864583392, 55.464709865126359 ], [ 37.548844036385653, 55.464657573930971 ], [ 37.549259693834081, 55.464598824465391 ], [ 37.549854589521885, 55.464533069683831 ], [ 37.550719060948751, 55.464417520527306 ], [ 37.551736430436478, 55.464287373261925 ], [ 37.55258061643886, 55.464179436692412 ], [ 37.552651268918076, 55.464170705491199 ], [ 37.552735943727413, 55.464160208613919 ], [ 37.552944877396399, 55.464134312237775 ], [ 37.552940159286706, 55.464023244118188 ], [ 37.55293135597821, 55.463863311619193 ], [ 37.552738679050968, 55.463801147995547 ], [ 37.552582506986475, 55.461619052460868 ], [ 37.552381765080511, 55.461608330082854 ], [ 37.550627398689258, 55.461849812541892 ], [ 37.550517267284626, 55.461746261649708 ], [ 37.550426442776562, 55.461709762730329 ], [ 37.549638131018604, 55.461760394343067 ], [ 37.548462778938422, 55.46182128072892 ], [ 37.549027183968697, 55.464201433172128 ], [ 37.547818898644749, 55.464276763203536 ], [ 37.547825377599189, 55.464359193185359 ], [ 37.547149140297542, 55.46440384731681 ], [ 37.547169884132273, 55.464484599301443 ], [ 37.54717253342794, 55.464583532916635 ] ] ] ] } },
{ "type": "Feature", "properties": { "fid": 439, "sqr": 37961, "gsi": 0.0, "merchant": 0, "industrial": 0, "revolutionary": 0, "postwar": 0, "urban": 0, "stagnation": 0, "nineties": 0, "contemporary": 0, "epoque": 0, "far": 0.0, "mean_lvl": 0.0, "single": 0, "multiple": 0, "dormi": 0, "mixed": 0, "commercial": 0, "public": 0, "utility": 0, "tech": 0, "usage": 0, "low": 0, "mid": 0, "high": 0, "sky": 0, "year_formed": 1915, "year_gone": 9999 }, "geometry": { "type": "MultiPolygon", "coordinates": [ [ [ [ 37.551558689025164, 55.396737790747395 ], [ 37.550305971591733, 55.397080608381103 ], [ 37.549459756835681, 55.397269703328234 ], [ 37.549225002626571, 55.397324301694773 ], [ 37.550652160638037, 55.399228484165434 ], [ 37.550918580706735, 55.399192219150692 ], [ 37.552238861523449, 55.398932727393145 ], [ 37.552768419840355, 55.398918596527587 ], [ 37.553006914235993, 55.39887606070814 ], [ 37.552687516301276, 55.398337264818664 ], [ 37.551558689025164, 55.396737790747395 ] ] ] ] } },
{ "type": "Feature", "properties": { "fid": 441, "sqr": 66482, "gsi": 0.0, "merchant": 0, "industrial": 0, "revolutionary": 0, "postwar": 0, "urban": 0, "stagnation": 0, "nineties": 0, "contemporary": 0, "epoque": 0, "far": 0.0, "mean_lvl": 0.0, "single": 0, "multiple": 0, "dormi": 0, "mixed": 0, "commercial": 0, "public": 0, "utility": 0, "tech": 0, "usage": 0, "low": 0, "mid": 0, "high": 0, "sky": 0, "year_formed": 1957, "year_gone": 9999 }, "geometry": { "type": "MultiPolygon", "coordinates": [ [ [ [ 37.546146607963713, 55.391278785810925 ], [ 37.547496939390534, 55.39295099581819 ], [ 37.549780532287258, 55.395658079648051 ], [ 37.55014678623958, 55.395778959365593 ], [ 37.550452757600681, 55.396180738305382 ], [ 37.551316874968592, 55.396379318495349 ], [ 37.549126384853402, 55.393664381496365 ], [ 37.550512896256777, 55.39335813599606 ], [ 37.549730684845372, 55.392381637080554 ], [ 37.548352216217317, 55.390660745642933 ], [ 37.546146607963713, 55.391278785810925 ] ] ] ] } },
{ "type": "Feature", "properties": { "fid": 442, "sqr": 108736, "gsi": 0.0, "merchant": 0, "industrial": 0, "revolutionary": 0, "postwar": 0, "urban": 0, "stagnation": 0, "nineties": 0, "contemporary": 0, "epoque": 0, "far": 0.0, "mean_lvl": 0.0, "single": 0, "multiple": 0, "dormi": 0, "mixed": 0, "commercial": 0, "public": 0, "utility": 0, "tech": 0, "usage": 0, "low": 0, "mid": 0, "high": 0, "sky": 0, "year_formed": 1961, "year_gone": 9999 }, "geometry": { "type": "MultiPolygon", "coordinates": [ [ [ [ 37.553165849857287, 55.404923258574165 ], [ 37.55318736729798, 55.405021746366522 ], [ 37.553266025161825, 55.405138778236633 ], [ 37.553553645699658, 55.405539309514793 ], [ 37.554166274895202, 55.406369724735441 ], [ 37.55425513370497, 55.406506798865387 ], [ 37.554527270767501, 55.406453427740225 ], [ 37.555326873049566, 55.406296627306183 ], [ 37.556124386209866, 55.406140324739638 ], [ 37.558785399413708, 55.405620224454182 ], [ 37.560756006532287, 55.405250095419014 ], [ 37.561082595294515, 55.405120564328939 ], [ 37.561213560761246, 55.404804975924307 ], [ 37.561296221010437, 55.404605890891077 ], [ 37.561523491255755, 55.404098112709555 ], [ 37.56161794795144, 55.403887110353736 ], [ 37.561678297415455, 55.403749670564771 ], [ 37.561844005669712, 55.403402235324009 ], [ 37.561942178274791, 55.403196324914255 ], [ 37.561151820424371, 55.403196324836841 ], [ 37.561157002898142, 55.403322192825641 ], [ 37.557945240440439, 55.403339390969045 ], [ 37.557989046747366, 55.404103923915329 ], [ 37.555260936032688, 55.404162139825907 ], [ 37.555219129771132, 55.404216150906635 ], [ 37.555092917917214, 55.404387200260992 ], [ 37.554898727997127, 55.404583040559878 ], [ 37.554743987432296, 55.404687474628226 ], [ 37.554521813397706, 55.404795400445728 ], [ 37.553925948302116, 55.404848872917853 ], [ 37.553370634961851, 55.404908292036509 ], [ 37.553165849857287, 55.404923258574165 ] ] ] ] } },
{ "type": "Feature", "properties": { "fid": 443, "sqr": 82362, "gsi": 0.0, "merchant": 0, "industrial": 0, "revolutionary": 0, "postwar": 0, "urban": 0, "stagnation": 0, "nineties": 0, "contemporary": 0, "epoque": 0, "far": 0.0, "mean_lvl": 0.0, "single": 0, "multiple": 0, "dormi": 0, "mixed": 0, "commercial": 0, "public": 0, "utility": 0, "tech": 0, "usage": 0, "low": 0, "mid": 0, "high": 0, "sky": 0, "year_formed": 1925, "year_gone": 9999 }, "geometry": { "type": "MultiPolygon", "coordinates": [ [ [ [ 37.551408581105086, 55.396497289659159 ], [ 37.550333642294746, 55.396250261664818 ], [ 37.550022613661973, 55.395841840602174 ], [ 37.549659267615084, 55.39572192032113 ], [ 37.547354060541124, 55.392989204139617 ], [ 37.546003508103475, 55.391316712959139 ], [ 37.544269795642592, 55.391750692293627 ], [ 37.544008323486601, 55.391824802576437 ], [ 37.543982969316666, 55.391832010381719 ], [ 37.544086042559201, 55.391935226279081 ], [ 37.544152661963096, 55.392002145653272 ], [ 37.544505205401336, 55.392355988264612 ], [ 37.544973043365992, 55.392822725800698 ], [ 37.546015158659152, 55.393848639097165 ], [ 37.546144684695129, 55.393978064811051 ], [ 37.547900609444802, 55.395732586063488 ], [ 37.548139006552411, 55.39598631466837 ], [ 37.548297151157577, 55.396154613183725 ], [ 37.548642586550379, 55.396566103052528 ], [ 37.549162375958787, 55.397241805099569 ], [ 37.549401043225572, 55.397186296664771 ], [ 37.550242828473358, 55.396998191610834 ], [ 37.551502998196575, 55.396653334593928 ], [ 37.551408581105086, 55.396497289659159 ] ] ] ] } },
{ "type": "Feature", "properties": { "fid": 444, "sqr": 103741, "gsi": 0.0, "merchant": 0, "industrial": 0, "revolutionary": 0, "postwar": 0, "urban": 0, "stagnation": 0, "nineties": 0, "contemporary": 0, "epoque": 0, "far": 0.0, "mean_lvl": 0.0, "single": 0, "multiple": 0, "dormi": 0, "mixed": 0, "commercial": 0, "public": 0, "utility": 0, "tech": 0, "usage": 0, "low": 0, "mid": 0, "high": 0, "sky": 0, "year_formed": 1925, "year_gone": 9999 }, "geometry": { "type": "MultiPolygon", "coordinates": [ [ [ [ 37.542485913953698, 55.390522366451499 ], [ 37.542357474790407, 55.390565833405198 ], [ 37.542269702133353, 55.390596020832746 ], [ 37.540489873263958, 55.391211701109214 ], [ 37.541983163704849, 55.392687139258491 ], [ 37.542091444288083, 55.392803104055893 ], [ 37.54270801992655, 55.393395914323136 ], [ 37.543351071110266, 55.394014358692822 ], [ 37.543983414812296, 55.394632598145613 ], [ 37.544619484448702, 55.395254565183535 ], [ 37.545313066937396, 55.395937954121578 ], [ 37.546107925168499, 55.396670213369354 ], [ 37.546563536247547, 55.396554948717046 ], [ 37.548034305351578, 55.396182839728525 ], [ 37.548119975313568, 55.396156584320892 ], [ 37.547999794015041, 55.396028685974144 ], [ 37.547762390479889, 55.395776013896914 ], [ 37.546007514957935, 55.394022534879724 ], [ 37.545878241264013, 55.393893360863991 ], [ 37.544836156557146, 55.392867474160461 ], [ 37.544367994522169, 55.39240041169635 ], [ 37.544015344667542, 55.392046461039364 ], [ 37.543948757364419, 55.391979573681823 ], [ 37.543804633708419, 55.391835249880145 ], [ 37.543079284888186, 55.391113199576097 ], [ 37.542485913953698, 55.390522366451499 ] ] ] ] } },
{ "type": "Feature", "properties": { "fid": 446, "sqr": 33751, "gsi": 0.0, "merchant": 0, "industrial": 0, "revolutionary": 0, "postwar": 0, "urban": 0, "stagnation": 0, "nineties": 0, "contemporary": 0, "epoque": 0, "far": 0.0, "mean_lvl": 0.0, "single": 0, "multiple": 0, "dormi": 0, "mixed": 0, "commercial": 0, "public": 0, "utility": 0, "tech": 0, "usage": 0, "low": 0, "mid": 0, "high": 0, "sky": 0, "year_formed": 1959, "year_gone": 9999 }, "geometry": { "type": "MultiPolygon", "coordinates": [ [ [ [ 37.545242104003144, 55.396998422244195 ], [ 37.545258613859588, 55.397020217805292 ], [ 37.54739057124187, 55.399798341780929 ], [ 37.548804809244629, 55.399453619238962 ], [ 37.548813013602796, 55.399441992234095 ], [ 37.547144413300487, 55.397234151234329 ], [ 37.546829772825227, 55.396834016154976 ], [ 37.546589906939616, 55.396747619333965 ], [ 37.546544746858487, 55.39665802854875 ], [ 37.546109719504088, 55.396768085417726 ], [ 37.545242104003144, 55.396998422244195 ] ] ] ] } },
{ "type": "Feature", "properties": { "fid": 447, "sqr": 81608, "gsi": 0.0, "merchant": 0, "industrial": 0, "revolutionary": 0, "postwar": 0, "urban": 0, "stagnation": 0, "nineties": 0, "contemporary": 0, "epoque": 0, "far": 0.0, "mean_lvl": 0.0, "single": 0, "multiple": 0, "dormi": 0, "mixed": 0, "commercial": 0, "public": 0, "utility": 0, "tech": 0, "usage": 0, "low": 0, "mid": 0, "high": 0, "sky": 0, "year_formed": 1953, "year_gone": 9999 }, "geometry": { "type": "MultiPolygon", "coordinates": [ [ [ [ 37.577848239856493, 55.421290415511727 ], [ 37.579263456258943, 55.421914595604925 ], [ 37.580296436919305, 55.421202797738857 ], [ 37.580876677846604, 55.420807850957928 ], [ 37.580948166956361, 55.420754601929019 ], [ 37.581597562971325, 55.420255614027496 ], [ 37.582466413666822, 55.41965713561283 ], [ 37.584045671676563, 55.418848321426331 ], [ 37.5841023504519, 55.418824297504905 ], [ 37.582046932306774, 55.417667870402603 ], [ 37.578709181855032, 55.41984353818733 ], [ 37.578133799366469, 55.420184598267397 ], [ 37.577076804396924, 55.420950098915384 ], [ 37.577785139468901, 55.421262515355771 ], [ 37.577848239856493, 55.421290415511727 ] ] ] ] } },
{ "type": "Feature", "properties": { "fid": 448, "sqr": 24145, "gsi": 0.0, "merchant": 0, "industrial": 0, "revolutionary": 0, "postwar": 0, "urban": 0, "stagnation": 0, "nineties": 0, "contemporary": 0, "epoque": 0, "far": 0.0, "mean_lvl": 0.0, "single": 0, "multiple": 0, "dormi": 0, "mixed": 0, "commercial": 0, "public": 0, "utility": 0, "tech": 0, "usage": 0, "low": 0, "mid": 0, "high": 0, "sky": 0, "year_formed": 1957, "year_gone": 9999 }, "geometry": { "type": "MultiPolygon", "coordinates": [ [ [ [ 37.594155786317145, 55.452399751794864 ], [ 37.593934496852469, 55.452506695079407 ], [ 37.593929240988714, 55.452518005990463 ], [ 37.594096203984549, 55.452854167099233 ], [ 37.59436261772619, 55.453735360680206 ], [ 37.594531795915927, 55.454212832007556 ], [ 37.594531829835269, 55.454212927840778 ], [ 37.595885463935737, 55.454095596473316 ], [ 37.596002439770288, 55.454026059029907 ], [ 37.596085920014673, 55.453952430609256 ], [ 37.596113219889375, 55.453854255092494 ], [ 37.596052977476504, 55.453597824517715 ], [ 37.595889473494765, 55.453464233258764 ], [ 37.595886534296696, 55.45336669885458 ], [ 37.595978917373479, 55.453260130731429 ], [ 37.596497291638499, 55.452986184229111 ], [ 37.596987832721815, 55.45273090405788 ], [ 37.596450064803868, 55.452425903418188 ], [ 37.59628643930386, 55.452328358901873 ], [ 37.596123047417386, 55.452436055815404 ], [ 37.595815766232953, 55.452590178770023 ], [ 37.595685780971507, 55.452603528610645 ], [ 37.595522349403616, 55.452582620764851 ], [ 37.595303649584864, 55.452559710302999 ], [ 37.595048925540162, 55.452526732653034 ], [ 37.594797869071478, 55.452552328080351 ], [ 37.594680356939023, 55.452396291133759 ], [ 37.594604387253554, 55.452342310341734 ], [ 37.594500689317108, 55.452294890675994 ], [ 37.594490602113389, 55.452296043498542 ], [ 37.594428349388544, 55.452326234737669 ], [ 37.594155786317145, 55.452399751794864 ] ] ] ] } },
{ "type": "Feature", "properties": { "fid": 449, "sqr": 14992, "gsi": 0.0, "merchant": 0, "industrial": 0, "revolutionary": 0, "postwar": 0, "urban": 0, "stagnation": 0, "nineties": 0, "contemporary": 0, "epoque": 0, "far": 0.0, "mean_lvl": 0.0, "single": 0, "multiple": 0, "dormi": 0, "mixed": 0, "commercial": 0, "public": 0, "utility": 0, "tech": 0, "usage": 0, "low": 0, "mid": 0, "high": 0, "sky": 0, "year_formed": 1994, "year_gone": 9999 }, "geometry": { "type": "MultiPolygon", "coordinates": [ [ [ [ 37.598300589466135, 55.453358457785434 ], [ 37.598300333025172, 55.453451766604815 ], [ 37.59824222453561, 55.453570477519015 ], [ 37.598062380191692, 55.453796158767496 ], [ 37.597383329304996, 55.454104588298627 ], [ 37.597919410755537, 55.45452997944593 ], [ 37.598488464929893, 55.455100665808779 ], [ 37.599144183876696, 55.45506177653705 ], [ 37.599527921697231, 55.455052345546093 ], [ 37.59959351452256, 55.454964053195155 ], [ 37.599585038194469, 55.454731769529275 ], [ 37.599608850113277, 55.454630714945402 ], [ 37.599531263768633, 55.454372281568617 ], [ 37.5993805865564, 55.454219216900896 ], [ 37.599008095203523, 55.453861811220236 ], [ 37.598393202393474, 55.453401504289914 ], [ 37.598300589466135, 55.453358457785434 ] ] ] ] } },
{ "type": "Feature", "properties": { "fid": 450, "sqr": 59288, "gsi": 0.0, "merchant": 0, "industrial": 0, "revolutionary": 0, "postwar": 0, "urban": 0, "stagnation": 0, "nineties": 0, "contemporary": 0, "epoque": 0, "far": 0.0, "mean_lvl": 0.0, "single": 0, "multiple": 0, "dormi": 0, "mixed": 0, "commercial": 0, "public": 0, "utility": 0, "tech": 0, "usage": 0, "low": 0, "mid": 0, "high": 0, "sky": 0, "year_formed": 1957, "year_gone": 9999 }, "geometry": { "type": "MultiPolygon", "coordinates": [ [ [ [ 37.589991841070869, 55.454547370151566 ], [ 37.589954911760536, 55.454571390359135 ], [ 37.589793522890197, 55.454613617570793 ], [ 37.589516661591794, 55.454653772248825 ], [ 37.589147543887044, 55.454701585422356 ], [ 37.58863582609272, 55.454756653220898 ], [ 37.587705902648132, 55.454829032420449 ], [ 37.587641759914845, 55.454843994290222 ], [ 37.587463237645643, 55.454953592442919 ], [ 37.587452935946999, 55.455064633596358 ], [ 37.587472506658465, 55.455146257098583 ], [ 37.587494458344729, 55.455248897820205 ], [ 37.587584140671254, 55.455655713981585 ], [ 37.587597476757232, 55.455716170361185 ], [ 37.587670592886376, 55.455976969351021 ], [ 37.587701493693579, 55.456103154910153 ], [ 37.587706835600905, 55.456118558202789 ], [ 37.588324700947815, 55.456060396535527 ], [ 37.588456766869861, 55.456047609516716 ], [ 37.590510543417004, 55.455850130997334 ], [ 37.590752877013898, 55.455825857680445 ], [ 37.591793932878971, 55.455721702060181 ], [ 37.593029636751908, 55.45560809251014 ], [ 37.594142381183019, 55.455498499481259 ], [ 37.594251761280482, 55.455489984255927 ], [ 37.594528196487111, 55.455468835116605 ], [ 37.594774465758228, 55.455447237895456 ], [ 37.594600270555198, 55.454912785509165 ], [ 37.594586471871587, 55.454870489288794 ], [ 37.59440593959539, 55.454316391347064 ], [ 37.5939029048142, 55.454370916223574 ], [ 37.592077059330926, 55.454546576305326 ], [ 37.591918864298911, 55.454567227622533 ], [ 37.591438055169881, 55.454627503985556 ], [ 37.591153274896101, 55.4546620013435 ], [ 37.591102555005698, 55.454665837301988 ], [ 37.591031639968897, 55.45467112351399 ], [ 37.590417656828002, 55.454719234855673 ], [ 37.590104911580781, 55.454678052716837 ], [ 37.589991841070869, 55.454547370151566 ] ] ] ] } },
{ "type": "Feature", "properties": { "fid": 451, "sqr": 37676, "gsi": 0.0, "merchant": 0, "industrial": 0, "revolutionary": 0, "postwar": 0, "urban": 0, "stagnation": 0, "nineties": 0, "contemporary": 0, "epoque": 0, "far": 0.0, "mean_lvl": 0.0, "single": 0, "multiple": 0, "dormi": 0, "mixed": 0, "commercial": 0, "public": 0, "utility": 0, "tech": 0, "usage": 0, "low": 0, "mid": 0, "high": 0, "sky": 0, "year_formed": 1957, "year_gone": 9999 }, "geometry": { "type": "MultiPolygon", "coordinates": [ [ [ [ 37.594930338162364, 55.455432129144945 ], [ 37.595457673894948, 55.455375865840459 ], [ 37.596048802403502, 55.455319586961075 ], [ 37.596177697852056, 55.455307440270879 ], [ 37.596769856994278, 55.455255447272449 ], [ 37.597638152699609, 55.455187310390215 ], [ 37.598206748926685, 55.455130570217889 ], [ 37.598322931132159, 55.455116904833687 ], [ 37.59778598916305, 55.454578420517151 ], [ 37.597167470742932, 55.454087611606404 ], [ 37.597934019900634, 55.453739441199161 ], [ 37.598093175523019, 55.453539722435877 ], [ 37.59814226700032, 55.453439433344279 ], [ 37.598142692554958, 55.453284814353658 ], [ 37.597595720836587, 55.453025777209447 ], [ 37.597104525601445, 55.452792003769204 ], [ 37.59660450845098, 55.45305221574769 ], [ 37.596107882715756, 55.453314669234928 ], [ 37.596045265744685, 55.453386901094156 ], [ 37.596046726448556, 55.453435366690343 ], [ 37.596204622459993, 55.453564375434922 ], [ 37.59627298011371, 55.453855344855342 ], [ 37.596236880048508, 55.453985169344492 ], [ 37.596127160318083, 55.454081940938629 ], [ 37.595962536145805, 55.454179803514684 ], [ 37.594561786704269, 55.454301219126066 ], [ 37.594741929765718, 55.454854115776619 ], [ 37.594755728177617, 55.454896410653369 ], [ 37.594930338162364, 55.455432129144945 ] ] ] ] } },
{ "type": "Feature", "properties": { "fid": 452, "sqr": 108589, "gsi": 0.0, "merchant": 0, "industrial": 0, "revolutionary": 0, "postwar": 0, "urban": 0, "stagnation": 0, "nineties": 0, "contemporary": 0, "epoque": 0, "far": 0.0, "mean_lvl": 0.0, "single": 0, "multiple": 0, "dormi": 0, "mixed": 0, "commercial": 0, "public": 0, "utility": 0, "tech": 0, "usage": 0, "low": 0, "mid": 0, "high": 0, "sky": 0, "year_formed": 1975, "year_gone": 9999 }, "geometry": { "type": "MultiPolygon", "coordinates": [ [ [ [ 37.561851209869623, 55.44347774738582 ], [ 37.561825917660485, 55.443486487091654 ], [ 37.561613937731828, 55.443696367558182 ], [ 37.561096642417318, 55.444208563789658 ], [ 37.560980446072165, 55.444323660365121 ], [ 37.560613917728027, 55.44468649912217 ], [ 37.560235898442727, 55.445108062204056 ], [ 37.560013724453256, 55.445203946673011 ], [ 37.559776103686985, 55.445238756054962 ], [ 37.559488578991918, 55.445308432589918 ], [ 37.559467959189099, 55.445314900708993 ], [ 37.559510700401368, 55.445381630957492 ], [ 37.559742146801682, 55.445737716650612 ], [ 37.559974054724307, 55.446039749340429 ], [ 37.560173038601114, 55.446229847949823 ], [ 37.560365290609894, 55.446373713194944 ], [ 37.560673331747488, 55.446645607797912 ], [ 37.560897648241614, 55.446806203475951 ], [ 37.561025903921887, 55.446910043608938 ], [ 37.561127310015699, 55.44697979801655 ], [ 37.561306536128065, 55.447135235531768 ], [ 37.561403524230165, 55.447224026042811 ], [ 37.561619799487502, 55.447307773857638 ], [ 37.562078518395261, 55.447623736082932 ], [ 37.562981058480567, 55.447838150469003 ], [ 37.56310534303838, 55.447866721635599 ], [ 37.563507426056439, 55.447865306500397 ], [ 37.563932706990016, 55.447811234289858 ], [ 37.56421987095775, 55.447658369667977 ], [ 37.565506721797895, 55.446445083375536 ], [ 37.566350044408587, 55.445439936363094 ], [ 37.566163650827754, 55.445209116078793 ], [ 37.565091644584193, 55.445319466427591 ], [ 37.563845101790783, 55.445024465705821 ], [ 37.56367485230934, 55.44492574866679 ], [ 37.563159290576834, 55.444641335223785 ], [ 37.562378366656198, 55.444098237047726 ], [ 37.562122366559819, 55.443802007785592 ], [ 37.561861086274014, 55.443499562769389 ], [ 37.561851209869623, 55.44347774738582 ] ] ] ] } },
{ "type": "Feature", "properties": { "fid": 453, "sqr": 109155, "gsi": 0.0, "merchant": 0, "industrial": 0, "revolutionary": 0, "postwar": 0, "urban": 0, "stagnation": 0, "nineties": 0, "contemporary": 0, "epoque": 0, "far": 0.0, "mean_lvl": 0.0, "single": 0, "multiple": 0, "dormi": 0, "mixed": 0, "commercial": 0, "public": 0, "utility": 0, "tech": 0, "usage": 0, "low": 0, "mid": 0, "high": 0, "sky": 0, "year_formed": 1930, "year_gone": 9999 }, "geometry": { "type": "MultiPolygon", "coordinates": [ [ [ [ 37.520070668151916, 55.430730551976175 ], [ 37.519988308819499, 55.430737428349474 ], [ 37.518058117933322, 55.430870889452066 ], [ 37.516491733932646, 55.431048664894263 ], [ 37.516336334868896, 55.431059909986153 ], [ 37.516484124739776, 55.431687428223768 ], [ 37.516415299636236, 55.431777541279068 ], [ 37.515068336159693, 55.431906847118931 ], [ 37.515026480976324, 55.431992259937857 ], [ 37.513758815300029, 55.432111189610133 ], [ 37.513989328683913, 55.432698348208454 ], [ 37.515265918395713, 55.432741146084943 ], [ 37.515431526192209, 55.432792546104402 ], [ 37.515478722226291, 55.432854176524209 ], [ 37.515470999248947, 55.432955730597548 ], [ 37.515356595722572, 55.433311822587548 ], [ 37.515283483466114, 55.43360218780829 ], [ 37.515231793846453, 55.43391498265531 ], [ 37.518711403122886, 55.433817599824422 ], [ 37.520004270948242, 55.433801712516669 ], [ 37.520728303365715, 55.433770647846849 ], [ 37.52083885231599, 55.434023856853322 ], [ 37.520856376994665, 55.434027124543235 ], [ 37.521066346793091, 55.434004789082529 ], [ 37.521072774647877, 55.434000817098649 ], [ 37.520954950135753, 55.433658795276969 ], [ 37.520834295185722, 55.433305139060018 ], [ 37.520525562201193, 55.432298999222731 ], [ 37.520326146728678, 55.431645216418474 ], [ 37.520147291934791, 55.430996212946184 ], [ 37.520070668151916, 55.430730551976175 ] ] ] ] } },
{ "type": "Feature", "properties": { "fid": 455, "sqr": 44723, "gsi": 0.0, "merchant": 0, "industrial": 0, "revolutionary": 0, "postwar": 0, "urban": 0, "stagnation": 0, "nineties": 0, "contemporary": 0, "epoque": 0, "far": 0.0, "mean_lvl": 0.0, "single": 0, "multiple": 0, "dormi": 0, "mixed": 0, "commercial": 0, "public": 0, "utility": 0, "tech": 0, "usage": 0, "low": 0, "mid": 0, "high": 0, "sky": 0, "year_formed": 1957, "year_gone": 9999 }, "geometry": { "type": "MultiPolygon", "coordinates": [ [ [ [ 37.592125726136771, 55.454450767578564 ], [ 37.593874895216331, 55.454282483774669 ], [ 37.594375955441443, 55.454228172918555 ], [ 37.594207182242208, 55.453751839270197 ], [ 37.593941795977443, 55.45287403285181 ], [ 37.593765359010575, 55.45251879395461 ], [ 37.593794303236947, 55.452456504880807 ], [ 37.594069213765849, 55.45232364819006 ], [ 37.594341650694531, 55.452250165247158 ], [ 37.59434464799822, 55.452248711621621 ], [ 37.592904973907388, 55.451250135140739 ], [ 37.59270308655929, 55.451428790522762 ], [ 37.592506025763981, 55.451574222999895 ], [ 37.591911278958491, 55.451856377177876 ], [ 37.59163429235111, 55.452199266780816 ], [ 37.591259372004039, 55.452509017894442 ], [ 37.591277482328437, 55.452666111701923 ], [ 37.591451591934444, 55.452792354412551 ], [ 37.591773763442255, 55.452941782138382 ], [ 37.591855989786225, 55.453086617497171 ], [ 37.59178976262951, 55.453465922980492 ], [ 37.591883847106438, 55.453670356141465 ], [ 37.591945186789417, 55.453902583256962 ], [ 37.591959988996415, 55.453938167201009 ], [ 37.592125726136771, 55.454450767578564 ] ] ] ] } },
{ "type": "Feature", "properties": { "fid": 456, "sqr": 66591, "gsi": 0.0, "merchant": 0, "industrial": 0, "revolutionary": 0, "postwar": 0, "urban": 0, "stagnation": 0, "nineties": 0, "contemporary": 0, "epoque": 0, "far": 0.0, "mean_lvl": 0.0, "single": 0, "multiple": 0, "dormi": 0, "mixed": 0, "commercial": 0, "public": 0, "utility": 0, "tech": 0, "usage": 0, "low": 0, "mid": 0, "high": 0, "sky": 0, "year_formed": 1880, "year_gone": 1974 }, "geometry": { "type": "MultiPolygon", "coordinates": [ [ [ [ 37.560200713877791, 55.439607879037922 ], [ 37.559209709335235, 55.441392671315576 ], [ 37.559191210752161, 55.441699580782213 ], [ 37.559150476724831, 55.441970941894738 ], [ 37.559086948623545, 55.44215548655805 ], [ 37.559044461580697, 55.442325039913612 ], [ 37.558985615437813, 55.442604312369014 ], [ 37.558946899731588, 55.442805656027254 ], [ 37.558917438958176, 55.443024467915969 ], [ 37.55888265072219, 55.44322980089521 ], [ 37.558857191131544, 55.443426645201932 ], [ 37.558851823071436, 55.443657889314586 ], [ 37.558845346436975, 55.443940195535042 ], [ 37.55885221954766, 55.444066007052925 ], [ 37.558932218894952, 55.444242063237169 ], [ 37.559025218340551, 55.444446661144376 ], [ 37.559130317890812, 55.444677859168493 ], [ 37.55922688478109, 55.444890225280631 ], [ 37.55928709479705, 55.445032521302188 ], [ 37.559413226253128, 55.445229447886192 ], [ 37.559419221078478, 55.44522756740038 ], [ 37.559725096367337, 55.445153443939702 ], [ 37.559943475619463, 55.44512145331705 ], [ 37.560111501650447, 55.445048937764668 ], [ 37.560474882347691, 55.444643700838675 ], [ 37.560843359036468, 55.444278934613791 ], [ 37.560959554137391, 55.444163839662259 ], [ 37.561476861771517, 55.443651632972752 ], [ 37.561709082435243, 55.44342171288082 ], [ 37.561810046873255, 55.443386824705946 ], [ 37.561768471268728, 55.443294990207306 ], [ 37.56019819864288, 55.439684658667964 ], [ 37.560200713877791, 55.439607879037922 ] ] ] ] } },
{ "type": "Feature", "properties": { "fid": 457, "sqr": 91576, "gsi": 0.0, "merchant": 0, "industrial": 0, "revolutionary": 0, "postwar": 0, "urban": 0, "stagnation": 0, "nineties": 0, "contemporary": 0, "epoque": 0, "far": 0.0, "mean_lvl": 0.0, "single": 0, "multiple": 0, "dormi": 0, "mixed": 0, "commercial": 0, "public": 0, "utility": 0, "tech": 0, "usage": 0, "low": 0, "mid": 0, "high": 0, "sky": 0, "year_formed": 1848, "year_gone": 9999 }, "geometry": { "type": "MultiPolygon", "coordinates": [ [ [ [ 37.559150926054926, 55.441200056274766 ], [ 37.560214792237467, 55.4392840298161 ], [ 37.560442315620278, 55.438902220539973 ], [ 37.56206274009395, 55.436290183818279 ], [ 37.561252077884397, 55.435892613067637 ], [ 37.559952994129752, 55.43524627146072 ], [ 37.559611739746288, 55.435075644144867 ], [ 37.559368517587451, 55.434928905553413 ], [ 37.558445028596957, 55.435562806785327 ], [ 37.557002330332047, 55.43509543635917 ], [ 37.555844661509987, 55.43480791261841 ], [ 37.554749724483543, 55.434578064868681 ], [ 37.555149246569002, 55.434897031333229 ], [ 37.556056855831152, 55.435104688477715 ], [ 37.557051530112922, 55.435613404636854 ], [ 37.557822905311887, 55.436180027720766 ], [ 37.55841629710482, 55.436729779365486 ], [ 37.558583559567076, 55.437117159988134 ], [ 37.5586863435949, 55.437469847896871 ], [ 37.558756453294826, 55.437801885117871 ], [ 37.558828914060783, 55.438333423119794 ], [ 37.558877101452936, 55.438606681456164 ], [ 37.558905166836873, 55.438756560958794 ], [ 37.558945504056844, 55.438929046257641 ], [ 37.558989981284881, 55.439245313107207 ], [ 37.559017002487366, 55.43959145690512 ], [ 37.559025011472293, 55.440005678840635 ], [ 37.559054435368068, 55.440659757963701 ], [ 37.559126288129242, 55.441124810039945 ], [ 37.559150926054926, 55.441200056274766 ] ] ] ] } },
{ "type": "Feature", "properties": { "fid": 458, "sqr": 503803, "gsi": 0.0, "merchant": 0, "industrial": 0, "revolutionary": 0, "postwar": 0, "urban": 0, "stagnation": 0, "nineties": 0, "contemporary": 0, "epoque": 0, "far": 0.0, "mean_lvl": 0.0, "single": 0, "multiple": 0, "dormi": 0, "mixed": 0, "commercial": 0, "public": 0, "utility": 0, "tech": 0, "usage": 0, "low": 0, "mid": 0, "high": 0, "sky": 0, "year_formed": 1963, "year_gone": 9999 }, "geometry": { "type": "MultiPolygon", "coordinates": [ [ [ [ 37.567785280962944, 55.466984964938071 ], [ 37.568252604532979, 55.467099323105231 ], [ 37.569018976536114, 55.467392784714384 ], [ 37.56958446404429, 55.46771045580509 ], [ 37.570185086074574, 55.46822831663323 ], [ 37.570455305244465, 55.468508658297466 ], [ 37.57063943463384, 55.468856573463313 ], [ 37.570775897156075, 55.469495451811966 ], [ 37.570680217646405, 55.470637918490503 ], [ 37.571397256117478, 55.470777235235097 ], [ 37.571538185082666, 55.470777871680916 ], [ 37.573329162223466, 55.470753947899304 ], [ 37.573976024360782, 55.470773400899176 ], [ 37.574677943156694, 55.470781804044798 ], [ 37.575064845931564, 55.47084254075736 ], [ 37.575105950281575, 55.470983195953288 ], [ 37.574889365756412, 55.471462071294141 ], [ 37.574796231454343, 55.47165707241026 ], [ 37.57562786019173, 55.471542732668347 ], [ 37.576018519838129, 55.471461692094032 ], [ 37.576650635083595, 55.471386514312925 ], [ 37.576713230466844, 55.471394635637445 ], [ 37.576742539810496, 55.471382013363012 ], [ 37.576848393193011, 55.471347226412142 ], [ 37.577156975621968, 55.471302158537533 ], [ 37.577233970636883, 55.471299197194419 ], [ 37.577670005702636, 55.47124601486518 ], [ 37.577657296029081, 55.471039603018049 ], [ 37.577765372012088, 55.470776588427228 ], [ 37.58000697788836, 55.467164106840755 ], [ 37.581073919169818, 55.464810028815641 ], [ 37.582473754612749, 55.462163760243499 ], [ 37.582464455999208, 55.462166382676351 ], [ 37.580867658866971, 55.462504149400267 ], [ 37.579304850528061, 55.462828524825717 ], [ 37.57837842261651, 55.462769287291565 ], [ 37.578317143426275, 55.46300211425126 ], [ 37.578223002154381, 55.463066721112774 ], [ 37.577987936285808, 55.463623013275758 ], [ 37.577864186501643, 55.463873715117657 ], [ 37.577785885421328, 55.464055245417349 ], [ 37.577724668952278, 55.464475197971773 ], [ 37.577521375569169, 55.464588208587166 ], [ 37.576795719575038, 55.464622956926775 ], [ 37.576483131936051, 55.464638737070004 ], [ 37.574646209828323, 55.46468443961178 ], [ 37.573832085653464, 55.464677178737432 ], [ 37.573166231064732, 55.464628208424138 ], [ 37.571802169945578, 55.464460344027636 ], [ 37.571522104664481, 55.464427209544638 ], [ 37.569025097863069, 55.464268020190282 ], [ 37.568891443059229, 55.464298976722496 ], [ 37.568805873106555, 55.464364215516682 ], [ 37.568839881087676, 55.465377099794843 ], [ 37.568832061684816, 55.465814324331056 ], [ 37.568661989456807, 55.46615200379204 ], [ 37.568294943853715, 55.466608260808059 ], [ 37.568028279925997, 55.466881451908762 ], [ 37.567799000336414, 55.466983467727047 ], [ 37.567785280962944, 55.466984964938071 ] ] ] ] } },
{ "type": "Feature", "properties": { "fid": 459, "sqr": 36792, "gsi": 0.0, "merchant": 0, "industrial": 0, "revolutionary": 0, "postwar": 0, "urban": 0, "stagnation": 0, "nineties": 0, "contemporary": 0, "epoque": 0, "far": 0.0, "mean_lvl": 0.0, "single": 0, "multiple": 0, "dormi": 0, "mixed": 0, "commercial": 0, "public": 0, "utility": 0, "tech": 0, "usage": 0, "low": 0, "mid": 0, "high": 0, "sky": 0, "year_formed": 1946, "year_gone": 9999 }, "geometry": { "type": "MultiPolygon", "coordinates": [ [ [ [ 37.582937614541777, 55.424046718585821 ], [ 37.577919713433239, 55.425931174808454 ], [ 37.578457895295578, 55.426088593605613 ], [ 37.579647144370796, 55.426121011325023 ], [ 37.580343245012088, 55.426209072943053 ], [ 37.583865220639687, 55.424918268726039 ], [ 37.583578837536848, 55.42458907940356 ], [ 37.583404836171674, 55.424438482077129 ], [ 37.583314035384348, 55.424356234142849 ], [ 37.582937614541777, 55.424046718585821 ] ] ] ] } },
{ "type": "Feature", "properties": { "fid": 460, "sqr": 15867, "gsi": 0.0, "merchant": 0, "industrial": 0, "revolutionary": 0, "postwar": 0, "urban": 0, "stagnation": 0, "nineties": 0, "contemporary": 0, "epoque": 0, "far": 0.0, "mean_lvl": 0.0, "single": 0, "multiple": 0, "dormi": 0, "mixed": 0, "commercial": 0, "public": 0, "utility": 0, "tech": 0, "usage": 0, "low": 0, "mid": 0, "high": 0, "sky": 0, "year_formed": 1925, "year_gone": 9999 }, "geometry": { "type": "MultiPolygon", "coordinates": [ [ [ [ 37.542080931229151, 55.438299959566976 ], [ 37.542020932145981, 55.43832328498349 ], [ 37.542057884008443, 55.438360390921346 ], [ 37.542111789000778, 55.438420275029181 ], [ 37.542151280393909, 55.438443256625 ], [ 37.542240161942168, 55.438462918286938 ], [ 37.542337611839976, 55.438495267214201 ], [ 37.542485007226304, 55.438530000338496 ], [ 37.542532987946466, 55.438529770207289 ], [ 37.542708518146775, 55.438589992592668 ], [ 37.542850811998079, 55.43862599079111 ], [ 37.542938676641697, 55.438674356632418 ], [ 37.543077889272411, 55.438711754354692 ], [ 37.543143003727288, 55.438723762144569 ], [ 37.543229700251743, 55.438771238795631 ], [ 37.54327550903934, 55.438787169203962 ], [ 37.543392369688604, 55.438801351779794 ], [ 37.543419013982344, 55.438808892621942 ], [ 37.543452773909642, 55.438802096057977 ], [ 37.543631553064287, 55.438862925585106 ], [ 37.543677263484255, 55.438840961743416 ], [ 37.543869600781349, 55.438924899419753 ], [ 37.545152395587813, 55.438334317641214 ], [ 37.544098933348181, 55.437510004076692 ], [ 37.542216903417035, 55.438280822722348 ], [ 37.542080931229151, 55.438299959566976 ] ] ] ] } },
{ "type": "Feature", "properties": { "fid": 461, "sqr": 30928, "gsi": 0.0, "merchant": 0, "industrial": 0, "revolutionary": 0, "postwar": 0, "urban": 0, "stagnation": 0, "nineties": 0, "contemporary": 0, "epoque": 0, "far": 0.0, "mean_lvl": 0.0, "single": 0, "multiple": 0, "dormi": 0, "mixed": 0, "commercial": 0, "public": 0, "utility": 0, "tech": 0, "usage": 0, "low": 0, "mid": 0, "high": 0, "sky": 0, "year_formed": 1980, "year_gone": 9999 }, "geometry": { "type": "MultiPolygon", "coordinates": [ [ [ [ 37.594341565577601, 55.421738820184636 ], [ 37.594884465079815, 55.423096580074862 ], [ 37.595032982536623, 55.423093835365776 ], [ 37.595947579190174, 55.423122370292752 ], [ 37.596833000320714, 55.422952867491887 ], [ 37.597364289792132, 55.422834693214789 ], [ 37.597755405946664, 55.42272046122541 ], [ 37.597295423518815, 55.421379326940865 ], [ 37.597098037778117, 55.421404806517479 ], [ 37.595219223871958, 55.421625708161933 ], [ 37.594341565577601, 55.421738820184636 ] ] ] ] } },
{ "type": "Feature", "properties": { "fid": 462, "sqr": 26801, "gsi": 0.0, "merchant": 0, "industrial": 0, "revolutionary": 0, "postwar": 0, "urban": 0, "stagnation": 0, "nineties": 0, "contemporary": 0, "epoque": 0, "far": 0.0, "mean_lvl": 0.0, "single": 0, "multiple": 0, "dormi": 0, "mixed": 0, "commercial": 0, "public": 0, "utility": 0, "tech": 0, "usage": 0, "low": 0, "mid": 0, "high": 0, "sky": 0, "year_formed": 1979, "year_gone": 9999 }, "geometry": { "type": "MultiPolygon", "coordinates": [ [ [ [ 37.580507391048783, 55.426255806340478 ], [ 37.580612467248116, 55.42629197463787 ], [ 37.582370691034015, 55.426534358093875 ], [ 37.583637937001484, 55.426683042833979 ], [ 37.584331075630679, 55.426885836665882 ], [ 37.584780151606871, 55.426967249247056 ], [ 37.584762724322552, 55.426829220122897 ], [ 37.584596482839927, 55.426465484950114 ], [ 37.583918685135096, 55.425005564794944 ], [ 37.580507391048783, 55.426255806340478 ] ] ] ] } },
{ "type": "Feature", "properties": { "fid": 464, "sqr": 31687, "gsi": 0.0, "merchant": 0, "industrial": 0, "revolutionary": 0, "postwar": 0, "urban": 0, "stagnation": 0, "nineties": 0, "contemporary": 0, "epoque": 0, "far": 0.0, "mean_lvl": 0.0, "single": 0, "multiple": 0, "dormi": 0, "mixed": 0, "commercial": 0, "public": 0, "utility": 0, "tech": 0, "usage": 0, "low": 0, "mid": 0, "high": 0, "sky": 0, "year_formed": 1959, "year_gone": 9999 }, "geometry": { "type": "MultiPolygon", "coordinates": [ [ [ [ 37.54509369746458, 55.397029461949522 ], [ 37.544737321610704, 55.397072118967721 ], [ 37.544409565294004, 55.397068350497143 ], [ 37.544219642749638, 55.397074550882699 ], [ 37.543899229105271, 55.397113867804862 ], [ 37.543864604114781, 55.397121509385933 ], [ 37.546605702021353, 55.400686319288795 ], [ 37.547655527502897, 55.400390511918076 ], [ 37.547660504057461, 55.400374531401681 ], [ 37.547475256205722, 55.400133080898499 ], [ 37.547297474272206, 55.399901515054516 ], [ 37.547297467184777, 55.39990151497031 ], [ 37.545113786075646, 55.397055982151386 ], [ 37.54509369746458, 55.397029461949522 ] ] ] ] } },
{ "type": "Feature", "properties": { "fid": 467, "sqr": 54731, "gsi": 0.0, "merchant": 0, "industrial": 0, "revolutionary": 0, "postwar": 0, "urban": 0, "stagnation": 0, "nineties": 0, "contemporary": 0, "epoque": 0, "far": 0.0, "mean_lvl": 0.0, "single": 0, "multiple": 0, "dormi": 0, "mixed": 0, "commercial": 0, "public": 0, "utility": 0, "tech": 0, "usage": 0, "low": 0, "mid": 0, "high": 0, "sky": 0, "year_formed": 1950, "year_gone": 9999 }, "geometry": { "type": "MultiPolygon", "coordinates": [ [ [ [ 37.516148641704341, 55.428442703291573 ], [ 37.515717306504804, 55.428481334705296 ], [ 37.515755504114331, 55.428625533281135 ], [ 37.516315224319413, 55.4309708648886 ], [ 37.516466266095016, 55.430959935104269 ], [ 37.518033082093901, 55.430782110546502 ], [ 37.51996729120328, 55.430648371649461 ], [ 37.520045091805969, 55.430641875894587 ], [ 37.519463523177656, 55.428625406055851 ], [ 37.518673808439551, 55.42869321938705 ], [ 37.517580422772504, 55.428787318148011 ], [ 37.516270969729113, 55.428900036578767 ], [ 37.516148641704341, 55.428442703291573 ] ] ] ] } },
{ "type": "Feature", "properties": { "fid": 468, "sqr": 37893, "gsi": 0.0, "merchant": 0, "industrial": 0, "revolutionary": 0, "postwar": 0, "urban": 0, "stagnation": 0, "nineties": 0, "contemporary": 0, "epoque": 0, "far": 0.0, "mean_lvl": 0.0, "single": 0, "multiple": 0, "dormi": 0, "mixed": 0, "commercial": 0, "public": 0, "utility": 0, "tech": 0, "usage": 0, "low": 0, "mid": 0, "high": 0, "sky": 0, "year_formed": 1915, "year_gone": 9999 }, "geometry": { "type": "MultiPolygon", "coordinates": [ [ [ [ 37.547779363685017, 55.400304904895883 ], [ 37.547881805980985, 55.400271144834583 ], [ 37.548205593095396, 55.400114689365488 ], [ 37.548515941366297, 55.400006785561388 ], [ 37.548936815678324, 55.399792836071001 ], [ 37.54885956536085, 55.399607886777055 ], [ 37.549249664316676, 55.399467408735227 ], [ 37.549637053072225, 55.399424667138504 ], [ 37.549797796188727, 55.399318371766434 ], [ 37.550048315604371, 55.399148280226903 ], [ 37.550153694386957, 55.399006554111075 ], [ 37.550253352803693, 55.398925403711303 ], [ 37.549048488921208, 55.397317792135397 ], [ 37.548499013382425, 55.396603496904852 ], [ 37.548191187748742, 55.39623680742104 ], [ 37.548103894718786, 55.396263560261701 ], [ 37.546690410668006, 55.396621176634682 ], [ 37.546725092962312, 55.396689980627954 ], [ 37.546954427078248, 55.396772583812542 ], [ 37.547288986634229, 55.397198048722508 ], [ 37.548983986395683, 55.399440807706078 ], [ 37.548926990860231, 55.399521580730884 ], [ 37.54745377433526, 55.399880679989373 ], [ 37.54761993981149, 55.400097113955418 ], [ 37.547779363685017, 55.400304904895883 ] ] ] ] } },
{ "type": "Feature", "properties": { "fid": 469, "sqr": 16502, "gsi": 0.0, "merchant": 0, "industrial": 0, "revolutionary": 0, "postwar": 0, "urban": 0, "stagnation": 0, "nineties": 0, "contemporary": 0, "epoque": 0, "far": 0.0, "mean_lvl": 0.0, "single": 0, "multiple": 0, "dormi": 0, "mixed": 0, "commercial": 0, "public": 0, "utility": 0, "tech": 0, "usage": 0, "low": 0, "mid": 0, "high": 0, "sky": 0, "year_formed": 1955, "year_gone": 9999 }, "geometry": { "type": "MultiPolygon", "coordinates": [ [ [ [ 37.586459894936326, 55.441156017028348 ], [ 37.586058270829895, 55.440337438100563 ], [ 37.584379665077371, 55.440468222489649 ], [ 37.584245094508724, 55.440475805354133 ], [ 37.583284081060867, 55.440529935532922 ], [ 37.583400771943673, 55.441305502573073 ], [ 37.584971530728041, 55.441224945429951 ], [ 37.58625597034532, 55.44116339560086 ], [ 37.586459894936326, 55.441156017028348 ] ] ] ] } },
{ "type": "Feature", "properties": { "fid": 471, "sqr": 78369, "gsi": 0.0, "merchant": 0, "industrial": 0, "revolutionary": 0, "postwar": 0, "urban": 0, "stagnation": 0, "nineties": 0, "contemporary": 0, "epoque": 0, "far": 0.0, "mean_lvl": 0.0, "single": 0, "multiple": 0, "dormi": 0, "mixed": 0, "commercial": 0, "public": 0, "utility": 0, "tech": 0, "usage": 0, "low": 0, "mid": 0, "high": 0, "sky": 0, "year_formed": 1967, "year_gone": 9999 }, "geometry": { "type": "MultiPolygon", "coordinates": [ [ [ [ 37.505392954481415, 55.425266649822724 ], [ 37.505283521742641, 55.425310311397787 ], [ 37.505181023802386, 55.425343984778991 ], [ 37.504944353325598, 55.425409670453881 ], [ 37.504166736674264, 55.425625625061265 ], [ 37.504014400003982, 55.425665168207601 ], [ 37.503662314415159, 55.425756464491243 ], [ 37.503550136507926, 55.425785644887476 ], [ 37.503460723475541, 55.425807010859337 ], [ 37.503079982495152, 55.425898155823646 ], [ 37.502896710717636, 55.425937173665652 ], [ 37.502730775463156, 55.42596711995553 ], [ 37.502580181268499, 55.425988841270929 ], [ 37.502442212441622, 55.42600139324594 ], [ 37.502323593095277, 55.426011536957404 ], [ 37.502208839685629, 55.426015181576254 ], [ 37.502076050647297, 55.42601773914474 ], [ 37.501562033082465, 55.426011915153126 ], [ 37.501161539378636, 55.426007415221228 ], [ 37.500661715916912, 55.426001714952342 ], [ 37.500465995742921, 55.425999414722313 ], [ 37.499673341003465, 55.425990415230928 ], [ 37.49949792777344, 55.425988468926406 ], [ 37.499426561496165, 55.426043522953627 ], [ 37.499062089531137, 55.426553903729918 ], [ 37.49904968828254, 55.426571265541 ], [ 37.499182150660104, 55.426612106906951 ], [ 37.500070252463722, 55.426886092477218 ], [ 37.50031595932677, 55.4269649662535 ], [ 37.500821069224791, 55.427116569037601 ], [ 37.501890609912678, 55.42743751115777 ], [ 37.50196241788187, 55.427459274181004 ], [ 37.502538671452108, 55.427634694847498 ], [ 37.50267940601811, 55.427680508426796 ], [ 37.503019968558078, 55.42778225818526 ], [ 37.50307109304412, 55.427797988791625 ], [ 37.503182819091542, 55.427832396799097 ], [ 37.503769141416399, 55.42801310362082 ], [ 37.504926167071204, 55.428370281852949 ], [ 37.505048203044005, 55.428411061436641 ], [ 37.505421749717677, 55.428535718485556 ], [ 37.505398522820379, 55.428493593788026 ], [ 37.505385710890032, 55.428422212242573 ], [ 37.505397915842138, 55.428350694336807 ], [ 37.505433062669518, 55.428284064435616 ], [ 37.505492358065943, 55.428220436033442 ], [ 37.505571094612982, 55.428165583344729 ], [ 37.505666921150222, 55.428120522082352 ], [ 37.50577251250288, 55.428087803643798 ], [ 37.505890888498982, 55.428066322286568 ], [ 37.506022570781994, 55.428058241523289 ], [ 37.506050338660458, 55.428059773035962 ], [ 37.5060418860418, 55.42805154218464 ], [ 37.505997467826695, 55.427986112234194 ], [ 37.505925200191712, 55.427840245692259 ], [ 37.505829884779217, 55.427589387917962 ], [ 37.505737584767537, 55.427346386636522 ], [ 37.505639863750616, 55.427089203637863 ], [ 37.505456370118949, 55.426535215766094 ], [ 37.505419490142096, 55.426423771251955 ], [ 37.50536979817732, 55.426250503349472 ], [ 37.50534864634745, 55.426154246326377 ], [ 37.505337996052631, 55.426067115353433 ], [ 37.5053252518614, 55.425962125840456 ], [ 37.505321778633032, 55.425844641064934 ], [ 37.505329274554832, 55.42574243594099 ], [ 37.505335803636278, 55.425652638420971 ], [ 37.505348508812688, 55.425531134880998 ], [ 37.505369651938295, 55.42539179344093 ], [ 37.505389664567254, 55.425280006963085 ], [ 37.505392954481415, 55.425266649822724 ] ] ] ] } },
{ "type": "Feature", "properties": { "fid": 473, "sqr": 162284, "gsi": 0.0, "merchant": 0, "industrial": 0, "revolutionary": 0, "postwar": 0, "urban": 0, "stagnation": 0, "nineties": 0, "contemporary": 0, "epoque": 0, "far": 0.0, "mean_lvl": 0.0, "single": 0, "multiple": 0, "dormi": 0, "mixed": 0, "commercial": 0, "public": 0, "utility": 0, "tech": 0, "usage": 0, "low": 0, "mid": 0, "high": 0, "sky": 0, "year_formed": 1967, "year_gone": 9999 }, "geometry": { "type": "MultiPolygon", "coordinates": [ [ [ [ 37.497210482203172, 55.430744126979455 ], [ 37.497510597330745, 55.430710715669619 ], [ 37.497587548499517, 55.4307021214603 ], [ 37.49791828149602, 55.430756459791482 ], [ 37.498475403939011, 55.430696145578771 ], [ 37.498554066675652, 55.430919581546767 ], [ 37.498615980078355, 55.431095654483123 ], [ 37.499546388833679, 55.430986308292397 ], [ 37.500761531523395, 55.430843115043608 ], [ 37.501517391802828, 55.430753619745033 ], [ 37.50340326442619, 55.430530222984679 ], [ 37.503490813713263, 55.430519821086364 ], [ 37.504058685748205, 55.430509712711178 ], [ 37.505435360092633, 55.43035581978863 ], [ 37.50571047023594, 55.430325118653421 ], [ 37.506048454402936, 55.430287320423133 ], [ 37.506503169113159, 55.430236518777626 ], [ 37.506757014071447, 55.430208177694261 ], [ 37.506643087393456, 55.429879181318839 ], [ 37.506516188922092, 55.429512883655754 ], [ 37.506355769788883, 55.42904987129517 ], [ 37.506336865878843, 55.428973320231641 ], [ 37.506320928886154, 55.428837036189748 ], [ 37.50632005264697, 55.428791247913665 ], [ 37.506330508668015, 55.428737901409967 ], [ 37.506269545661276, 55.42875630043347 ], [ 37.506153675254474, 55.42877645180959 ], [ 37.506022905830342, 55.428783969911251 ], [ 37.505890291323539, 55.428775781021656 ], [ 37.505776625292185, 55.428755385299723 ], [ 37.505677668330385, 55.428725296294431 ], [ 37.504968216707987, 55.428488545167369 ], [ 37.504848432851453, 55.428448518134005 ], [ 37.503693834387363, 55.428092088932985 ], [ 37.503107569465854, 55.427911399688 ], [ 37.502995893822558, 55.427877007178395 ], [ 37.502945631366906, 55.42786154180272 ], [ 37.502603393905709, 55.427759291560712 ], [ 37.502462128471358, 55.427713305139804 ], [ 37.501887982043066, 55.427538525807016 ], [ 37.501816590012538, 55.42751688883034 ], [ 37.500747333330992, 55.427196031739925 ], [ 37.500240240597265, 55.427043833734061 ], [ 37.500063429953862, 55.426987076217607 ], [ 37.50000349779183, 55.427050551811433 ], [ 37.4997069931769, 55.427364357279046 ], [ 37.499641099472058, 55.427434150740218 ], [ 37.498788455476188, 55.428336905003533 ], [ 37.498746268484147, 55.428392184639463 ], [ 37.498227690551126, 55.429071162523698 ], [ 37.497935324998515, 55.429596944297842 ], [ 37.497911025136155, 55.429640644199353 ], [ 37.49783658208014, 55.429774483772299 ], [ 37.497574453224018, 55.430376593291378 ], [ 37.497482067717527, 55.430553648505757 ], [ 37.497210482203172, 55.430744126979455 ] ] ] ] } },
{ "type": "Feature", "properties": { "fid": 475, "sqr": 346507, "gsi": 0.0, "merchant": 0, "industrial": 0, "revolutionary": 0, "postwar": 0, "urban": 0, "stagnation": 0, "nineties": 0, "contemporary": 0, "epoque": 0, "far": 0.0, "mean_lvl": 0.0, "single": 0, "multiple": 0, "dormi": 0, "mixed": 0, "commercial": 0, "public": 0, "utility": 0, "tech": 0, "usage": 0, "low": 0, "mid": 0, "high": 0, "sky": 0, "year_formed": 1967, "year_gone": 9999 }, "geometry": { "type": "MultiPolygon", "coordinates": [ [ [ [ 37.506787554125502, 55.430296331402936 ], [ 37.506533625895102, 55.430324681781769 ], [ 37.506078937976852, 55.430375480430691 ], [ 37.505740945266595, 55.430413279614598 ], [ 37.505465827006482, 55.430443981655294 ], [ 37.504076514271084, 55.430599287287954 ], [ 37.503509586307082, 55.430609378912685 ], [ 37.503435558102197, 55.430618174340601 ], [ 37.501549611110384, 55.430841579911778 ], [ 37.500793704519289, 55.430931080690925 ], [ 37.499578431177738, 55.431074289351436 ], [ 37.498492219754652, 55.431201945484112 ], [ 37.498399131475331, 55.43093721324761 ], [ 37.498351195895609, 55.430801054388297 ], [ 37.49791071849419, 55.430848740208042 ], [ 37.497580451491217, 55.430794478539163 ], [ 37.497541025952465, 55.430798881731711 ], [ 37.497045339903053, 55.430854065199959 ], [ 37.496464115684169, 55.431107149111163 ], [ 37.49628112072832, 55.431184658793249 ], [ 37.494799428917752, 55.431809170315681 ], [ 37.494855666171851, 55.431966633648592 ], [ 37.4948752374058, 55.432031569576182 ], [ 37.495032976212507, 55.432498693360678 ], [ 37.49529330507545, 55.433210921326321 ], [ 37.495314553473214, 55.433267284154333 ], [ 37.495459760543177, 55.433653400917407 ], [ 37.495537368339946, 55.433859520553419 ], [ 37.495553437610205, 55.433902437039627 ], [ 37.495648390847471, 55.434112899510573 ], [ 37.495777854795485, 55.434278659550316 ], [ 37.496108026636861, 55.434625427257366 ], [ 37.496672813690637, 55.434912515035244 ], [ 37.497460885393579, 55.43512599807282 ], [ 37.497766659784943, 55.435182811274707 ], [ 37.498183582201563, 55.435245969411113 ], [ 37.498469796285114, 55.435268215525227 ], [ 37.498715389744397, 55.435265449616246 ], [ 37.499488828156274, 55.435192218210119 ], [ 37.500015926814392, 55.435131234057842 ], [ 37.500364007863773, 55.435092992193503 ], [ 37.501032797486047, 55.435019493332057 ], [ 37.501215377278903, 55.434999406556365 ], [ 37.502568459082561, 55.434848219758734 ], [ 37.502775954598427, 55.434825020259531 ], [ 37.503073001762651, 55.434791914993845 ], [ 37.505166904692736, 55.434558614661604 ], [ 37.50604902667726, 55.434460334493174 ], [ 37.507739787666594, 55.434267315287066 ], [ 37.507905539893109, 55.434230801241327 ], [ 37.508052061896564, 55.434160878113524 ], [ 37.508090480105118, 55.434108883674298 ], [ 37.508079268879797, 55.434024453239836 ], [ 37.508015679883947, 55.433840882093712 ], [ 37.507647682662444, 55.432778684093776 ], [ 37.507473885136207, 55.432277188390785 ], [ 37.50743868634769, 55.432175691309517 ], [ 37.507351083898619, 55.431922682812299 ], [ 37.507246886139676, 55.431622087574823 ], [ 37.506964886536025, 55.430807984107211 ], [ 37.506865487988001, 55.430521186672131 ], [ 37.506787554125502, 55.430296331402936 ] ] ] ] } },
{ "type": "Feature", "properties": { "fid": 477, "sqr": 383197, "gsi": 0.0, "merchant": 0, "industrial": 0, "revolutionary": 0, "postwar": 0, "urban": 0, "stagnation": 0, "nineties": 0, "contemporary": 0, "epoque": 0, "far": 0.0, "mean_lvl": 0.0, "single": 0, "multiple": 0, "dormi": 0, "mixed": 0, "commercial": 0, "public": 0, "utility": 0, "tech": 0, "usage": 0, "low": 0, "mid": 0, "high": 0, "sky": 0, "year_formed": 1967, "year_gone": 9999 }, "geometry": { "type": "MultiPolygon", "coordinates": [ [ [ [ 37.498912249129233, 55.426631093020468 ], [ 37.498587946230309, 55.426531092095416 ], [ 37.497440741934966, 55.426177290660533 ], [ 37.495676742175704, 55.425633190565243 ], [ 37.495062245615948, 55.425443691567054 ], [ 37.493788698542723, 55.425050831166303 ], [ 37.492844966083034, 55.424768870767728 ], [ 37.492596576508582, 55.424694673859982 ], [ 37.49220638348303, 55.42457817590784 ], [ 37.491313862962208, 55.424311469699887 ], [ 37.490011773092469, 55.423922472611054 ], [ 37.489799077138464, 55.42385895774099 ], [ 37.489731153625087, 55.423931672860547 ], [ 37.48892042547017, 55.424810621872091 ], [ 37.488154391823777, 55.425606469946359 ], [ 37.487537334608568, 55.426247630551252 ], [ 37.487416439067864, 55.426372316770546 ], [ 37.486209879978205, 55.427674847843392 ], [ 37.486052707392034, 55.427877754087355 ], [ 37.486079843024051, 55.427953854708072 ], [ 37.486126574598238, 55.427988065190121 ], [ 37.48690252604591, 55.428226268200611 ], [ 37.488423627992994, 55.428693268653724 ], [ 37.490332325343566, 55.429279167659018 ], [ 37.49084133403408, 55.429435470278534 ], [ 37.491535130277583, 55.429648469059309 ], [ 37.491958929143948, 55.429778568671011 ], [ 37.494080529300945, 55.430429868517564 ], [ 37.494428540726759, 55.430536695725522 ], [ 37.49473121841153, 55.430624004642148 ], [ 37.495463871328127, 55.430854699086623 ], [ 37.495581890303662, 55.430891905049869 ], [ 37.496227682466667, 55.431095258615315 ], [ 37.496368884401896, 55.431035450870596 ], [ 37.496956531142757, 55.430779570599981 ], [ 37.497339532359931, 55.430510951453101 ], [ 37.497421946822243, 55.430353006661335 ], [ 37.497684417967513, 55.429750116180585 ], [ 37.497760375828769, 55.429613554113423 ], [ 37.497784674990534, 55.429569855769863 ], [ 37.498079509508621, 55.429039637431707 ], [ 37.498601336027527, 55.428356409492736 ], [ 37.498646144594922, 55.428297694955432 ], [ 37.499501903400748, 55.427391646257476 ], [ 37.499567800689249, 55.427321849258334 ], [ 37.499864307894647, 55.427008042206374 ], [ 37.499925192437615, 55.426943558159216 ], [ 37.499106840317104, 55.426691090322166 ], [ 37.498912249129233, 55.426631093020468 ] ] ] ] } },
{ "type": "Feature", "properties": { "fid": 478, "sqr": 26787, "gsi": 0.0, "merchant": 0, "industrial": 0, "revolutionary": 0, "postwar": 0, "urban": 0, "stagnation": 0, "nineties": 0, "contemporary": 0, "epoque": 0, "far": 0.0, "mean_lvl": 0.0, "single": 0, "multiple": 0, "dormi": 0, "mixed": 0, "commercial": 0, "public": 0, "utility": 0, "tech": 0, "usage": 0, "low": 0, "mid": 0, "high": 0, "sky": 0, "year_formed": 1935, "year_gone": 9999 }, "geometry": { "type": "MultiPolygon", "coordinates": [ [ [ [ 37.496702810265546, 55.416647194858356 ], [ 37.49692797596682, 55.416754599189446 ], [ 37.497079075191195, 55.416815474987544 ], [ 37.497270445656859, 55.416841074947556 ], [ 37.497482022000419, 55.416974096179565 ], [ 37.49776101718161, 55.417109303715101 ], [ 37.49791716828372, 55.417185040430681 ], [ 37.498196313748103, 55.417313521873872 ], [ 37.498728951962342, 55.41749313236722 ], [ 37.499111966714715, 55.417588081357408 ], [ 37.499383241427878, 55.417692728861915 ], [ 37.499972141891597, 55.417876401655548 ], [ 37.500151387653119, 55.417920516798858 ], [ 37.500528078475433, 55.418247539424243 ], [ 37.500737607179815, 55.418410983333949 ], [ 37.500975774054119, 55.418543188519706 ], [ 37.501127801061358, 55.418637121597484 ], [ 37.501181631383737, 55.418602674619741 ], [ 37.501441954843315, 55.41837507617042 ], [ 37.50191737506227, 55.41789657803178 ], [ 37.502014933052806, 55.417768222817351 ], [ 37.502055185387015, 55.417705940732276 ], [ 37.502023496817202, 55.41769588238256 ], [ 37.500825469014572, 55.417327980820119 ], [ 37.499074208734875, 55.416808089327077 ], [ 37.498342627641826, 55.416599136894682 ], [ 37.498000560194782, 55.416541442283695 ], [ 37.497731071854133, 55.41650299942421 ], [ 37.497447645450684, 55.416490581008894 ], [ 37.49717286001205, 55.416504787608055 ], [ 37.496809633331985, 55.416594253711381 ], [ 37.496702810265546, 55.416647194858356 ] ] ] ] } },
{ "type": "Feature", "properties": { "fid": 480, "sqr": 73370, "gsi": 0.0, "merchant": 0, "industrial": 0, "revolutionary": 0, "postwar": 0, "urban": 0, "stagnation": 0, "nineties": 0, "contemporary": 0, "epoque": 0, "far": 0.0, "mean_lvl": 0.0, "single": 0, "multiple": 0, "dormi": 0, "mixed": 0, "commercial": 0, "public": 0, "utility": 0, "tech": 0, "usage": 0, "low": 0, "mid": 0, "high": 0, "sky": 0, "year_formed": 1900, "year_gone": 9999 }, "geometry": { "type": "MultiPolygon", "coordinates": [ [ [ [ 37.499031524811755, 55.421774997371649 ], [ 37.499123583868098, 55.421774676949667 ], [ 37.499159005477061, 55.421774536945257 ], [ 37.5003591517006, 55.421497239358985 ], [ 37.501079779588984, 55.421260992335874 ], [ 37.501861008187241, 55.42096573279666 ], [ 37.502617505253816, 55.420711208668585 ], [ 37.50267609258016, 55.420685190666049 ], [ 37.502877375660255, 55.420595836937977 ], [ 37.502859318558102, 55.420389504506389 ], [ 37.502922248643692, 55.420154986763244 ], [ 37.503425524759102, 55.419545764559118 ], [ 37.503875032192568, 55.418403969344205 ], [ 37.503893481281189, 55.418361772149026 ], [ 37.50391099122551, 55.41830809943572 ], [ 37.503146033185743, 55.418052181417806 ], [ 37.502194829213416, 55.417750265277014 ], [ 37.502161667009688, 55.41780157713896 ], [ 37.502059025009949, 55.417936621927531 ], [ 37.501577045236708, 55.418421723792612 ], [ 37.501307568703474, 55.4186573253482 ], [ 37.500931246914753, 55.418898139100818 ], [ 37.500462804101311, 55.419174064560067 ], [ 37.499909563188496, 55.419526965403101 ], [ 37.499719354293717, 55.419690905266684 ], [ 37.499665846423603, 55.419748615434841 ], [ 37.499133719274745, 55.420511553972865 ], [ 37.499093172442556, 55.420808056947187 ], [ 37.499031524811755, 55.421774997371649 ] ] ] ] } },
{ "type": "Feature", "properties": { "fid": 481, "sqr": 30320, "gsi": 0.0, "merchant": 0, "industrial": 0, "revolutionary": 0, "postwar": 0, "urban": 0, "stagnation": 0, "nineties": 0, "contemporary": 0, "epoque": 0, "far": 0.0, "mean_lvl": 0.0, "single": 0, "multiple": 0, "dormi": 0, "mixed": 0, "commercial": 0, "public": 0, "utility": 0, "tech": 0, "usage": 0, "low": 0, "mid": 0, "high": 0, "sky": 0, "year_formed": 1994, "year_gone": 9999 }, "geometry": { "type": "MultiPolygon", "coordinates": [ [ [ [ 37.49747037751608, 55.435222285341659 ], [ 37.49737338954386, 55.435327147531147 ], [ 37.495276327499283, 55.437611539145514 ], [ 37.495170284164281, 55.437740104318436 ], [ 37.495741009471075, 55.437804147044552 ], [ 37.49656407110497, 55.437753577595757 ], [ 37.496934889991557, 55.437671356153963 ], [ 37.497113860738637, 55.437500411629294 ], [ 37.498658810379084, 55.435815178826658 ], [ 37.498761933783996, 55.43572736044942 ], [ 37.49910043084612, 55.435511159979526 ], [ 37.499253414158375, 55.435391935973911 ], [ 37.499333326784864, 55.435313485290749 ], [ 37.499350762276045, 55.435296376247535 ], [ 37.498730010271281, 55.43535515038311 ], [ 37.498460603703492, 55.435358184474211 ], [ 37.498152417762817, 55.435334230586363 ], [ 37.497721740165339, 55.435268988720551 ], [ 37.49747037751608, 55.435222285341659 ] ] ] ] } },
{ "type": "Feature", "properties": { "fid": 482, "sqr": 76232, "gsi": 0.0, "merchant": 0, "industrial": 0, "revolutionary": 0, "postwar": 0, "urban": 0, "stagnation": 0, "nineties": 0, "contemporary": 0, "epoque": 0, "far": 0.0, "mean_lvl": 0.0, "single": 0, "multiple": 0, "dormi": 0, "mixed": 0, "commercial": 0, "public": 0, "utility": 0, "tech": 0, "usage": 0, "low": 0, "mid": 0, "high": 0, "sky": 0, "year_formed": 1899, "year_gone": 9999 }, "geometry": { "type": "MultiPolygon", "coordinates": [ [ [ [ 37.495426635735477, 55.438761741347228 ], [ 37.495589932526819, 55.438734335896854 ], [ 37.495825124378705, 55.438728968218221 ], [ 37.496252099895884, 55.438785580324371 ], [ 37.497867954631523, 55.439123490729564 ], [ 37.498114566597231, 55.439130795043454 ], [ 37.498340778681822, 55.439099530675939 ], [ 37.4985064133405, 55.438994783606908 ], [ 37.498891309584948, 55.438367046156948 ], [ 37.499413662640919, 55.437560258616188 ], [ 37.499495329290099, 55.437460185449751 ], [ 37.499592654291732, 55.437382797170116 ], [ 37.500013637532902, 55.437108654771016 ], [ 37.50105016867191, 55.436457307403138 ], [ 37.50185002871315, 55.435975572807372 ], [ 37.501997282131441, 55.4358799614619 ], [ 37.502053953065726, 55.435838668616974 ], [ 37.502096831071555, 55.435802618369742 ], [ 37.502143874959479, 55.435750224494811 ], [ 37.502186948550893, 55.435687933620514 ], [ 37.502226914234825, 55.435615568818619 ], [ 37.502458628839825, 55.435140134027492 ], [ 37.502484618936073, 55.43503145781429 ], [ 37.502496525290688, 55.434947824232893 ], [ 37.501245622753956, 55.435087593441636 ], [ 37.501062810048673, 55.435107705840643 ], [ 37.500393994288899, 55.43518120757156 ], [ 37.500046673219018, 55.435219365940085 ], [ 37.499553759351905, 55.435276395056611 ], [ 37.499470069518566, 55.435358518377228 ], [ 37.499385985924341, 55.435441063990538 ], [ 37.499223569241998, 55.435567639989848 ], [ 37.498887266303505, 55.435782439518832 ], [ 37.498794989700293, 55.435861021135757 ], [ 37.49725193933827, 55.437544188332112 ], [ 37.497042910107254, 55.43774384382251 ], [ 37.496619725788371, 55.437837676352665 ], [ 37.496308714029773, 55.437955747470738 ], [ 37.496215316391392, 55.437991283244671 ], [ 37.495781831448376, 55.43824565448147 ], [ 37.495477792067796, 55.438500419858173 ], [ 37.495386527085699, 55.438576917461901 ], [ 37.495350764358015, 55.438664144054997 ], [ 37.495398589034728, 55.438725457575607 ], [ 37.495426635735477, 55.438761741347228 ] ] ] ] } },
{ "type": "Feature", "properties": { "fid": 484, "sqr": 77379, "gsi": 0.0, "merchant": 0, "industrial": 0, "revolutionary": 0, "postwar": 0, "urban": 0, "stagnation": 0, "nineties": 0, "contemporary": 0, "epoque": 0, "far": 0.0, "mean_lvl": 0.0, "single": 0, "multiple": 0, "dormi": 0, "mixed": 0, "commercial": 0, "public": 0, "utility": 0, "tech": 0, "usage": 0, "low": 0, "mid": 0, "high": 0, "sky": 0, "year_formed": 1899, "year_gone": 9999 }, "geometry": { "type": "MultiPolygon", "coordinates": [ [ [ [ 37.501169713089986, 55.436516195683737 ], [ 37.50132605890068, 55.436510791817746 ], [ 37.503139161704389, 55.436346347261861 ], [ 37.503552296195387, 55.436368001928429 ], [ 37.504485651541451, 55.43627152905087 ], [ 37.505450649609287, 55.436048998418997 ], [ 37.506579069147662, 55.435903357962026 ], [ 37.506626770943704, 55.43587310986279 ], [ 37.506699224479121, 55.435827184635336 ], [ 37.506874703386408, 55.435677841061747 ], [ 37.507017787131495, 55.435599226053746 ], [ 37.507323403531117, 55.435477668194153 ], [ 37.507695839346745, 55.435393859822824 ], [ 37.508272886611614, 55.43529812107915 ], [ 37.508674558701443, 55.435229645174978 ], [ 37.509154678166993, 55.435144255813057 ], [ 37.50942318984243, 55.435048563380015 ], [ 37.509584302868149, 55.435171034959112 ], [ 37.509841079170258, 55.435269837964839 ], [ 37.510042119267915, 55.435310977129014 ], [ 37.510764779138356, 55.435158880698765 ], [ 37.510619182429217, 55.434473455039729 ], [ 37.510577214011825, 55.434186298977558 ], [ 37.510389128330139, 55.434135118073016 ], [ 37.509953116530305, 55.434082092213615 ], [ 37.509588608291971, 55.434067546340415 ], [ 37.508743548175637, 55.434166588336659 ], [ 37.508250559591161, 55.434238080332221 ], [ 37.50814408082028, 55.434234265426703 ], [ 37.507987060187226, 55.434309198745311 ], [ 37.507784212381239, 55.434353884708912 ], [ 37.506079773356149, 55.434548465504783 ], [ 37.505197293996481, 55.434646785486144 ], [ 37.503103395820581, 55.434880085277172 ], [ 37.502806421697706, 55.434913182392442 ], [ 37.50265762903031, 55.434929818526385 ], [ 37.502641781084066, 55.435041142135347 ], [ 37.502613771196586, 55.435158265923526 ], [ 37.502378485814717, 55.435641031134686 ], [ 37.502336051506248, 55.43571786633435 ], [ 37.502288125108507, 55.435787175462956 ], [ 37.502233169007759, 55.435848381592614 ], [ 37.502181847020019, 55.435891531349959 ], [ 37.502119117956951, 55.435937238508103 ], [ 37.501966971376305, 55.436036027165045 ], [ 37.501169713089986, 55.436516195683737 ] ] ] ] } },
{ "type": "Feature", "properties": { "fid": 485, "sqr": 321991, "gsi": 0.0, "merchant": 0, "industrial": 0, "revolutionary": 0, "postwar": 0, "urban": 0, "stagnation": 0, "nineties": 0, "contemporary": 0, "epoque": 0, "far": 0.0, "mean_lvl": 0.0, "single": 0, "multiple": 0, "dormi": 0, "mixed": 0, "commercial": 0, "public": 0, "utility": 0, "tech": 0, "usage": 0, "low": 0, "mid": 0, "high": 0, "sky": 0, "year_formed": 1967, "year_gone": 9999 }, "geometry": { "type": "MultiPolygon", "coordinates": [ [ [ [ 37.504055553689817, 55.418357424409741 ], [ 37.504047918756818, 55.418380827802395 ], [ 37.504028767848375, 55.418424630607717 ], [ 37.50357587529723, 55.419575035394914 ], [ 37.50307495140806, 55.420181413189333 ], [ 37.503017881452024, 55.420394095442276 ], [ 37.503039224426672, 55.420637963008915 ], [ 37.502773301657065, 55.420756011912637 ], [ 37.502706694829669, 55.420785591315408 ], [ 37.501944991893154, 55.421041867189174 ], [ 37.501163020490985, 55.421337407650228 ], [ 37.500428648369876, 55.421578160631292 ], [ 37.499190394557644, 55.421864263052598 ], [ 37.499124648862384, 55.421864522920657 ], [ 37.499028979476421, 55.421864855921598 ], [ 37.499026369994155, 55.421932402428283 ], [ 37.499014792644196, 55.422293994550053 ], [ 37.499133258652613, 55.422748390726326 ], [ 37.499153216713424, 55.422797073241334 ], [ 37.499461730934613, 55.423348788610305 ], [ 37.499502756240332, 55.424146382441045 ], [ 37.499511379951549, 55.42431303424376 ], [ 37.499528289298695, 55.425367085781026 ], [ 37.499531389604392, 55.425556281383045 ], [ 37.499532090067774, 55.425603704087933 ], [ 37.49953688217758, 55.425899036110856 ], [ 37.49967644079473, 55.425900584566755 ], [ 37.50046917627035, 55.425909584959726 ], [ 37.50066490805137, 55.425911885320751 ], [ 37.501164672036353, 55.425917584906692 ], [ 37.501565160162592, 55.42592208477064 ], [ 37.502074949353023, 55.425927860854934 ], [ 37.502201760321476, 55.425925418423368 ], [ 37.502307406922135, 55.425922063041831 ], [ 37.502417987584671, 55.425912606752682 ], [ 37.502548218766236, 55.425900758726861 ], [ 37.502687424583421, 55.425880680040599 ], [ 37.502845089337058, 55.425852226328885 ], [ 37.503021617565764, 55.425814644169435 ], [ 37.503399453047493, 55.425724194768463 ], [ 37.50348666355746, 55.425703355104361 ], [ 37.503596685652028, 55.425674735500074 ], [ 37.503948814335807, 55.425583428078944 ], [ 37.504099263394423, 55.425544374929565 ], [ 37.50487503769768, 55.42532893204892 ], [ 37.505106776271575, 55.425264615209933 ], [ 37.505198478338464, 55.425234488587662 ], [ 37.505424981519475, 55.42514411797989 ], [ 37.505485219211685, 55.424968890274783 ], [ 37.505533130442053, 55.424862874388928 ], [ 37.505595598528082, 55.424741932520412 ], [ 37.505662242863195, 55.424647955043305 ], [ 37.505745256908334, 55.424533152980899 ], [ 37.505856607320624, 55.424402331734719 ], [ 37.506356927337592, 55.423856065017766 ], [ 37.506635667175686, 55.423551022005881 ], [ 37.507007254795539, 55.42314742760766 ], [ 37.508544187228139, 55.421484695672923 ], [ 37.508961390376875, 55.421033393121697 ], [ 37.509040444467722, 55.420948034850468 ], [ 37.50977927507514, 55.420152976091742 ], [ 37.508261889695611, 55.419688055461158 ], [ 37.506908980032271, 55.419280613613743 ], [ 37.506231217400604, 55.419077024777664 ], [ 37.505625973383601, 55.418895181002746 ], [ 37.505410429823542, 55.418825217659844 ], [ 37.504055553689817, 55.418357424409741 ] ] ] ] } },
{ "type": "Feature", "properties": { "fid": 486, "sqr": 29524, "gsi": 0.0, "merchant": 0, "industrial": 0, "revolutionary": 0, "postwar": 0, "urban": 0, "stagnation": 0, "nineties": 0, "contemporary": 0, "epoque": 0, "far": 0.0, "mean_lvl": 0.0, "single": 0, "multiple": 0, "dormi": 0, "mixed": 0, "commercial": 0, "public": 0, "utility": 0, "tech": 0, "usage": 0, "low": 0, "mid": 0, "high": 0, "sky": 0, "year_formed": 1994, "year_gone": 9999 }, "geometry": { "type": "MultiPolygon", "coordinates": [ [ [ [ 37.496068868505802, 55.4347260414334 ], [ 37.496011218755534, 55.434790262401584 ], [ 37.493775780302954, 55.437330394352976 ], [ 37.494447393635085, 55.437656973354684 ], [ 37.495010670812881, 55.437721997748788 ], [ 37.495134672572696, 55.437571660813838 ], [ 37.497233410530441, 55.435285452429142 ], [ 37.497323309981724, 55.435188254651187 ], [ 37.496584386224512, 55.434988084948024 ], [ 37.496068868505802, 55.4347260414334 ] ] ] ] } },
{ "type": "Feature", "properties": { "fid": 487, "sqr": 34834, "gsi": 0.0, "merchant": 0, "industrial": 0, "revolutionary": 0, "postwar": 0, "urban": 0, "stagnation": 0, "nineties": 0, "contemporary": 0, "epoque": 0, "far": 0.0, "mean_lvl": 0.0, "single": 0, "multiple": 0, "dormi": 0, "mixed": 0, "commercial": 0, "public": 0, "utility": 0, "tech": 0, "usage": 0, "low": 0, "mid": 0, "high": 0, "sky": 0, "year_formed": 2010, "year_gone": 9999 }, "geometry": { "type": "MultiPolygon", "coordinates": [ [ [ [ 37.490663138032431, 55.419163194165009 ], [ 37.490774435753764, 55.419147586070565 ], [ 37.490836417138375, 55.419147521181493 ], [ 37.491555031411856, 55.418511336437888 ], [ 37.492035993900572, 55.418084547828052 ], [ 37.492308493167911, 55.417837265170348 ], [ 37.492233992061671, 55.417751171161093 ], [ 37.492156872909391, 55.417627169083325 ], [ 37.492125707602455, 55.417517614352036 ], [ 37.492109403022816, 55.417396637727123 ], [ 37.491682156936619, 55.417261674183422 ], [ 37.490838755321228, 55.416995173587019 ], [ 37.489969370144294, 55.416720578179955 ], [ 37.489738823394546, 55.416647801333333 ], [ 37.489674335765748, 55.416665255036044 ], [ 37.489554248470938, 55.416678224463446 ], [ 37.489504871953955, 55.416676231921628 ], [ 37.489459228024764, 55.416759912672724 ], [ 37.489305852983968, 55.417040936330061 ], [ 37.489268094545224, 55.41717221591388 ], [ 37.489222834106563, 55.417357696474077 ], [ 37.489199072744832, 55.417661201603664 ], [ 37.489227368919281, 55.417805578226115 ], [ 37.489314100679543, 55.41806970981014 ], [ 37.489366247579802, 55.418165718244964 ], [ 37.489376885246386, 55.418185235982932 ], [ 37.489480037245464, 55.418335013857735 ], [ 37.489527883007113, 55.418404563653361 ], [ 37.489641979791742, 55.418524639505407 ], [ 37.489781412382868, 55.418671394979036 ], [ 37.490025938144036, 55.418845357942672 ], [ 37.49013911199372, 55.418918006585784 ], [ 37.490152901138757, 55.41892685886824 ], [ 37.490497744957104, 55.419110940817411 ], [ 37.490619905895301, 55.419176138237894 ], [ 37.490663138032431, 55.419163194165009 ] ] ] ] } },
{ "type": "Feature", "properties": { "fid": 488, "sqr": 15265, "gsi": 0.0, "merchant": 0, "industrial": 0, "revolutionary": 0, "postwar": 0, "urban": 0, "stagnation": 0, "nineties": 0, "contemporary": 0, "epoque": 0, "far": 0.0, "mean_lvl": 0.0, "single": 0, "multiple": 0, "dormi": 0, "mixed": 0, "commercial": 0, "public": 0, "utility": 0, "tech": 0, "usage": 0, "low": 0, "mid": 0, "high": 0, "sky": 0, "year_formed": 1958, "year_gone": 9999 }, "geometry": { "type": "MultiPolygon", "coordinates": [ [ [ [ 37.495134866893075, 55.43897610658528 ], [ 37.495265762238411, 55.439379588319717 ], [ 37.495283990380848, 55.439426602256226 ], [ 37.495315814923487, 55.439467821711318 ], [ 37.495351540587038, 55.439498846586503 ], [ 37.495412325152017, 55.439528147411266 ], [ 37.495494242569656, 55.439560544115267 ], [ 37.496878559545742, 55.439990984408368 ], [ 37.497003972969551, 55.440013517525479 ], [ 37.497064556387684, 55.440017754575237 ], [ 37.497128967371452, 55.439994632684872 ], [ 37.497927126062159, 55.439490319953862 ], [ 37.498277953833842, 55.439200678298086 ], [ 37.498129433418825, 55.439221204955857 ], [ 37.497835845331458, 55.439212509267797 ], [ 37.496206700053847, 55.438871819670844 ], [ 37.495810075603188, 55.438819231780876 ], [ 37.495615867501584, 55.438823664101612 ], [ 37.495420628113592, 55.43885643028851 ], [ 37.49525483503669, 55.43891774976877 ], [ 37.495134866893075, 55.43897610658528 ] ] ] ] } },
{ "type": "Feature", "properties": { "fid": 490, "sqr": 69648, "gsi": 0.0, "merchant": 0, "industrial": 0, "revolutionary": 0, "postwar": 0, "urban": 0, "stagnation": 0, "nineties": 0, "contemporary": 0, "epoque": 0, "far": 0.0, "mean_lvl": 0.0, "single": 0, "multiple": 0, "dormi": 0, "mixed": 0, "commercial": 0, "public": 0, "utility": 0, "tech": 0, "usage": 0, "low": 0, "mid": 0, "high": 0, "sky": 0, "year_formed": 2010, "year_gone": 9999 }, "geometry": { "type": "MultiPolygon", "coordinates": [ [ [ [ 37.487025109510306, 55.422985887508823 ], [ 37.487023238173194, 55.422987535092524 ], [ 37.486646297798366, 55.422859277230543 ], [ 37.486555041166028, 55.422935324442314 ], [ 37.486426024916327, 55.423036850439601 ], [ 37.486229139246589, 55.423216897468308 ], [ 37.485556265280252, 55.423786453393483 ], [ 37.485479366756323, 55.423851552234026 ], [ 37.484735366588026, 55.424481353248552 ], [ 37.48414716715758, 55.424979253455817 ], [ 37.48404186186751, 55.425068337821813 ], [ 37.483997652207243, 55.42510573740357 ], [ 37.487147381633939, 55.42607571715191 ], [ 37.487399505892341, 55.426153354921425 ], [ 37.487436771953696, 55.426164983066563 ], [ 37.488015806845119, 55.425563331476837 ], [ 37.488781174605023, 55.424768178088641 ], [ 37.489591446449488, 55.423889727099905 ], [ 37.489660019614213, 55.42381631677398 ], [ 37.489460841449223, 55.423753602761188 ], [ 37.488597634780746, 55.423481700573696 ], [ 37.487056214281573, 55.422996310544619 ], [ 37.487025109510306, 55.422985887508823 ] ] ] ] } },
{ "type": "Feature", "properties": { "fid": 492, "sqr": 34171, "gsi": 0.0, "merchant": 0, "industrial": 0, "revolutionary": 0, "postwar": 0, "urban": 0, "stagnation": 0, "nineties": 0, "contemporary": 0, "epoque": 0, "far": 0.0, "mean_lvl": 0.0, "single": 0, "multiple": 0, "dormi": 0, "mixed": 0, "commercial": 0, "public": 0, "utility": 0, "tech": 0, "usage": 0, "low": 0, "mid": 0, "high": 0, "sky": 0, "year_formed": 1995, "year_gone": 9999 }, "geometry": { "type": "MultiPolygon", "coordinates": [ [ [ [ 37.495417704581214, 55.433963175427195 ], [ 37.495202473596208, 55.433981636752819 ], [ 37.495002053438739, 55.433991396855951 ], [ 37.494799749272076, 55.43403027201326 ], [ 37.494718811814387, 55.434100916403665 ], [ 37.494483387654562, 55.434242513700298 ], [ 37.494265386542111, 55.434407529295413 ], [ 37.494119408468407, 55.434461515896487 ], [ 37.494029720133106, 55.434547848971619 ], [ 37.49392248029752, 55.434648662610215 ], [ 37.493764415400193, 55.434793597419322 ], [ 37.493614289211031, 55.434929294143387 ], [ 37.493574629518818, 55.435027053880809 ], [ 37.493527358058266, 55.435152528169034 ], [ 37.493495623003959, 55.435423768297689 ], [ 37.493470657867135, 55.435551782303342 ], [ 37.493335678023037, 55.435732830468709 ], [ 37.493190448459465, 55.435906268246633 ], [ 37.492909709117512, 55.436147260888127 ], [ 37.492710207709266, 55.436219528678485 ], [ 37.49263975908115, 55.436223558318986 ], [ 37.492854049901119, 55.436565856043941 ], [ 37.49329652484311, 55.437017695846137 ], [ 37.493660265784996, 55.437260859812085 ], [ 37.495870181317272, 55.434749737558057 ], [ 37.495955839704038, 55.43465431567418 ], [ 37.495635945133898, 55.434318340408012 ], [ 37.495498609097211, 55.434142500443201 ], [ 37.495417704581214, 55.433963175427195 ] ] ] ] } },
{ "type": "Feature", "properties": { "fid": 495, "sqr": 75178, "gsi": 0.0, "merchant": 0, "industrial": 0, "revolutionary": 0, "postwar": 0, "urban": 0, "stagnation": 0, "nineties": 0, "contemporary": 0, "epoque": 0, "far": 0.0, "mean_lvl": 0.0, "single": 0, "multiple": 0, "dormi": 0, "mixed": 0, "commercial": 0, "public": 0, "utility": 0, "tech": 0, "usage": 0, "low": 0, "mid": 0, "high": 0, "sky": 0, "year_formed": 2010, "year_gone": 9999 }, "geometry": { "type": "MultiPolygon", "coordinates": [ [ [ [ 37.491141290174163, 55.419617798661207 ], [ 37.491078665672781, 55.419647642093409 ], [ 37.490942523903549, 55.419679244291338 ], [ 37.490846742629437, 55.419683483809855 ], [ 37.490618920946325, 55.419879844134172 ], [ 37.489921620658812, 55.420480745233967 ], [ 37.489189523381036, 55.421111743782298 ], [ 37.489110726070699, 55.421179641561473 ], [ 37.488887033761188, 55.421372535203488 ], [ 37.488194632547021, 55.421969537097382 ], [ 37.488073293103369, 55.42207408507354 ], [ 37.487184108473294, 55.422845899238368 ], [ 37.487110901791453, 55.422910353122269 ], [ 37.487134585640696, 55.422918289442116 ], [ 37.488674160099833, 55.42340309782567 ], [ 37.489537364039478, 55.423674998978456 ], [ 37.489734201988789, 55.423736976104877 ], [ 37.489808763278774, 55.423657302474886 ], [ 37.49105315615882, 55.422326012579987 ], [ 37.491163860916153, 55.422207607712245 ], [ 37.49125346185248, 55.422111806889106 ], [ 37.492872059541867, 55.420380112597456 ], [ 37.492929556519258, 55.420318600758868 ], [ 37.492914514919477, 55.420201819935194 ], [ 37.492822207881439, 55.420121192116021 ], [ 37.492802378841354, 55.420115243399941 ], [ 37.491634006577328, 55.419765351601853 ], [ 37.491250608722808, 55.419650552210136 ], [ 37.491141290174163, 55.419617798661207 ] ] ] ] } },
{ "type": "Feature", "properties": { "fid": 500, "sqr": 131439, "gsi": 0.0, "merchant": 0, "industrial": 0, "revolutionary": 0, "postwar": 0, "urban": 0, "stagnation": 0, "nineties": 0, "contemporary": 0, "epoque": 0, "far": 0.0, "mean_lvl": 0.0, "single": 0, "multiple": 0, "dormi": 0, "mixed": 0, "commercial": 0, "public": 0, "utility": 0, "tech": 0, "usage": 0, "low": 0, "mid": 0, "high": 0, "sky": 0, "year_formed": 2010, "year_gone": 9999 }, "geometry": { "type": "MultiPolygon", "coordinates": [ [ [ [ 37.481456159171877, 55.413739151035919 ], [ 37.481561296076691, 55.413770780897686 ], [ 37.481889246034449, 55.413869295875173 ], [ 37.481926747503778, 55.413880617069985 ], [ 37.483517348966018, 55.414371810014664 ], [ 37.483558523165314, 55.414384502057572 ], [ 37.48478547048574, 55.414763254800157 ], [ 37.485386771446215, 55.414946394121621 ], [ 37.485759373709385, 55.415059847018902 ], [ 37.486059675760039, 55.415154505240771 ], [ 37.486410176941021, 55.415265010994084 ], [ 37.487413669350168, 55.415574815933859 ], [ 37.48757016447329, 55.41562315995229 ], [ 37.488974535820766, 55.416041502346133 ], [ 37.489363302563454, 55.416157442168917 ], [ 37.489472678730543, 55.416139528570064 ], [ 37.489567407221536, 55.416142473149364 ], [ 37.489605269854103, 55.416101716996216 ], [ 37.489911763984018, 55.415771523942304 ], [ 37.489994563482163, 55.415682324651023 ], [ 37.490244921515462, 55.415412570377867 ], [ 37.49031214669121, 55.41533974324205 ], [ 37.490392013285962, 55.415253971884802 ], [ 37.490446881140294, 55.415195080477524 ], [ 37.490684206511283, 55.41510999220759 ], [ 37.490712701900954, 55.415080465158248 ], [ 37.491085774191795, 55.414693881254237 ], [ 37.491196280543789, 55.414579445184174 ], [ 37.491216429182664, 55.414473281921111 ], [ 37.491216429229581, 55.41444978891694 ], [ 37.491169039268534, 55.414400036317005 ], [ 37.489385193978165, 55.413856095055721 ], [ 37.486751594398022, 55.41305309493805 ], [ 37.483653763203186, 55.412107091215766 ], [ 37.483279264123766, 55.41208734242398 ], [ 37.483124395975949, 55.412127833557342 ], [ 37.482954130637602, 55.412217437346285 ], [ 37.482741982831705, 55.41240153119675 ], [ 37.482675508574964, 55.412471550870784 ], [ 37.48252978946433, 55.4126144465978 ], [ 37.482488455693904, 55.412652225925605 ], [ 37.482398151701169, 55.412734888939546 ], [ 37.482295411840965, 55.412836180779784 ], [ 37.482278781940849, 55.412852576239786 ], [ 37.481865735313832, 55.413289175008615 ], [ 37.481456159171877, 55.413739151035919 ] ] ] ] } },
{ "type": "Feature", "properties": { "fid": 502, "sqr": 394943, "gsi": 0.0, "merchant": 0, "industrial": 0, "revolutionary": 0, "postwar": 0, "urban": 0, "stagnation": 0, "nineties": 0, "contemporary": 0, "epoque": 0, "far": 0.0, "mean_lvl": 0.0, "single": 0, "multiple": 0, "dormi": 0, "mixed": 0, "commercial": 0, "public": 0, "utility": 0, "tech": 0, "usage": 0, "low": 0, "mid": 0, "high": 0, "sky": 0, "year_formed": 2008, "year_gone": 9999 }, "geometry": { "type": "MultiPolygon", "coordinates": [ [ [ [ 37.499379366244241, 55.4259285157924 ], [ 37.49937411023329, 55.425604514460616 ], [ 37.499373410056521, 55.425557097913682 ], [ 37.499370310772626, 55.425367918566138 ], [ 37.499353420045928, 55.424314765705226 ], [ 37.499344843959655, 55.424149021456579 ], [ 37.499304469036026, 55.423364011338968 ], [ 37.499000783241414, 55.422820926710877 ], [ 37.498977941315239, 55.422765209224167 ], [ 37.498856607345111, 55.422299805398765 ], [ 37.498868430010347, 55.421930597520678 ], [ 37.498872723128557, 55.421819481386798 ], [ 37.498873528871272, 55.421773760664529 ], [ 37.498935427568547, 55.420802943002009 ], [ 37.498978080766427, 55.420491045977819 ], [ 37.499522153645316, 55.419710984523327 ], [ 37.499583245785502, 55.419645094695802 ], [ 37.499784036898852, 55.419472034565054 ], [ 37.500346995988188, 55.419112935412883 ], [ 37.500815353174744, 55.4188370608721 ], [ 37.501022331922314, 55.418704612924728 ], [ 37.500862425856219, 55.418605811453332 ], [ 37.500617792730949, 55.418470016636043 ], [ 37.500398121440945, 55.418298660540628 ], [ 37.500045212250441, 55.417992283177334 ], [ 37.499902658036895, 55.417957198333859 ], [ 37.499300758491721, 55.417769471123435 ], [ 37.499035433208363, 55.417667118629943 ], [ 37.498656847964106, 55.417573267621471 ], [ 37.498105886167082, 55.417387478108679 ], [ 37.497816231627979, 55.417254159547774 ], [ 37.497658570396894, 55.417177690285975 ], [ 37.497371777909578, 55.417038703794844 ], [ 37.497186354256542, 55.416922125037217 ], [ 37.497012924738435, 55.416898925002862 ], [ 37.496831423946084, 55.416825800790775 ], [ 37.49658224950327, 55.41670694407599 ], [ 37.496438042818504, 55.416778411680049 ], [ 37.496224789882611, 55.416926063199725 ], [ 37.49524764834419, 55.418029646329998 ], [ 37.495064243810667, 55.418225979749437 ], [ 37.494274640599038, 55.419070984766705 ], [ 37.494097935487019, 55.419259990589659 ], [ 37.49301153977121, 55.42042228817818 ], [ 37.491392942688954, 55.422153988293012 ], [ 37.491303336512054, 55.422249795079075 ], [ 37.491192641627656, 55.422368189828845 ], [ 37.489948245573672, 55.423699488095508 ], [ 37.489873249127307, 55.423779627027535 ], [ 37.490085220104554, 55.423842925367936 ], [ 37.491387332635263, 55.424231928995397 ], [ 37.492279828523543, 55.42449862768742 ], [ 37.492670016162705, 55.42461512396239 ], [ 37.492918430535141, 55.42468932823256 ], [ 37.493863101382232, 55.424971568821647 ], [ 37.49513755826267, 55.4253647096401 ], [ 37.495752053882207, 55.425554208230174 ], [ 37.497516059417165, 55.426098309767539 ], [ 37.498663255334073, 55.426452108397996 ], [ 37.498909939796484, 55.426528175245735 ], [ 37.498915711674805, 55.426520094626426 ], [ 37.499287638581997, 55.425999277007264 ], [ 37.499379366244241, 55.4259285157924 ] ] ] ] } },
{ "type": "Feature", "properties": { "fid": 503, "sqr": 133206, "gsi": 0.0, "merchant": 0, "industrial": 0, "revolutionary": 0, "postwar": 0, "urban": 0, "stagnation": 0, "nineties": 0, "contemporary": 0, "epoque": 0, "far": 0.0, "mean_lvl": 0.0, "single": 0, "multiple": 0, "dormi": 0, "mixed": 0, "commercial": 0, "public": 0, "utility": 0, "tech": 0, "usage": 0, "low": 0, "mid": 0, "high": 0, "sky": 0, "year_formed": 2010, "year_gone": 9999 }, "geometry": { "type": "MultiPolygon", "coordinates": [ [ [ [ 37.493067617635482, 55.420170898298423 ], [ 37.493958462453115, 55.41921781165486 ], [ 37.494135163219759, 55.419028811187339 ], [ 37.49492475837922, 55.418183817946982 ], [ 37.495107351729516, 55.417988353630101 ], [ 37.496084114078414, 55.416885203119215 ], [ 37.496179158608491, 55.416687781452609 ], [ 37.496204803659147, 55.416581234392503 ], [ 37.496232289509543, 55.416436812040608 ], [ 37.496246159697741, 55.416232425436547 ], [ 37.496193654912702, 55.416109556545315 ], [ 37.495961013739077, 55.415927858443524 ], [ 37.495730549167213, 55.415808711801112 ], [ 37.495502492123805, 55.415725887480818 ], [ 37.495126621792068, 55.41560672115083 ], [ 37.494470194954879, 55.415406595827726 ], [ 37.491653470335436, 55.414547770729989 ], [ 37.491525412829965, 55.414558267234781 ], [ 37.491474239590374, 55.414566231584239 ], [ 37.491422622887754, 55.414574251137807 ], [ 37.491336419761737, 55.41462093468536 ], [ 37.491224220692047, 55.414737124087353 ], [ 37.490851154522872, 55.415123703036144 ], [ 37.490802993584239, 55.415173607763947 ], [ 37.49056671895552, 55.415258319493546 ], [ 37.490531582479065, 55.41529603270402 ], [ 37.490451853383284, 55.415381656718374 ], [ 37.490384678558954, 55.415454429582553 ], [ 37.490134237772317, 55.415724274038084 ], [ 37.490051435881682, 55.415813476243116 ], [ 37.489744936504358, 55.41614367619453 ], [ 37.489724101848253, 55.416166103169118 ], [ 37.489778167180241, 55.416178702174079 ], [ 37.48989719294687, 55.416238455473056 ], [ 37.489975010357675, 55.416317234938028 ], [ 37.49000279163517, 55.416406110413462 ], [ 37.48999463385546, 55.416435073501049 ], [ 37.49004533193024, 55.416450704117715 ], [ 37.491887637143009, 55.417018805548011 ], [ 37.491998494369696, 55.417053024474477 ], [ 37.492274769030097, 55.417146247283725 ], [ 37.492300773455248, 55.417225491087635 ], [ 37.492274277957229, 55.417317579749998 ], [ 37.49226420767539, 55.417369836888973 ], [ 37.492282692377358, 55.417506985597399 ], [ 37.492310527048062, 55.417604830868115 ], [ 37.492379807874606, 55.417716228795015 ], [ 37.492489106845312, 55.417842534763039 ], [ 37.492169406180892, 55.418132652135931 ], [ 37.491687968670021, 55.418559863526305 ], [ 37.491003723694817, 55.419165623693409 ], [ 37.491030737154546, 55.419169954080211 ], [ 37.491153355633962, 55.419215951002329 ], [ 37.49124556163828, 55.419280988020695 ], [ 37.491298355957326, 55.419359036809723 ], [ 37.491306651369527, 55.419442470152177 ], [ 37.49126986779369, 55.419523250111318 ], [ 37.491246089540113, 55.419544678224739 ], [ 37.491243614940423, 55.419546905894684 ], [ 37.491324200166517, 55.419571050462125 ], [ 37.491707590928534, 55.419685847661889 ], [ 37.492875995191824, 55.420035748834479 ], [ 37.492932192023162, 55.420052607858487 ], [ 37.493067617635482, 55.420170898298423 ] ] ] ] } },
{ "type": "Feature", "properties": { "fid": 504, "sqr": 203310, "gsi": 0.0, "merchant": 0, "industrial": 0, "revolutionary": 0, "postwar": 0, "urban": 0, "stagnation": 0, "nineties": 0, "contemporary": 0, "epoque": 0, "far": 0.0, "mean_lvl": 0.0, "single": 0, "multiple": 0, "dormi": 0, "mixed": 0, "commercial": 0, "public": 0, "utility": 0, "tech": 0, "usage": 0, "low": 0, "mid": 0, "high": 0, "sky": 0, "year_formed": 2010, "year_gone": 9999 }, "geometry": { "type": "MultiPolygon", "coordinates": [ [ [ [ 37.481199258101974, 55.414026479508216 ], [ 37.481193823582664, 55.41403283962039 ], [ 37.481047587700509, 55.414203648311769 ], [ 37.480757111888607, 55.414552637999932 ], [ 37.480542266980848, 55.414868674535953 ], [ 37.480321003310038, 55.415311402094787 ], [ 37.480268421772053, 55.415446669020355 ], [ 37.480218323198933, 55.415576407014747 ], [ 37.480181147936626, 55.41567776745039 ], [ 37.480099220644426, 55.415906747532887 ], [ 37.479976047816834, 55.416384132877454 ], [ 37.47994705774056, 55.416606029465527 ], [ 37.479916357338546, 55.416841005383723 ], [ 37.479914769289358, 55.41698752987768 ], [ 37.479912838340177, 55.417029240179815 ], [ 37.479930355069968, 55.417194760313464 ], [ 37.480053149979597, 55.417942530681671 ], [ 37.480429046700806, 55.418560619208854 ], [ 37.480547516309024, 55.418771554635171 ], [ 37.480608710045949, 55.418886515028682 ], [ 37.480802279595757, 55.418851495608479 ], [ 37.480882299968059, 55.418837705935154 ], [ 37.481083212356864, 55.418803103802659 ], [ 37.481352794838735, 55.418756711005756 ], [ 37.483349006874214, 55.418486209267918 ], [ 37.483419338297985, 55.418569428099815 ], [ 37.483690205119245, 55.418532325208403 ], [ 37.484828456403243, 55.418376331886044 ], [ 37.484881467890979, 55.418369030303822 ], [ 37.484991887779465, 55.418353916947659 ], [ 37.485080541854309, 55.418396295021353 ], [ 37.48611872328685, 55.418253436445873 ], [ 37.48730531634714, 55.418090037402727 ], [ 37.487382956135356, 55.41807936318726 ], [ 37.488761067291335, 55.417900896995022 ], [ 37.488858963131982, 55.417888221967672 ], [ 37.488843044849574, 55.417823463992455 ], [ 37.488837249182737, 55.417798609285697 ], [ 37.488831722833467, 55.417669245739255 ], [ 37.488831723415679, 55.417377387860782 ], [ 37.488902138492961, 55.417129922197226 ], [ 37.48892239626138, 55.417058811645042 ], [ 37.489122155814769, 55.416686002407772 ], [ 37.489174852225958, 55.416587679028417 ], [ 37.489134911129362, 55.416562065962424 ], [ 37.489081686549888, 55.416504756316982 ], [ 37.489054176380499, 55.416441927136489 ], [ 37.48905387517236, 55.416409449913168 ], [ 37.488720784946196, 55.416308553768907 ], [ 37.48788498881774, 55.416055454864669 ], [ 37.487560552163551, 55.415957013387469 ], [ 37.487170772017826, 55.415838088898269 ], [ 37.485805756150015, 55.415421383927765 ], [ 37.485496564859133, 55.415326969774668 ], [ 37.485383686371783, 55.415293951564067 ], [ 37.485187234750818, 55.415236389930293 ], [ 37.485122135175679, 55.415216638350607 ], [ 37.483244409885558, 55.414646430500696 ], [ 37.483056710374129, 55.414589430631764 ], [ 37.481908565536152, 55.41424074727847 ], [ 37.481622023652371, 55.414154064833014 ], [ 37.481307754752443, 55.41405900445983 ], [ 37.481199258101974, 55.414026479508216 ] ] ] ] } },
{ "type": "Feature", "properties": { "fid": 505, "sqr": 163344, "gsi": 0.0, "merchant": 0, "industrial": 0, "revolutionary": 0, "postwar": 0, "urban": 0, "stagnation": 0, "nineties": 0, "contemporary": 0, "epoque": 0, "far": 0.0, "mean_lvl": 0.0, "single": 0, "multiple": 0, "dormi": 0, "mixed": 0, "commercial": 0, "public": 0, "utility": 0, "tech": 0, "usage": 0, "low": 0, "mid": 0, "high": 0, "sky": 0, "year_formed": 2010, "year_gone": 9999 }, "geometry": { "type": "MultiPolygon", "coordinates": [ [ [ [ 37.489028019085502, 55.41827748654584 ], [ 37.488935208739377, 55.418290431422136 ], [ 37.487570479889683, 55.418480349360642 ], [ 37.487463694841878, 55.418495061077799 ], [ 37.486270798429139, 55.41865946058472 ], [ 37.484995898489153, 55.418835174359813 ], [ 37.48414623281316, 55.418950941924805 ], [ 37.484120047640722, 55.418979266611458 ], [ 37.484154576207594, 55.419068298368416 ], [ 37.483769239123419, 55.419123027536145 ], [ 37.483322043683614, 55.419184468127966 ], [ 37.483242518688193, 55.419195371560136 ], [ 37.482395270935257, 55.419311678116024 ], [ 37.4823622779343, 55.419316177161654 ], [ 37.48201804253592, 55.419363468286925 ], [ 37.481746742211321, 55.419400682107359 ], [ 37.481722594030359, 55.419450034287031 ], [ 37.481651531207433, 55.419595549931316 ], [ 37.481594133713628, 55.419609178573218 ], [ 37.481320778663743, 55.419673623173708 ], [ 37.481201682325349, 55.41969182962977 ], [ 37.481166289916189, 55.419699747543156 ], [ 37.481249562483612, 55.41979739380465 ], [ 37.481339935744572, 55.419903396805331 ], [ 37.48156256215367, 55.420171187418241 ], [ 37.481886611122626, 55.420541500128998 ], [ 37.482385148023504, 55.420911184562165 ], [ 37.482714889471026, 55.421115522784866 ], [ 37.482815987056654, 55.421178193168885 ], [ 37.482927415015652, 55.421250398418934 ], [ 37.483003920160385, 55.42129407373239 ], [ 37.483070821441054, 55.421332174430589 ], [ 37.483297395081088, 55.421461531609509 ], [ 37.483701779354888, 55.421663476130497 ], [ 37.484220159956351, 55.421886986082079 ], [ 37.484656739840638, 55.422055422365069 ], [ 37.48480363428925, 55.422112102825622 ], [ 37.485049770507828, 55.422197326711427 ], [ 37.485404760972962, 55.422320223364302 ], [ 37.485549251636186, 55.422370220114828 ], [ 37.485707561362027, 55.422424992655706 ], [ 37.486540271189646, 55.422717166167153 ], [ 37.486600962136016, 55.422738471541571 ], [ 37.48667437124147, 55.422678661391672 ], [ 37.486799623816914, 55.422572042401704 ], [ 37.487361827295963, 55.422093540107738 ], [ 37.487586532853925, 55.421902335644333 ], [ 37.488235227045905, 55.421350341356124 ], [ 37.488414320892765, 55.421197846808177 ], [ 37.488634637466717, 55.421010432962433 ], [ 37.488708433598653, 55.420947636341502 ], [ 37.489454132908719, 55.420313037813358 ], [ 37.489624030881636, 55.420168439740166 ], [ 37.490168529637678, 55.419704941445438 ], [ 37.490393633946283, 55.419513352028588 ], [ 37.49036142041809, 55.419457739396009 ], [ 37.490362623335329, 55.419369939227586 ], [ 37.490390701138963, 55.419324030209921 ], [ 37.490264539495662, 55.419266960535673 ], [ 37.489922431569283, 55.419112170610283 ], [ 37.48955654463871, 55.418857963441063 ], [ 37.489333343704345, 55.418687558084287 ], [ 37.489280130475692, 55.418622697647379 ], [ 37.489165103801923, 55.418482401180135 ], [ 37.489117283650415, 55.4184108751152 ], [ 37.489028019085502, 55.41827748654584 ] ] ] ] } },
{ "type": "Feature", "properties": { "fid": 507, "sqr": 203433, "gsi": 0.0, "merchant": 0, "industrial": 0, "revolutionary": 0, "postwar": 0, "urban": 0, "stagnation": 0, "nineties": 0, "contemporary": 0, "epoque": 0, "far": 0.0, "mean_lvl": 0.0, "single": 0, "multiple": 0, "dormi": 0, "mixed": 0, "commercial": 0, "public": 0, "utility": 0, "tech": 0, "usage": 0, "low": 0, "mid": 0, "high": 0, "sky": 0, "year_formed": 2010, "year_gone": 9999 }, "geometry": { "type": "MultiPolygon", "coordinates": [ [ [ [ 37.480762320460443, 55.419754440465006 ], [ 37.480643043634537, 55.41977138430542 ], [ 37.480501649596832, 55.41979148345812 ], [ 37.479495726670834, 55.419934286716845 ], [ 37.477493949876703, 55.42021848342614 ], [ 37.477370106583173, 55.420236110431922 ], [ 37.477125860967242, 55.420324558220884 ], [ 37.476966893054424, 55.420476451185401 ], [ 37.476932329851557, 55.420668338653812 ], [ 37.476969461786652, 55.420757658072596 ], [ 37.477051060222372, 55.420953753395942 ], [ 37.477338465081033, 55.421645161840829 ], [ 37.477687365837518, 55.422484159731994 ], [ 37.47782826633955, 55.422822959353034 ], [ 37.477977182225047, 55.423181099960793 ], [ 37.478808357270921, 55.423903898416285 ], [ 37.478984881819116, 55.424042252601396 ], [ 37.47906806611519, 55.424116843397748 ], [ 37.479872559197233, 55.424271883332494 ], [ 37.48147677646719, 55.42447600553524 ], [ 37.481749944358214, 55.424519032709483 ], [ 37.481983158808788, 55.424542435897635 ], [ 37.482520432386586, 55.424670991621582 ], [ 37.482727065923562, 55.424720490143663 ], [ 37.483602229257123, 55.424985548150296 ], [ 37.483857820343687, 55.42506298791438 ], [ 37.483910751754784, 55.425018210218973 ], [ 37.48401603900065, 55.424929141367258 ], [ 37.484604233366959, 55.424431246825371 ], [ 37.485348233633104, 55.423801447472087 ], [ 37.48542513338473, 55.42373634777249 ], [ 37.486096460835604, 55.423168102496064 ], [ 37.486294775167124, 55.422986749525577 ], [ 37.486425758918656, 55.42288367552392 ], [ 37.486511140576319, 55.422812524324989 ], [ 37.48645732091731, 55.422793631076928 ], [ 37.485625038557636, 55.422501607329643 ], [ 37.48546714958529, 55.422446980320991 ], [ 37.485322646462492, 55.422396979221702 ], [ 37.484967631282863, 55.422274073921713 ], [ 37.484718165628713, 55.42218769715867 ], [ 37.484568057975757, 55.422129776807971 ], [ 37.48412803995835, 55.421960013899827 ], [ 37.483601820556949, 55.421733123848313 ], [ 37.483189204829252, 55.421527068365847 ], [ 37.482958978469277, 55.421395625543177 ], [ 37.482892079749945, 55.421357526241373 ], [ 37.482811984894859, 55.421311801553166 ], [ 37.482698412854276, 55.421238206802201 ], [ 37.482598505829394, 55.421176274329824 ], [ 37.482264051888158, 55.420969015407202 ], [ 37.481756577120265, 55.420592702303409 ], [ 37.481245149683105, 55.420211740579141 ], [ 37.480997794793012, 55.419996089746547 ], [ 37.48088341957537, 55.419878677811944 ], [ 37.480762320460443, 55.419754440465006 ] ] ] ] } },
{ "type": "Feature", "properties": { "fid": 509, "sqr": 55440, "gsi": 0.0, "merchant": 0, "industrial": 0, "revolutionary": 0, "postwar": 0, "urban": 0, "stagnation": 0, "nineties": 0, "contemporary": 0, "epoque": 0, "far": 0.0, "mean_lvl": 0.0, "single": 0, "multiple": 0, "dormi": 0, "mixed": 0, "commercial": 0, "public": 0, "utility": 0, "tech": 0, "usage": 0, "low": 0, "mid": 0, "high": 0, "sky": 0, "year_formed": 2004, "year_gone": 9999 }, "geometry": { "type": "MultiPolygon", "coordinates": [ [ [ [ 37.564936938219816, 55.484871076637532 ], [ 37.564938385216593, 55.484893906288157 ], [ 37.565406709477394, 55.486546263237898 ], [ 37.565450035212642, 55.486737499338105 ], [ 37.565559255634206, 55.487387521946665 ], [ 37.566314008398599, 55.487576536336029 ], [ 37.566753197705111, 55.487596767866279 ], [ 37.567360152997175, 55.487614193070449 ], [ 37.565801553230109, 55.482533637871796 ], [ 37.565709907803331, 55.482549382037767 ], [ 37.564731177216345, 55.482719147526772 ], [ 37.564471725807472, 55.482757290308477 ], [ 37.564262906945252, 55.482787947498075 ], [ 37.564756519384318, 55.48425180321766 ], [ 37.564880024488211, 55.484687381564392 ], [ 37.564993175465744, 55.484686389909555 ], [ 37.564999017152793, 55.484870196738811 ], [ 37.564936938219816, 55.484871076637532 ] ] ] ] } },
{ "type": "Feature", "properties": { "fid": 510, "sqr": 120693, "gsi": 0.0, "merchant": 0, "industrial": 0, "revolutionary": 0, "postwar": 0, "urban": 0, "stagnation": 0, "nineties": 0, "contemporary": 0, "epoque": 0, "far": 0.0, "mean_lvl": 0.0, "single": 0, "multiple": 0, "dormi": 0, "mixed": 0, "commercial": 0, "public": 0, "utility": 0, "tech": 0, "usage": 0, "low": 0, "mid": 0, "high": 0, "sky": 0, "year_formed": 1900, "year_gone": 9999 }, "geometry": { "type": "MultiPolygon", "coordinates": [ [ [ [ 37.56027253715822, 55.473316832535573 ], [ 37.56092575812454, 55.473345607126994 ], [ 37.560886018049835, 55.474240007567204 ], [ 37.56107352005052, 55.474428352773231 ], [ 37.561532244477242, 55.474415378730569 ], [ 37.561611559130952, 55.474748658394432 ], [ 37.5618330195136, 55.474743874877817 ], [ 37.561956527398877, 55.475596415870832 ], [ 37.561969401257471, 55.475685442320305 ], [ 37.562048213866738, 55.476052765521793 ], [ 37.562468286231066, 55.478011421004418 ], [ 37.562523877185761, 55.478133447016774 ], [ 37.563055131708779, 55.479300023429239 ], [ 37.562846062665109, 55.479920935038315 ], [ 37.563126699793671, 55.480128530536369 ], [ 37.563254680161499, 55.480626937259558 ], [ 37.563259413967096, 55.480626654344029 ], [ 37.563533303624887, 55.481489700190245 ], [ 37.564185977904394, 55.482487380655272 ], [ 37.564230290310036, 55.48269121588806 ], [ 37.564233091301112, 55.482699522844896 ], [ 37.564432086791911, 55.482670307842277 ], [ 37.564688222829943, 55.482632652469441 ], [ 37.565663892246043, 55.482463417957867 ], [ 37.565774003790587, 55.482444501409724 ], [ 37.565120215501267, 55.480354055884376 ], [ 37.564696803718057, 55.478999909642511 ], [ 37.56420679288977, 55.477413964455003 ], [ 37.563733991058854, 55.475880448704579 ], [ 37.56306489531152, 55.473707398998741 ], [ 37.562996540107669, 55.473440023173083 ], [ 37.562924164607914, 55.47343991632362 ], [ 37.562445795257943, 55.473403799700449 ], [ 37.561572487683975, 55.473366211269955 ], [ 37.560847277029467, 55.473338814638751 ], [ 37.560272467912505, 55.473314817364674 ], [ 37.56027253715822, 55.473316832535573 ] ] ] ] } },
{ "type": "Feature", "properties": { "fid": 511, "sqr": 11804, "gsi": 0.0, "merchant": 0, "industrial": 0, "revolutionary": 0, "postwar": 0, "urban": 0, "stagnation": 0, "nineties": 0, "contemporary": 0, "epoque": 0, "far": 0.0, "mean_lvl": 0.0, "single": 0, "multiple": 0, "dormi": 0, "mixed": 0, "commercial": 0, "public": 0, "utility": 0, "tech": 0, "usage": 0, "low": 0, "mid": 0, "high": 0, "sky": 0, "year_formed": 2000, "year_gone": 9999 }, "geometry": { "type": "MultiPolygon", "coordinates": [ [ [ [ 37.520784474031693, 55.410856557303283 ], [ 37.520779806769546, 55.410860585884954 ], [ 37.521015635273372, 55.41098767830632 ], [ 37.522603954720438, 55.411738241899471 ], [ 37.522957013261127, 55.411905094793163 ], [ 37.523061632713819, 55.411957784926081 ], [ 37.523127754847998, 55.411978924337419 ], [ 37.523228994723546, 55.411996909206046 ], [ 37.523297574403706, 55.411867991809082 ], [ 37.52354139669351, 55.411517991419942 ], [ 37.523621726775112, 55.411355882585283 ], [ 37.523724829648984, 55.411275178426209 ], [ 37.523909013191897, 55.411185796910708 ], [ 37.524011610775744, 55.41116394183809 ], [ 37.524034550889375, 55.411042911615404 ], [ 37.523788115084109, 55.410784512412931 ], [ 37.523661491879139, 55.410737990047679 ], [ 37.522907225382241, 55.411025968036078 ], [ 37.522774982964457, 55.411025727170518 ], [ 37.52260200086107, 55.411029740176204 ], [ 37.522463323809916, 55.411010915743624 ], [ 37.522247673454999, 55.410969359172981 ], [ 37.522033503503565, 55.410933841127935 ], [ 37.521888476464596, 55.410923640451863 ], [ 37.521515920449247, 55.41096330492325 ], [ 37.521449284331922, 55.411039362039794 ], [ 37.521366272056959, 55.411002000593598 ], [ 37.521333735662807, 55.411025738855436 ], [ 37.521249450854832, 55.41099807713757 ], [ 37.5211475954927, 55.411001677471582 ], [ 37.521051304128839, 55.410941237975905 ], [ 37.520784474031693, 55.410856557303283 ] ] ] ] } },
{ "type": "Feature", "properties": { "fid": 512, "sqr": 13607, "gsi": 0.0, "merchant": 0, "industrial": 0, "revolutionary": 0, "postwar": 0, "urban": 0, "stagnation": 0, "nineties": 0, "contemporary": 0, "epoque": 0, "far": 0.0, "mean_lvl": 0.0, "single": 0, "multiple": 0, "dormi": 0, "mixed": 0, "commercial": 0, "public": 0, "utility": 0, "tech": 0, "usage": 0, "low": 0, "mid": 0, "high": 0, "sky": 0, "year_formed": 1960, "year_gone": 9999 }, "geometry": { "type": "MultiPolygon", "coordinates": [ [ [ [ 37.531313802771002, 55.407880956396774 ], [ 37.531369076167508, 55.407935990947777 ], [ 37.532042022300516, 55.407734179196773 ], [ 37.5315062060942, 55.407208953292177 ], [ 37.531018903583458, 55.406707852650896 ], [ 37.530494429682058, 55.406199664657379 ], [ 37.529960492811192, 55.405677146926649 ], [ 37.529569954456313, 55.405254154573285 ], [ 37.529040452715535, 55.405432686649412 ], [ 37.531313802771002, 55.407880956396774 ] ] ] ] } },
{ "type": "Feature", "properties": { "fid": 514, "sqr": 38085, "gsi": 0.0, "merchant": 0, "industrial": 0, "revolutionary": 0, "postwar": 0, "urban": 0, "stagnation": 0, "nineties": 0, "contemporary": 0, "epoque": 0, "far": 0.0, "mean_lvl": 0.0, "single": 0, "multiple": 0, "dormi": 0, "mixed": 0, "commercial": 0, "public": 0, "utility": 0, "tech": 0, "usage": 0, "low": 0, "mid": 0, "high": 0, "sky": 0, "year_formed": 2009, "year_gone": 9999 }, "geometry": { "type": "MultiPolygon", "coordinates": [ [ [ [ 37.550953502195753, 55.408906515983233 ], [ 37.55091306953657, 55.408818298909068 ], [ 37.550867365661937, 55.408648841457214 ], [ 37.550820284664432, 55.408529633912075 ], [ 37.55074745834937, 55.40840294088013 ], [ 37.550268415198957, 55.407739642338008 ], [ 37.546176674048219, 55.409041573295006 ], [ 37.547272067279373, 55.410087542418651 ], [ 37.550761274575727, 55.408934635934862 ], [ 37.550953502195753, 55.408906515983233 ] ] ] ] } },
{ "type": "Feature", "properties": { "fid": 516, "sqr": 10370, "gsi": 0.0, "merchant": 0, "industrial": 0, "revolutionary": 0, "postwar": 0, "urban": 0, "stagnation": 0, "nineties": 0, "contemporary": 0, "epoque": 0, "far": 0.0, "mean_lvl": 0.0, "single": 0, "multiple": 0, "dormi": 0, "mixed": 0, "commercial": 0, "public": 0, "utility": 0, "tech": 0, "usage": 0, "low": 0, "mid": 0, "high": 0, "sky": 0, "year_formed": 1956, "year_gone": 9999 }, "geometry": { "type": "MultiPolygon", "coordinates": [ [ [ [ 37.562260319101107, 55.469955971107723 ], [ 37.562083092450898, 55.469970538688273 ], [ 37.562262310284069, 55.470554304684882 ], [ 37.56244958408994, 55.470546701523936 ], [ 37.562688328252115, 55.470536046826972 ], [ 37.564618661043212, 55.470365924228808 ], [ 37.56442745493343, 55.469742532302519 ], [ 37.562260319101107, 55.469955971107723 ] ] ] ] } },
{ "type": "Feature", "properties": { "fid": 517, "sqr": 10828, "gsi": 0.0, "merchant": 0, "industrial": 0, "revolutionary": 0, "postwar": 0, "urban": 0, "stagnation": 0, "nineties": 0, "contemporary": 0, "epoque": 0, "far": 0.0, "mean_lvl": 0.0, "single": 0, "multiple": 0, "dormi": 0, "mixed": 0, "commercial": 0, "public": 0, "utility": 0, "tech": 0, "usage": 0, "low": 0, "mid": 0, "high": 0, "sky": 0, "year_formed": 1956, "year_gone": 9999 }, "geometry": { "type": "MultiPolygon", "coordinates": [ [ [ [ 37.563731945864582, 55.469111887678814 ], [ 37.562445014516726, 55.469206664753393 ], [ 37.562042170075884, 55.469114282844998 ], [ 37.561941654243249, 55.469132220544139 ], [ 37.561778219189662, 55.469153081712726 ], [ 37.562053049238756, 55.469882224306581 ], [ 37.56223548092597, 55.469867228890813 ], [ 37.564400121876211, 55.4696540357698 ], [ 37.564212520411253, 55.469050803717678 ], [ 37.563731945864582, 55.469111887678814 ] ] ] ] } },
{ "type": "Feature", "properties": { "fid": 518, "sqr": 10886, "gsi": 0.0, "merchant": 0, "industrial": 0, "revolutionary": 0, "postwar": 0, "urban": 0, "stagnation": 0, "nineties": 0, "contemporary": 0, "epoque": 0, "far": 0.0, "mean_lvl": 0.0, "single": 0, "multiple": 0, "dormi": 0, "mixed": 0, "commercial": 0, "public": 0, "utility": 0, "tech": 0, "usage": 0, "low": 0, "mid": 0, "high": 0, "sky": 0, "year_formed": 1950, "year_gone": 9999 }, "geometry": { "type": "MultiPolygon", "coordinates": [ [ [ [ 37.562706671767756, 55.470625353172139 ], [ 37.562461415922733, 55.470636298475469 ], [ 37.562290075491774, 55.470643254764497 ], [ 37.562503103720815, 55.471316708499657 ], [ 37.562671609512911, 55.471302082067588 ], [ 37.564823429550579, 55.471081717399485 ], [ 37.564644875635722, 55.470454536937048 ], [ 37.562706671767756, 55.470625353172139 ] ] ] ] } },
{ "type": "Feature", "properties": { "fid": 521, "sqr": 273798, "gsi": 0.0, "merchant": 0, "industrial": 0, "revolutionary": 0, "postwar": 0, "urban": 0, "stagnation": 0, "nineties": 0, "contemporary": 0, "epoque": 0, "far": 0.0, "mean_lvl": 0.0, "single": 0, "multiple": 0, "dormi": 0, "mixed": 0, "commercial": 0, "public": 0, "utility": 0, "tech": 0, "usage": 0, "low": 0, "mid": 0, "high": 0, "sky": 0, "year_formed": 1978, "year_gone": 9999 }, "geometry": { "type": "MultiPolygon", "coordinates": [ [ [ [ 37.49394818323011, 55.434449671946098 ], [ 37.493868215947188, 55.434421800562724 ], [ 37.493300227672393, 55.432946810523582 ], [ 37.493272564117319, 55.432736337222963 ], [ 37.493279625955644, 55.432684551156655 ], [ 37.49333810965296, 55.432618160702368 ], [ 37.49342878861362, 55.432580813282783 ], [ 37.494609593316277, 55.432489090515283 ], [ 37.494862191832148, 55.432469422281251 ], [ 37.494719762563491, 55.432047630374221 ], [ 37.494700333796551, 55.431983166301862 ], [ 37.49463420364566, 55.431798000854606 ], [ 37.494548307944051, 55.431481540706727 ], [ 37.49448060937285, 55.43119724434662 ], [ 37.494421922639489, 55.43098125962522 ], [ 37.494319818002154, 55.430605425133422 ], [ 37.494005471060824, 55.430508931604422 ], [ 37.491883869673671, 55.429857630976983 ], [ 37.491460070485175, 55.429727531185812 ], [ 37.490766268745709, 55.429514530585848 ], [ 37.490257268674689, 55.429358230515838 ], [ 37.48834857325059, 55.428772331739026 ], [ 37.48690106882303, 55.428327927208059 ], [ 37.486769287529228, 55.428487947584692 ], [ 37.486167294433642, 55.429366740730813 ], [ 37.485967465062174, 55.429669765596174 ], [ 37.485910874165704, 55.430158830977781 ], [ 37.485672302769331, 55.430571178938294 ], [ 37.485352266840628, 55.431221464521769 ], [ 37.485253373248781, 55.431371453593627 ], [ 37.485231524280174, 55.431613530082181 ], [ 37.485276566501533, 55.432048367630834 ], [ 37.4853426186829, 55.432411650731503 ], [ 37.485427389878069, 55.432493581158276 ], [ 37.485776548845863, 55.432516858359264 ], [ 37.486946495416326, 55.432640793323053 ], [ 37.487292829604428, 55.432739265880059 ], [ 37.487791634534624, 55.432845661793465 ], [ 37.487839310071642, 55.432855830927991 ], [ 37.488312491951731, 55.433010726174508 ], [ 37.488411556215112, 55.433073228742565 ], [ 37.488602215610733, 55.433106044767882 ], [ 37.488955942890172, 55.433254261431379 ], [ 37.489329557893214, 55.433432129684469 ], [ 37.489646811556213, 55.433628130227447 ], [ 37.490051851591176, 55.433811720188245 ], [ 37.490344518450705, 55.434000165980002 ], [ 37.49055291637999, 55.434117907117283 ], [ 37.490691451606224, 55.434242492053158 ], [ 37.49076477757955, 55.434359050939307 ], [ 37.490925007617776, 55.434508643849171 ], [ 37.491031140124292, 55.434595169038765 ], [ 37.491241698026634, 55.434747833252359 ], [ 37.491458728053026, 55.434899015607172 ], [ 37.491563316789133, 55.43502250935844 ], [ 37.491856414355809, 55.435273068132588 ], [ 37.491974565725528, 55.435387468444482 ], [ 37.491993155905739, 55.435625726568908 ], [ 37.492066389653708, 55.435827356076516 ], [ 37.492204093085128, 55.435966363616842 ], [ 37.492339381287053, 55.436053854200757 ], [ 37.492476551654818, 55.436108892242594 ], [ 37.492552248426321, 55.436138262590518 ], [ 37.492656992348678, 55.436132271315763 ], [ 37.492796490976247, 55.436081739086028 ], [ 37.493052551618305, 55.435861931714875 ], [ 37.493191522044754, 55.435695969489167 ], [ 37.493316142178543, 55.43552881764807 ], [ 37.493338177012745, 55.43541583165171 ], [ 37.493370441967329, 55.435140071780793 ], [ 37.493420370520056, 55.435007546070757 ], [ 37.493466310855098, 55.4348943058122 ], [ 37.493630384680856, 55.434746002544323 ], [ 37.493787719782823, 55.434601737353063 ], [ 37.493894079946372, 55.434501750991167 ], [ 37.49394818323011, 55.434449671946098 ] ] ] ] } },
{ "type": "Feature", "properties": { "fid": 522, "sqr": 15872, "gsi": 0.0, "merchant": 0, "industrial": 0, "revolutionary": 0, "postwar": 0, "urban": 0, "stagnation": 0, "nineties": 0, "contemporary": 0, "epoque": 0, "far": 0.0, "mean_lvl": 0.0, "single": 0, "multiple": 0, "dormi": 0, "mixed": 0, "commercial": 0, "public": 0, "utility": 0, "tech": 0, "usage": 0, "low": 0, "mid": 0, "high": 0, "sky": 0, "year_formed": 2005, "year_gone": 9999 }, "geometry": { "type": "MultiPolygon", "coordinates": [ [ [ [ 37.494050319643527, 55.434379885117934 ], [ 37.494155813550158, 55.43434087068043 ], [ 37.494362412434342, 55.434184486270176 ], [ 37.494594188273794, 55.434045083564989 ], [ 37.494697250825034, 55.433955127965618 ], [ 37.494969546596792, 55.433902803141763 ], [ 37.495183926423842, 55.433892363246272 ], [ 37.495381745752589, 55.433875395400605 ], [ 37.495305241406513, 55.43367220430715 ], [ 37.495160042318354, 55.433286104728701 ], [ 37.495138694889107, 55.43322947862459 ], [ 37.494893152400024, 55.432557697864183 ], [ 37.494631018836458, 55.432578108539168 ], [ 37.493489411451542, 55.432666786709817 ], [ 37.493462090441042, 55.432678039266641 ], [ 37.493434774093203, 55.432709048794372 ], [ 37.493431035883845, 55.432736462725678 ], [ 37.493456972302702, 55.432933789426052 ], [ 37.494008183953028, 55.434365199396488 ], [ 37.494050319643527, 55.434379885117934 ] ] ] ] } },
{ "type": "Feature", "properties": { "fid": 525, "sqr": 168868, "gsi": 0.0, "merchant": 0, "industrial": 0, "revolutionary": 0, "postwar": 0, "urban": 0, "stagnation": 0, "nineties": 0, "contemporary": 0, "epoque": 0, "far": 0.0, "mean_lvl": 0.0, "single": 0, "multiple": 0, "dormi": 0, "mixed": 0, "commercial": 0, "public": 0, "utility": 0, "tech": 0, "usage": 0, "low": 0, "mid": 0, "high": 0, "sky": 0, "year_formed": 1927, "year_gone": 9999 }, "geometry": { "type": "MultiPolygon", "coordinates": [ [ [ [ 37.587306090500469, 55.454940895474209 ], [ 37.586729079207274, 55.453922536693035 ], [ 37.586460716105314, 55.453965322394041 ], [ 37.586189875240109, 55.454103641135568 ], [ 37.585914855157242, 55.454148354654592 ], [ 37.585346923616221, 55.454237133467863 ], [ 37.585188557704754, 55.454314687982034 ], [ 37.584266011817789, 55.4544108572168 ], [ 37.583811293791818, 55.454434215653677 ], [ 37.583610210380378, 55.454417753255271 ], [ 37.583456989515177, 55.454460759211059 ], [ 37.583170332806375, 55.454461770739648 ], [ 37.582945147863164, 55.454512859797099 ], [ 37.582659392735728, 55.454531251546385 ], [ 37.582143564888923, 55.454539670416942 ], [ 37.581909709949713, 55.454571898114629 ], [ 37.581585323541631, 55.45455568423251 ], [ 37.581364236264825, 55.454499033086805 ], [ 37.581361949607093, 55.454466081855593 ], [ 37.581000631473628, 55.45461135216793 ], [ 37.579986923969322, 55.454727869325133 ], [ 37.579582017973337, 55.454996317578583 ], [ 37.579355711688223, 55.455531762955211 ], [ 37.579087265690951, 55.455512292956598 ], [ 37.578931019725246, 55.455833889169874 ], [ 37.577832362982825, 55.455812886251124 ], [ 37.577675897548055, 55.455756288157907 ], [ 37.576124425091983, 55.45574709298657 ], [ 37.575999186172197, 55.455805765685206 ], [ 37.5758367919005, 55.455921697550636 ], [ 37.575783213134962, 55.456122245653084 ], [ 37.575271511851376, 55.45624927805077 ], [ 37.574581247800047, 55.456268029966104 ], [ 37.574361764612618, 55.456359025129416 ], [ 37.574231871868967, 55.45679410637927 ], [ 37.574195946624712, 55.457073474126716 ], [ 37.57419188149283, 55.457104898177313 ], [ 37.574999565141702, 55.457127540689406 ], [ 37.575517788911618, 55.457144834807025 ], [ 37.576629128631673, 55.457173159360487 ], [ 37.577839819840918, 55.457161956632859 ], [ 37.578657893276144, 55.457186238050895 ], [ 37.57975232159869, 55.457166245302659 ], [ 37.580108093074593, 55.457146705008135 ], [ 37.580541978239914, 55.457108865051708 ], [ 37.580741934630112, 55.457071336574636 ], [ 37.580867179252721, 55.4570512079761 ], [ 37.581742153604388, 55.456916135445027 ], [ 37.583162520074282, 55.45666887609741 ], [ 37.58397728474673, 55.456540023057755 ], [ 37.585022544634093, 55.456405912745211 ], [ 37.585472456975033, 55.456340865171235 ], [ 37.586655762469995, 55.456220309923083 ], [ 37.586761844298373, 55.456209043713415 ], [ 37.587170866696191, 55.456165402615078 ], [ 37.587550565401692, 55.456132633099116 ], [ 37.587545506277856, 55.456118045039958 ], [ 37.587514207088205, 55.4559902305988 ], [ 37.587440923218523, 55.45572882958858 ], [ 37.587427259687637, 55.455666887691756 ], [ 37.587337541634248, 55.455259902129363 ], [ 37.587315693319567, 55.455157742850993 ], [ 37.587294264046385, 55.455068366352137 ], [ 37.587306090500469, 55.454940895474209 ] ] ] ] } },
{ "type": "Feature", "properties": { "fid": 528, "sqr": 38201, "gsi": 0.0, "merchant": 0, "industrial": 0, "revolutionary": 0, "postwar": 0, "urban": 0, "stagnation": 0, "nineties": 0, "contemporary": 0, "epoque": 0, "far": 0.0, "mean_lvl": 0.0, "single": 0, "multiple": 0, "dormi": 0, "mixed": 0, "commercial": 0, "public": 0, "utility": 0, "tech": 0, "usage": 0, "low": 0, "mid": 0, "high": 0, "sky": 0, "year_formed": 1925, "year_gone": 1983 }, "geometry": { "type": "MultiPolygon", "coordinates": [ [ [ [ 37.536886947044479, 55.435057219731668 ], [ 37.53748069355531, 55.435474021078569 ], [ 37.537900046393816, 55.435675378417585 ], [ 37.538425885645609, 55.436069024713014 ], [ 37.540649007254864, 55.43777159269596 ], [ 37.541211268635493, 55.438016358495126 ], [ 37.541335093678327, 55.438123420647031 ], [ 37.541540078746557, 55.438210400270023 ], [ 37.541773571728768, 55.438244558542941 ], [ 37.541900441716393, 55.438261280903724 ], [ 37.542015268839414, 55.438216640424322 ], [ 37.542149296653356, 55.438197777268435 ], [ 37.543188025521076, 55.437772354788727 ], [ 37.542924281439866, 55.437530968481376 ], [ 37.542911926392449, 55.43752667562557 ], [ 37.54269783849783, 55.43756490202189 ], [ 37.542469521183868, 55.437497847965126 ], [ 37.542222480929183, 55.437380578932732 ], [ 37.541974924208944, 55.437348272851651 ], [ 37.541640961883814, 55.437315980025915 ], [ 37.541368965059725, 55.437263082383581 ], [ 37.540693268274573, 55.436744890681531 ], [ 37.539545447125093, 55.435758625945617 ], [ 37.538381748932274, 55.434762835565593 ], [ 37.536886947044479, 55.435057219731668 ] ], [ [ 37.540686379681645, 55.437544432742229 ], [ 37.54083361748657, 55.437562043517666 ], [ 37.540833617656702, 55.437647120023293 ], [ 37.540736955722188, 55.437672324159784 ], [ 37.540641372596049, 55.437672324153127 ], [ 37.540527477278708, 55.43760757856915 ], [ 37.540686379681645, 55.437544432742229 ] ] ] ] } },
{ "type": "Feature", "properties": { "fid": 529, "sqr": 319640, "gsi": 0.0, "merchant": 0, "industrial": 0, "revolutionary": 0, "postwar": 0, "urban": 0, "stagnation": 0, "nineties": 0, "contemporary": 0, "epoque": 0, "far": 0.0, "mean_lvl": 0.0, "single": 0, "multiple": 0, "dormi": 0, "mixed": 0, "commercial": 0, "public": 0, "utility": 0, "tech": 0, "usage": 0, "low": 0, "mid": 0, "high": 0, "sky": 0, "year_formed": 1961, "year_gone": 9999 }, "geometry": { "type": "MultiPolygon", "coordinates": [ [ [ [ 37.561765292707555, 55.403921955394175 ], [ 37.561676508342991, 55.404120288236726 ], [ 37.56144957903183, 55.404627309061013 ], [ 37.561367238211922, 55.404825626600442 ], [ 37.561233641204325, 55.405147559195619 ], [ 37.561386835353403, 55.40551381135721 ], [ 37.561445215240532, 55.405611078206192 ], [ 37.561574958252429, 55.40582714915594 ], [ 37.561681799695464, 55.406007118390853 ], [ 37.561758061653329, 55.406135485623373 ], [ 37.561866690218707, 55.406312068957504 ], [ 37.562215207641081, 55.406888226590695 ], [ 37.562325431271105, 55.407077566566763 ], [ 37.562631666328507, 55.40758691096373 ], [ 37.562780998465499, 55.407558645706452 ], [ 37.563136241198535, 55.407542679767978 ], [ 37.563730316358978, 55.407423078515585 ], [ 37.564272481158909, 55.40730786975309 ], [ 37.56484895755888, 55.407219665191718 ], [ 37.56560304847239, 55.407051394879453 ], [ 37.566168638626124, 55.407774586748864 ], [ 37.566292026929453, 55.407959628782308 ], [ 37.567189591776383, 55.407702112091663 ], [ 37.567595706825067, 55.407620070722402 ], [ 37.568500715292529, 55.407503647391344 ], [ 37.56898625386971, 55.408125038833276 ], [ 37.569280085102541, 55.408068812269264 ], [ 37.569487437122433, 55.408013979092004 ], [ 37.569675744418902, 55.408289095990177 ], [ 37.569717585441772, 55.408351086324195 ], [ 37.569850919459959, 55.408604569872715 ], [ 37.56988446665445, 55.408652172099195 ], [ 37.570259930074471, 55.408621227662053 ], [ 37.570510775426236, 55.409030735652351 ], [ 37.570733379904148, 55.409142829231726 ], [ 37.570932600226683, 55.409402242062164 ], [ 37.570971218282629, 55.409462016509664 ], [ 37.572105945718853, 55.409231352968071 ], [ 37.573198886341721, 55.409003752780087 ], [ 37.573412801317623, 55.408956683477392 ], [ 37.574639977750678, 55.408707866635183 ], [ 37.575176356494268, 55.408595250111844 ], [ 37.576032964444927, 55.408422728390569 ], [ 37.57723975210375, 55.408171610170434 ], [ 37.577598387760823, 55.408099923260878 ], [ 37.57817343474602, 55.407999191043274 ], [ 37.578108462654896, 55.407931882025004 ], [ 37.577267609106038, 55.407271299287331 ], [ 37.577584046853069, 55.407074422740408 ], [ 37.576705698452656, 55.40653586885621 ], [ 37.576625825190973, 55.406493594438636 ], [ 37.575418014682178, 55.405854375072792 ], [ 37.575094218126743, 55.405773470591491 ], [ 37.573443421146777, 55.406054259990505 ], [ 37.573193981862204, 55.406021217088778 ], [ 37.573029277813994, 55.405961598218184 ], [ 37.57172085691429, 55.40529182766133 ], [ 37.57089692194765, 55.404866060970477 ], [ 37.570754163410641, 55.404793306248465 ], [ 37.570688081885265, 55.404773948135912 ], [ 37.570511702618695, 55.404722354186084 ], [ 37.570137558506282, 55.404612741241174 ], [ 37.569994462061672, 55.404570799170386 ], [ 37.569879088863978, 55.404541397919566 ], [ 37.568470204705278, 55.404223240157762 ], [ 37.568374096533866, 55.404201413081346 ], [ 37.568336090710446, 55.404202133569427 ], [ 37.568202218001218, 55.404221948069122 ], [ 37.568039698806849, 55.40430440075238 ], [ 37.567605521383911, 55.404664800053254 ], [ 37.56711916344323, 55.405068535575118 ], [ 37.566715720398506, 55.405438829687085 ], [ 37.566706964787393, 55.40543851807994 ], [ 37.566601494720608, 55.405308000647068 ], [ 37.565842841980711, 55.405090591384436 ], [ 37.565522467927899, 55.405605136599959 ], [ 37.565198347812292, 55.405686851751184 ], [ 37.564012299234392, 55.405371820914041 ], [ 37.564067129475006, 55.405282618378386 ], [ 37.564060346462753, 55.405280378594455 ], [ 37.56395148699638, 55.405345694210602 ], [ 37.56231597558704, 55.4049068719536 ], [ 37.562765383365445, 55.404214032071074 ], [ 37.563007901540729, 55.404278111889241 ], [ 37.561765292707555, 55.403921955394175 ] ] ] ] } },
{ "type": "Feature", "properties": { "fid": 531, "sqr": 176199, "gsi": 0.0, "merchant": 0, "industrial": 0, "revolutionary": 0, "postwar": 0, "urban": 0, "stagnation": 0, "nineties": 0, "contemporary": 0, "epoque": 0, "far": 0.0, "mean_lvl": 0.0, "single": 0, "multiple": 0, "dormi": 0, "mixed": 0, "commercial": 0, "public": 0, "utility": 0, "tech": 0, "usage": 0, "low": 0, "mid": 0, "high": 0, "sky": 0, "year_formed": 2010, "year_gone": 9999 }, "geometry": { "type": "MultiPolygon", "coordinates": [ [ [ [ 37.48156536646394, 55.413423774979414 ], [ 37.480435325920212, 55.41309814974209 ], [ 37.479635937366588, 55.412866316972412 ], [ 37.479325968388828, 55.413067908299332 ], [ 37.477496332337765, 55.4140145350243 ], [ 37.477142124460073, 55.414197739222359 ], [ 37.477076513736783, 55.414231644792245 ], [ 37.475765029128134, 55.414910037286091 ], [ 37.475064130915953, 55.415272602049001 ], [ 37.474742555562081, 55.415463384314329 ], [ 37.475181229675407, 55.416442808479609 ], [ 37.475618831541475, 55.417419808417691 ], [ 37.476060233146413, 55.418405307735753 ], [ 37.476204133207169, 55.418726506481526 ], [ 37.476441714325219, 55.41925700172726 ], [ 37.476587529907263, 55.419321022202496 ], [ 37.476769386845135, 55.4193440367698 ], [ 37.478022234689945, 55.419164833096808 ], [ 37.479497563383482, 55.418953714857103 ], [ 37.479778337939173, 55.418911012263663 ], [ 37.480015204875045, 55.418879637170178 ], [ 37.480134419980999, 55.418862572627063 ], [ 37.48011829319784, 55.418833559902289 ], [ 37.480024833820437, 55.418660284968233 ], [ 37.479896801303973, 55.417956501128934 ], [ 37.479772844917278, 55.417201639635721 ], [ 37.479754761657716, 55.417030759769084 ], [ 37.479756830714472, 55.416986070071353 ], [ 37.479758442669578, 55.416837394565306 ], [ 37.479789542290014, 55.416599370358234 ], [ 37.479818952203658, 55.416374267072179 ], [ 37.479943579386905, 55.415891252417794 ], [ 37.480026452099679, 55.415659632500883 ], [ 37.480063876838621, 55.415557592936672 ], [ 37.480114178266476, 55.41542733093123 ], [ 37.480167796733355, 55.415289397857478 ], [ 37.480392333073951, 55.41484012541838 ], [ 37.480611888177137, 55.414517161957313 ], [ 37.480905212370025, 55.414164751647093 ], [ 37.481051789709376, 55.413993544866024 ], [ 37.48109307672258, 55.413945226101745 ], [ 37.481277342043654, 55.413735788338023 ], [ 37.481316013887657, 55.413697720808017 ], [ 37.48156536646394, 55.413423774979414 ] ] ] ] } },
{ "type": "Feature", "properties": { "fid": 532, "sqr": 22693, "gsi": 0.0, "merchant": 0, "industrial": 0, "revolutionary": 0, "postwar": 0, "urban": 0, "stagnation": 0, "nineties": 0, "contemporary": 0, "epoque": 0, "far": 0.0, "mean_lvl": 0.0, "single": 0, "multiple": 0, "dormi": 0, "mixed": 0, "commercial": 0, "public": 0, "utility": 0, "tech": 0, "usage": 0, "low": 0, "mid": 0, "high": 0, "sky": 0, "year_formed": 2022, "year_gone": 9999 }, "geometry": { "type": "MultiPolygon", "coordinates": [ [ [ [ 37.479772320012174, 55.412774016686363 ], [ 37.479740626109191, 55.41279582896663 ], [ 37.480506874006856, 55.413018050246777 ], [ 37.481637991941064, 55.413343985745783 ], [ 37.481726064760707, 55.41324722495186 ], [ 37.482140818135882, 55.412808823721626 ], [ 37.482158617192788, 55.412791275646825 ], [ 37.482262648378317, 55.412688711023286 ], [ 37.482353833730812, 55.41260524148521 ], [ 37.48253781448652, 55.412427519547521 ], [ 37.482602422184009, 55.412359466233987 ], [ 37.48276088993309, 55.412132583124645 ], [ 37.482810790426697, 55.412000861190414 ], [ 37.482782064153497, 55.411898325949309 ], [ 37.482606592873772, 55.411783073892167 ], [ 37.481956238689854, 55.411581906974682 ], [ 37.481174783360039, 55.411326008784165 ], [ 37.481066183080564, 55.411423474321076 ], [ 37.480985349908387, 55.411505027512803 ], [ 37.480813763441731, 55.411625799681552 ], [ 37.480746367853342, 55.411691400559391 ], [ 37.480593233244278, 55.411978687156108 ], [ 37.480617177094771, 55.412325353864709 ], [ 37.479992906061447, 55.41283903819452 ], [ 37.479772320012174, 55.412774016686363 ] ] ] ] } },
{ "type": "Feature", "properties": { "fid": 533, "sqr": 39378, "gsi": 0.0, "merchant": 0, "industrial": 0, "revolutionary": 0, "postwar": 0, "urban": 0, "stagnation": 0, "nineties": 0, "contemporary": 0, "epoque": 0, "far": 0.0, "mean_lvl": 0.0, "single": 0, "multiple": 0, "dormi": 0, "mixed": 0, "commercial": 0, "public": 0, "utility": 0, "tech": 0, "usage": 0, "low": 0, "mid": 0, "high": 0, "sky": 0, "year_formed": 1930, "year_gone": 9999 }, "geometry": { "type": "MultiPolygon", "coordinates": [ [ [ [ 37.564533448579986, 55.4108410654868 ], [ 37.564782071090256, 55.411236677530653 ], [ 37.564813739462913, 55.41129111053079 ], [ 37.564974577621356, 55.411573175026582 ], [ 37.565027695459875, 55.411656121853802 ], [ 37.565158438760392, 55.411860337580656 ], [ 37.565192760852405, 55.411974665685619 ], [ 37.565163014434184, 55.41201576123887 ], [ 37.569720618761018, 55.410986295664422 ], [ 37.569330500668229, 55.410329574456348 ], [ 37.569237989555674, 55.410198508416045 ], [ 37.569069889118907, 55.409948904313495 ], [ 37.568776548277121, 55.410003113730973 ], [ 37.568242017282785, 55.410112336171053 ], [ 37.56750289280383, 55.41025988118782 ], [ 37.567131223669307, 55.410337595649473 ], [ 37.565320376110847, 55.410696902744299 ], [ 37.564773242477315, 55.410796855045007 ], [ 37.564533448579986, 55.4108410654868 ] ] ] ] } },
{ "type": "Feature", "properties": { "fid": 534, "sqr": 94695, "gsi": 0.0, "merchant": 0, "industrial": 0, "revolutionary": 0, "postwar": 0, "urban": 0, "stagnation": 0, "nineties": 0, "contemporary": 0, "epoque": 0, "far": 0.0, "mean_lvl": 0.0, "single": 0, "multiple": 0, "dormi": 0, "mixed": 0, "commercial": 0, "public": 0, "utility": 0, "tech": 0, "usage": 0, "low": 0, "mid": 0, "high": 0, "sky": 0, "year_formed": 2016, "year_gone": 9999 }, "geometry": { "type": "MultiPolygon", "coordinates": [ [ [ [ 37.559012970308778, 55.391235138996976 ], [ 37.559061324314186, 55.39124865454859 ], [ 37.559929522265968, 55.391583537956564 ], [ 37.56233702431657, 55.392240855029605 ], [ 37.565273384169537, 55.393076834582637 ], [ 37.567144561385724, 55.393402022239833 ], [ 37.56814585116183, 55.393623602306398 ], [ 37.568411563921849, 55.393600946067046 ], [ 37.568794165677566, 55.393602850072739 ], [ 37.568819933619444, 55.393600955122409 ], [ 37.569443835765703, 55.392342162866129 ], [ 37.55996677239537, 55.390470394254336 ], [ 37.559012970308778, 55.391235138996976 ] ] ] ] } },
{ "type": "Feature", "properties": { "fid": 535, "sqr": 1089887, "gsi": 0.0, "merchant": 0, "industrial": 0, "revolutionary": 0, "postwar": 0, "urban": 0, "stagnation": 0, "nineties": 0, "contemporary": 0, "epoque": 0, "far": 0.0, "mean_lvl": 0.0, "single": 0, "multiple": 0, "dormi": 0, "mixed": 0, "commercial": 0, "public": 0, "utility": 0, "tech": 0, "usage": 0, "low": 0, "mid": 0, "high": 0, "sky": 0, "year_formed": 1915, "year_gone": 9999 }, "geometry": { "type": "MultiPolygon", "coordinates": [ [ [ [ 37.565070953840618, 55.412132536308384 ], [ 37.565070848355028, 55.41213261985353 ], [ 37.564460055407011, 55.412288852372896 ], [ 37.563429570143136, 55.412480762096706 ], [ 37.562494391460078, 55.414138031608779 ], [ 37.56243014577165, 55.414251635979788 ], [ 37.562402221169293, 55.414302000166742 ], [ 37.562081170606568, 55.414882290484066 ], [ 37.562069303388355, 55.415017800639987 ], [ 37.562134183181698, 55.415184718673331 ], [ 37.562133764572494, 55.415387626240559 ], [ 37.562001786622211, 55.415776202266528 ], [ 37.56178113344793, 55.416638054226169 ], [ 37.561589149618868, 55.417471956782656 ], [ 37.561423981614077, 55.418236415692604 ], [ 37.561180678840444, 55.419347754630685 ], [ 37.561171424153407, 55.419599155853149 ], [ 37.561314807078361, 55.419741165098131 ], [ 37.561441917633076, 55.419838819420235 ], [ 37.561553666400634, 55.419947463851763 ], [ 37.561772426376436, 55.421248722987052 ], [ 37.561830498306847, 55.421594011886292 ], [ 37.563724496472787, 55.421352266849397 ], [ 37.563996088889603, 55.42131756781815 ], [ 37.564419299198029, 55.421263566500997 ], [ 37.565277087744356, 55.421153967964152 ], [ 37.565687209712735, 55.421101665158623 ], [ 37.566537179657871, 55.420993143459576 ], [ 37.56752044517301, 55.420870335433413 ], [ 37.567858136095929, 55.420835852556216 ], [ 37.568170553688383, 55.420805332221477 ], [ 37.568302123357171, 55.420727146804239 ], [ 37.568681106670198, 55.420501656921637 ], [ 37.569515113987748, 55.420005552983952 ], [ 37.570231718512247, 55.419579350649734 ], [ 37.570709017006479, 55.419295451783142 ], [ 37.571862879275749, 55.418609077370249 ], [ 37.573236650204628, 55.417819107204437 ], [ 37.575492803627633, 55.41652175003253 ], [ 37.576583952794984, 55.415882897410512 ], [ 37.577258548785672, 55.415487800081799 ], [ 37.578798054898918, 55.414586297238834 ], [ 37.579028723282654, 55.41445122842174 ], [ 37.579432674637658, 55.414178782695465 ], [ 37.57962516996907, 55.413975840745877 ], [ 37.579819998219037, 55.4136765994309 ], [ 37.579891874399358, 55.413224910589349 ], [ 37.579945020685919, 55.412912579126406 ], [ 37.580042613478668, 55.412609349829808 ], [ 37.58033361494757, 55.411619191700439 ], [ 37.580424434914477, 55.411311125987659 ], [ 37.580552131237823, 55.41088307634493 ], [ 37.58061250426077, 55.410656354865495 ], [ 37.580743834550645, 55.410150241974002 ], [ 37.580870766797645, 55.409689380521883 ], [ 37.58090836911429, 55.409442046256792 ], [ 37.580858239942522, 55.409235166797984 ], [ 37.580790192937201, 55.409145209150459 ], [ 37.58067048500213, 55.409059070008702 ], [ 37.579577836696622, 55.40858356073015 ], [ 37.579005904730366, 55.408341316484808 ], [ 37.57863590391019, 55.408184133716702 ], [ 37.578428812355689, 55.408091088463607 ], [ 37.578291910202715, 55.408072448468538 ], [ 37.577647812291744, 55.40818527673413 ], [ 37.577293047952494, 55.408256189823767 ], [ 37.576086435611501, 55.408507271603611 ], [ 37.575230043562364, 55.408679749882289 ], [ 37.574693822306074, 55.408792333358925 ], [ 37.573467798740204, 55.40904091651641 ], [ 37.573254513716698, 55.409087847213598 ], [ 37.572159654337781, 55.409315847026022 ], [ 37.570950688949715, 55.409561600998813 ], [ 37.570035933290249, 55.40974789016483 ], [ 37.56980845336777, 55.409796279538988 ], [ 37.569493151018293, 55.409863265028378 ], [ 37.5692193173346, 55.409919663428475 ], [ 37.569385010384025, 55.410165691539355 ], [ 37.569478699274136, 55.410298425498368 ], [ 37.569918233365634, 55.411038326892402 ], [ 37.565070953840618, 55.412132536308384 ] ], [ [ 37.565222742283943, 55.41776622046185 ], [ 37.564832803461982, 55.417728118991242 ], [ 37.56460949034642, 55.417741178992401 ], [ 37.564577004383992, 55.417563160628404 ], [ 37.564859634449732, 55.41743884692513 ], [ 37.566417398922184, 55.417227371090455 ], [ 37.566734005711375, 55.417583033802217 ], [ 37.565735517641642, 55.417728501212316 ], [ 37.565222742283943, 55.41776622046185 ] ] ] ] } },
{ "type": "Feature", "properties": { "fid": 536, "sqr": 38278, "gsi": 0.0, "merchant": 0, "industrial": 0, "revolutionary": 0, "postwar": 0, "urban": 0, "stagnation": 0, "nineties": 0, "contemporary": 0, "epoque": 0, "far": 0.0, "mean_lvl": 0.0, "single": 0, "multiple": 0, "dormi": 0, "mixed": 0, "commercial": 0, "public": 0, "utility": 0, "tech": 0, "usage": 0, "low": 0, "mid": 0, "high": 0, "sky": 0, "year_formed": 1920, "year_gone": 9999 }, "geometry": { "type": "MultiPolygon", "coordinates": [ [ [ [ 37.56184611371237, 55.421684102070195 ], [ 37.561892176174538, 55.42194012662813 ], [ 37.561968576753202, 55.422364725153841 ], [ 37.562062952397596, 55.422888937098627 ], [ 37.562239486983891, 55.422876414457242 ], [ 37.562523251809218, 55.422838702889322 ], [ 37.562439338368279, 55.422660024845669 ], [ 37.564338166019603, 55.422386471805247 ], [ 37.564923853006505, 55.422294284969432 ], [ 37.566392537318983, 55.422110185821879 ], [ 37.566534767067118, 55.422094844209937 ], [ 37.566740378257947, 55.42184884142663 ], [ 37.56701351810824, 55.421595836627517 ], [ 37.567603499334723, 55.421166311468028 ], [ 37.567779608735073, 55.421049811542105 ], [ 37.567959375281056, 55.420930907773631 ], [ 37.567987103846377, 55.42091441824757 ], [ 37.567885463933798, 55.420924347442082 ], [ 37.567551354860591, 55.420958464564478 ], [ 37.566571420379283, 55.421080856537898 ], [ 37.565721799439054, 55.421189333675166 ], [ 37.565311696516112, 55.421241634049167 ], [ 37.564453911386806, 55.421351232148901 ], [ 37.564030700530765, 55.421405233535793 ], [ 37.563759110860957, 55.421439932215904 ], [ 37.56184611371237, 55.421684102070195 ] ] ] ] } },
{ "type": "Feature", "properties": { "fid": 537, "sqr": 34812, "gsi": 0.0, "merchant": 0, "industrial": 0, "revolutionary": 0, "postwar": 0, "urban": 0, "stagnation": 0, "nineties": 0, "contemporary": 0, "epoque": 0, "far": 0.0, "mean_lvl": 0.0, "single": 0, "multiple": 0, "dormi": 0, "mixed": 0, "commercial": 0, "public": 0, "utility": 0, "tech": 0, "usage": 0, "low": 0, "mid": 0, "high": 0, "sky": 0, "year_formed": 1920, "year_gone": 9999 }, "geometry": { "type": "MultiPolygon", "coordinates": [ [ [ [ 37.562079221800552, 55.422978327966369 ], [ 37.562098846987574, 55.423084954522984 ], [ 37.56230675182853, 55.424182074701342 ], [ 37.562422393899205, 55.424420903556886 ], [ 37.562528620531246, 55.424382795775486 ], [ 37.564484747947752, 55.423655781535111 ], [ 37.564683237059739, 55.42365063064797 ], [ 37.564938138641125, 55.423685696991463 ], [ 37.564947184299328, 55.423633738811418 ], [ 37.565023324181908, 55.423531914809338 ], [ 37.565149417496606, 55.423447586423308 ], [ 37.565302791038164, 55.423392422999015 ], [ 37.565579251774778, 55.423285646018066 ], [ 37.565708949163088, 55.423200408494083 ], [ 37.565872237260827, 55.423046415798424 ], [ 37.56642418156374, 55.422226232492292 ], [ 37.566450147150313, 55.422195422164123 ], [ 37.566424262715493, 55.422198214175886 ], [ 37.564961947034703, 55.422381515027467 ], [ 37.564378634024038, 55.422473328191316 ], [ 37.562633261791248, 55.422724775078208 ], [ 37.562717948354987, 55.422905097033926 ], [ 37.562267313046426, 55.422964985541 ], [ 37.562079221800552, 55.422978327966369 ] ] ] ] } },
{ "type": "Feature", "properties": { "fid": 539, "sqr": 59593, "gsi": 0.0, "merchant": 0, "industrial": 0, "revolutionary": 0, "postwar": 0, "urban": 0, "stagnation": 0, "nineties": 0, "contemporary": 0, "epoque": 0, "far": 0.0, "mean_lvl": 0.0, "single": 0, "multiple": 0, "dormi": 0, "mixed": 0, "commercial": 0, "public": 0, "utility": 0, "tech": 0, "usage": 0, "low": 0, "mid": 0, "high": 0, "sky": 0, "year_formed": 1976, "year_gone": 9999 }, "geometry": { "type": "MultiPolygon", "coordinates": [ [ [ [ 37.578318901688085, 55.407963243142653 ], [ 37.578476118690418, 55.407909212974033 ], [ 37.579060409486026, 55.407770833672195 ], [ 37.579819498591228, 55.407613614599839 ], [ 37.580219873827978, 55.407539669266782 ], [ 37.580368299125574, 55.407476478332129 ], [ 37.580468057777509, 55.407379377868928 ], [ 37.580453128969587, 55.407256016714321 ], [ 37.579718020857577, 55.405635226812763 ], [ 37.579405826748889, 55.405191983398623 ], [ 37.579099072041423, 55.404804198671023 ], [ 37.575298208148325, 55.405726309512467 ], [ 37.575505985232908, 55.405778224910691 ], [ 37.576733373612285, 55.406427804951001 ], [ 37.576817501457647, 55.406472331117527 ], [ 37.577798753147341, 55.407073977165354 ], [ 37.57747099091236, 55.407277900628166 ], [ 37.578242137264162, 55.407883717937921 ], [ 37.578318901688085, 55.407963243142653 ] ] ] ] } },
{ "type": "Feature", "properties": { "fid": 541, "sqr": 19700, "gsi": 0.0, "merchant": 0, "industrial": 0, "revolutionary": 0, "postwar": 0, "urban": 0, "stagnation": 0, "nineties": 0, "contemporary": 0, "epoque": 0, "far": 0.0, "mean_lvl": 0.0, "single": 0, "multiple": 0, "dormi": 0, "mixed": 0, "commercial": 0, "public": 0, "utility": 0, "tech": 0, "usage": 0, "low": 0, "mid": 0, "high": 0, "sky": 0, "year_formed": 1959, "year_gone": 9999 }, "geometry": { "type": "MultiPolygon", "coordinates": [ [ [ [ 37.54823943911078, 55.400750967788426 ], [ 37.547880039395217, 55.400886637257599 ], [ 37.547341478485635, 55.401025315839611 ], [ 37.549236794128021, 55.403518734002098 ], [ 37.550198346776902, 55.403244390513144 ], [ 37.550102392148005, 55.403122042360877 ], [ 37.549968283474293, 55.402995633962824 ], [ 37.549067302693061, 55.401845445142285 ], [ 37.549033809311297, 55.401763161025713 ], [ 37.54823943911078, 55.400750967788426 ] ] ] ] } },
{ "type": "Feature", "properties": { "fid": 542, "sqr": 51913, "gsi": 0.0, "merchant": 0, "industrial": 0, "revolutionary": 0, "postwar": 0, "urban": 0, "stagnation": 0, "nineties": 0, "contemporary": 0, "epoque": 0, "far": 0.0, "mean_lvl": 0.0, "single": 0, "multiple": 0, "dormi": 0, "mixed": 0, "commercial": 0, "public": 0, "utility": 0, "tech": 0, "usage": 0, "low": 0, "mid": 0, "high": 0, "sky": 0, "year_formed": 1930, "year_gone": 9999 }, "geometry": { "type": "MultiPolygon", "coordinates": [ [ [ [ 37.570627348940128, 55.422458821226918 ], [ 37.570627406223501, 55.422458817015624 ], [ 37.570638053912596, 55.422579488286104 ], [ 37.571526316333916, 55.423000447798678 ], [ 37.572135719026363, 55.423264074157267 ], [ 37.576093826361564, 55.420592744683539 ], [ 37.575527652861922, 55.420347510005989 ], [ 37.575335686221955, 55.420258763073846 ], [ 37.574403192416135, 55.419827753590646 ], [ 37.571562917636555, 55.421809527819043 ], [ 37.570626735805554, 55.422451904701184 ], [ 37.570627348940128, 55.422458821226918 ] ] ] ] } },
{ "type": "Feature", "properties": { "fid": 545, "sqr": 14025, "gsi": 0.0, "merchant": 0, "industrial": 0, "revolutionary": 0, "postwar": 0, "urban": 0, "stagnation": 0, "nineties": 0, "contemporary": 0, "epoque": 0, "far": 0.0, "mean_lvl": 0.0, "single": 0, "multiple": 0, "dormi": 0, "mixed": 0, "commercial": 0, "public": 0, "utility": 0, "tech": 0, "usage": 0, "low": 0, "mid": 0, "high": 0, "sky": 0, "year_formed": 1959, "year_gone": 9999 }, "geometry": { "type": "MultiPolygon", "coordinates": [ [ [ [ 37.550111479976017, 55.40295675936035 ], [ 37.550181850664472, 55.402396106559117 ], [ 37.550057354701387, 55.401408225503516 ], [ 37.549915764828732, 55.40124380436005 ], [ 37.549184860640196, 55.400294094278223 ], [ 37.54917964749243, 55.400290613213322 ], [ 37.549000197251637, 55.400369931059466 ], [ 37.548368915395493, 55.400695612842568 ], [ 37.549184190634868, 55.401734438927726 ], [ 37.549217697253191, 55.401816754811101 ], [ 37.550108516452454, 55.402953965996495 ], [ 37.550111479976017, 55.40295675936035 ] ] ] ] } },
{ "type": "Feature", "properties": { "fid": 546, "sqr": 226892, "gsi": 0.0, "merchant": 0, "industrial": 0, "revolutionary": 0, "postwar": 0, "urban": 0, "stagnation": 0, "nineties": 0, "contemporary": 0, "epoque": 0, "far": 0.0, "mean_lvl": 0.0, "single": 0, "multiple": 0, "dormi": 0, "mixed": 0, "commercial": 0, "public": 0, "utility": 0, "tech": 0, "usage": 0, "low": 0, "mid": 0, "high": 0, "sky": 0, "year_formed": 1958, "year_gone": 9999 }, "geometry": { "type": "MultiPolygon", "coordinates": [ [ [ [ 37.58494735266774, 55.427036950542309 ], [ 37.584905061958629, 55.427099681949564 ], [ 37.584821061743078, 55.427224275362946 ], [ 37.584275422164978, 55.427518942615137 ], [ 37.584279714513478, 55.42754358872358 ], [ 37.584319236836471, 55.427554811566054 ], [ 37.584440754001314, 55.427535096595349 ], [ 37.585025359920152, 55.427159771875537 ], [ 37.585358801785802, 55.427109295176876 ], [ 37.588397227845448, 55.4274257100884 ], [ 37.58929597590091, 55.427519317116271 ], [ 37.589501664168999, 55.427550044588671 ], [ 37.589646384986381, 55.427610918524593 ], [ 37.590430259983115, 55.427053968710467 ], [ 37.592209312125483, 55.425623573265952 ], [ 37.59156049423683, 55.424662505531913 ], [ 37.593279006067462, 55.422889107502172 ], [ 37.594715872428061, 55.423080123018316 ], [ 37.594187498084388, 55.421758675583511 ], [ 37.593469819998326, 55.421851163290683 ], [ 37.591485893901648, 55.42204787581894 ], [ 37.588998848854821, 55.422363571369949 ], [ 37.589706134286175, 55.423263928165412 ], [ 37.58500732086268, 55.424593005451385 ], [ 37.583664610422581, 55.423809542137647 ], [ 37.58307275877695, 55.423999894789496 ], [ 37.583445964533503, 55.424306765821044 ], [ 37.583537763747096, 55.424389917886209 ], [ 37.583716162385905, 55.424544320557331 ], [ 37.584041638751827, 55.424918444570864 ], [ 37.584749317116859, 55.426442715001876 ], [ 37.584919275649312, 55.426814579826825 ], [ 37.58494735266774, 55.427036950542309 ] ] ] ] } },
{ "type": "Feature", "properties": { "fid": 547, "sqr": 34748, "gsi": 0.0, "merchant": 0, "industrial": 0, "revolutionary": 0, "postwar": 0, "urban": 0, "stagnation": 0, "nineties": 0, "contemporary": 0, "epoque": 0, "far": 0.0, "mean_lvl": 0.0, "single": 0, "multiple": 0, "dormi": 0, "mixed": 0, "commercial": 0, "public": 0, "utility": 0, "tech": 0, "usage": 0, "low": 0, "mid": 0, "high": 0, "sky": 0, "year_formed": 1948, "year_gone": 9999 }, "geometry": { "type": "MultiPolygon", "coordinates": [ [ [ [ 37.515583317222443, 55.42857870046651 ], [ 37.515537693665699, 55.428406465229536 ], [ 37.516124890346788, 55.428353874871661 ], [ 37.515504444491512, 55.426032497407952 ], [ 37.515500648368167, 55.426031240788085 ], [ 37.515334445047174, 55.426032336711245 ], [ 37.514620603929224, 55.426680359843878 ], [ 37.514257842574999, 55.427037834019536 ], [ 37.513928964266455, 55.4273666129288 ], [ 37.513609059576865, 55.427686218166045 ], [ 37.513311297754953, 55.427983882540346 ], [ 37.513286357779727, 55.428050177860321 ], [ 37.513255315444873, 55.428133066756537 ], [ 37.512926261332595, 55.428461917744229 ], [ 37.512604857466684, 55.428783122977542 ], [ 37.512543468448357, 55.428855200116239 ], [ 37.512967635939539, 55.428817273752514 ], [ 37.514240874344679, 55.42871525985511 ], [ 37.515279347736559, 55.42860408409647 ], [ 37.515583317222443, 55.42857870046651 ] ] ] ] } },
{ "type": "Feature", "properties": { "fid": 549, "sqr": 10007, "gsi": 0.0, "merchant": 0, "industrial": 0, "revolutionary": 0, "postwar": 0, "urban": 0, "stagnation": 0, "nineties": 0, "contemporary": 0, "epoque": 0, "far": 0.0, "mean_lvl": 0.0, "single": 0, "multiple": 0, "dormi": 0, "mixed": 0, "commercial": 0, "public": 0, "utility": 0, "tech": 0, "usage": 0, "low": 0, "mid": 0, "high": 0, "sky": 0, "year_formed": 1983, "year_gone": 9999 }, "geometry": { "type": "MultiPolygon", "coordinates": [ [ [ [ 37.532819457410291, 55.404693867129325 ], [ 37.534311610335195, 55.404329918693968 ], [ 37.534254874961313, 55.404263031074947 ], [ 37.53395244469862, 55.404077989519543 ], [ 37.533534684956294, 55.403997198082628 ], [ 37.533133943278095, 55.404026903144782 ], [ 37.5325228779759, 55.404225567874228 ], [ 37.53064620722656, 55.404827897352511 ], [ 37.530855073998779, 55.405067401649099 ], [ 37.530913905521004, 55.405084805347137 ], [ 37.531107201633205, 55.405030141647281 ], [ 37.532563040043378, 55.404590001757292 ], [ 37.532722137030547, 55.404654446301443 ], [ 37.532819457410291, 55.404693867129325 ] ] ] ] } },
{ "type": "Feature", "properties": { "fid": 550, "sqr": 53981, "gsi": 0.0, "merchant": 0, "industrial": 0, "revolutionary": 0, "postwar": 0, "urban": 0, "stagnation": 0, "nineties": 0, "contemporary": 0, "epoque": 0, "far": 0.0, "mean_lvl": 0.0, "single": 0, "multiple": 0, "dormi": 0, "mixed": 0, "commercial": 0, "public": 0, "utility": 0, "tech": 0, "usage": 0, "low": 0, "mid": 0, "high": 0, "sky": 0, "year_formed": 1957, "year_gone": 9999 }, "geometry": { "type": "MultiPolygon", "coordinates": [ [ [ [ 37.540763846613416, 55.393069356495104 ], [ 37.543801381042059, 55.39703909440734 ], [ 37.543853770943528, 55.39702753219089 ], [ 37.544198357273494, 55.396985249116177 ], [ 37.54440663470843, 55.396978449502541 ], [ 37.544722478405269, 55.396982081031624 ], [ 37.545100763430355, 55.396936801459951 ], [ 37.545963200159555, 55.396707840379683 ], [ 37.545177532984162, 55.395984045840301 ], [ 37.544482915474042, 55.395299634777793 ], [ 37.543846983644237, 55.394677800382425 ], [ 37.54321492881202, 55.394059841268721 ], [ 37.542572177114458, 55.393441682868684 ], [ 37.541953755635951, 55.392847095904848 ], [ 37.541879800785885, 55.392767892583976 ], [ 37.540909545929885, 55.393029984390395 ], [ 37.540763846613416, 55.393069356495104 ] ] ] ] } },
{ "type": "Feature", "properties": { "fid": 553, "sqr": 11315, "gsi": 0.0, "merchant": 0, "industrial": 0, "revolutionary": 0, "postwar": 0, "urban": 0, "stagnation": 0, "nineties": 0, "contemporary": 0, "epoque": 0, "far": 0.0, "mean_lvl": 0.0, "single": 0, "multiple": 0, "dormi": 0, "mixed": 0, "commercial": 0, "public": 0, "utility": 0, "tech": 0, "usage": 0, "low": 0, "mid": 0, "high": 0, "sky": 0, "year_formed": 1924, "year_gone": 9999 }, "geometry": { "type": "MultiPolygon", "coordinates": [ [ [ [ 37.563947933725878, 55.432384412049061 ], [ 37.563945650545179, 55.432378154982771 ], [ 37.563920041243797, 55.432308423256636 ], [ 37.563889119217997, 55.432158553742347 ], [ 37.563723139760391, 55.431839444916498 ], [ 37.563568042288168, 55.431541448673791 ], [ 37.563472043365621, 55.431356850067914 ], [ 37.563428649194414, 55.431273560948483 ], [ 37.56339433591949, 55.431207535198112 ], [ 37.563342989591234, 55.431108797343875 ], [ 37.562519771641419, 55.4312528491404 ], [ 37.562447127459755, 55.431306254292842 ], [ 37.562488164468796, 55.431434583564716 ], [ 37.561545958110194, 55.431991322484741 ], [ 37.562718924220484, 55.432183023610214 ], [ 37.563947933725878, 55.432384412049061 ] ] ] ] } },
{ "type": "Feature", "properties": { "fid": 558, "sqr": 327509, "gsi": 0.0, "merchant": 0, "industrial": 0, "revolutionary": 0, "postwar": 0, "urban": 0, "stagnation": 0, "nineties": 0, "contemporary": 0, "epoque": 0, "far": 0.0, "mean_lvl": 0.0, "single": 0, "multiple": 0, "dormi": 0, "mixed": 0, "commercial": 0, "public": 0, "utility": 0, "tech": 0, "usage": 0, "low": 0, "mid": 0, "high": 0, "sky": 0, "year_formed": 1956, "year_gone": 9999 }, "geometry": { "type": "MultiPolygon", "coordinates": [ [ [ [ 37.57265660750901, 55.432717804148929 ], [ 37.573261398913786, 55.432516980131993 ], [ 37.573810369981864, 55.43219108106161 ], [ 37.574386364172788, 55.431815598483077 ], [ 37.574470749260023, 55.431768832120191 ], [ 37.574771390798212, 55.431602136868449 ], [ 37.575286500731671, 55.431403986457092 ], [ 37.576291022860048, 55.43108663179612 ], [ 37.576646316306196, 55.430974333898803 ], [ 37.576911736846078, 55.4308905274317 ], [ 37.578985706161781, 55.430235216856786 ], [ 37.579543658886685, 55.430019324216723 ], [ 37.582205491817476, 55.428556100604538 ], [ 37.58304209231131, 55.42809620067429 ], [ 37.583250397069904, 55.427981682977418 ], [ 37.584137644911813, 55.427469440280817 ], [ 37.584686338344355, 55.427173124600344 ], [ 37.584757538326805, 55.427067517672754 ], [ 37.584763584182909, 55.427058549688518 ], [ 37.584270524304941, 55.42696916332595 ], [ 37.583584862940484, 55.426768557159662 ], [ 37.582336108926867, 55.426622041903137 ], [ 37.580551532686513, 55.426376025353889 ], [ 37.580328489340744, 55.426299251386929 ], [ 37.579626055604535, 55.42621038867361 ], [ 37.578416104656725, 55.426177406390217 ], [ 37.577768780882018, 55.425988063159231 ], [ 37.574668440192028, 55.427169281246265 ], [ 37.572662463994092, 55.427952396331222 ], [ 37.571335584195381, 55.428547400641378 ], [ 37.570478978032433, 55.429016493808469 ], [ 37.570183085347445, 55.429179754628521 ], [ 37.570388594370939, 55.429378963781609 ], [ 37.571124357044731, 55.42990510800346 ], [ 37.571678105506109, 55.43105907426883 ], [ 37.572007243251207, 55.431778608833774 ], [ 37.57274225633585, 55.43192579743544 ], [ 37.572416390419413, 55.432206322279846 ], [ 37.57265660750901, 55.432717804148929 ] ] ] ] } },
{ "type": "Feature", "properties": { "fid": 559, "sqr": 855976, "gsi": 0.0, "merchant": 0, "industrial": 0, "revolutionary": 0, "postwar": 0, "urban": 0, "stagnation": 0, "nineties": 0, "contemporary": 0, "epoque": 0, "far": 0.0, "mean_lvl": 0.0, "single": 0, "multiple": 0, "dormi": 0, "mixed": 0, "commercial": 0, "public": 0, "utility": 0, "tech": 0, "usage": 0, "low": 0, "mid": 0, "high": 0, "sky": 0, "year_formed": 1972, "year_gone": 9999 }, "geometry": { "type": "MultiPolygon", "coordinates": [ [ [ [ 37.582555020175349, 55.438839602416316 ], [ 37.58280552166277, 55.43890303036315 ], [ 37.583062452583668, 55.438933925928183 ], [ 37.584091638672717, 55.438927742765713 ], [ 37.584749309361044, 55.438979606537046 ], [ 37.585309803341353, 55.439220141951012 ], [ 37.586744364086925, 55.439835542617352 ], [ 37.587612230382391, 55.440491201260357 ], [ 37.588078866737298, 55.440646813451508 ], [ 37.588469633702296, 55.440970163347515 ], [ 37.58866355588011, 55.441253867330929 ], [ 37.588909216224586, 55.441539538532751 ], [ 37.589194474760809, 55.441670818516357 ], [ 37.589752442597486, 55.441800449329534 ], [ 37.591205251621098, 55.442033039072911 ], [ 37.592101617185726, 55.442311692050644 ], [ 37.592835041512878, 55.442469666416166 ], [ 37.598533421047584, 55.443370661469714 ], [ 37.599255188206371, 55.442064599294831 ], [ 37.601228124778572, 55.442070564977008 ], [ 37.604500464784415, 55.441906159622292 ], [ 37.604723497512261, 55.442868931347796 ], [ 37.608595056048742, 55.44263673955075 ], [ 37.606068903579811, 55.438849598291007 ], [ 37.603917813032595, 55.439097042437638 ], [ 37.603589148097392, 55.438894787056817 ], [ 37.603138807767259, 55.438674809680876 ], [ 37.603134487866853, 55.438663342263069 ], [ 37.599801102476981, 55.438502062096489 ], [ 37.599927752711551, 55.437839599891113 ], [ 37.600027741098778, 55.437326393430183 ], [ 37.59992123986774, 55.437318418386248 ], [ 37.599958540018747, 55.437147269173742 ], [ 37.599227459597039, 55.436995473916497 ], [ 37.599309070831225, 55.43684429649776 ], [ 37.599185998011556, 55.436828732064306 ], [ 37.598763249459111, 55.436763732228471 ], [ 37.598533316066359, 55.436736987096253 ], [ 37.598501545381652, 55.436804220602106 ], [ 37.598051829164781, 55.436764889456867 ], [ 37.598070643276209, 55.436720087813995 ], [ 37.597988268370486, 55.436698349925138 ], [ 37.59800042069503, 55.436681827105225 ], [ 37.597727102150969, 55.436604739179351 ], [ 37.597309757888532, 55.436509703309731 ], [ 37.596683215704545, 55.436371926456424 ], [ 37.597008438058069, 55.435720634134405 ], [ 37.59704486778957, 55.435640627610717 ], [ 37.594779019440367, 55.435309952441912 ], [ 37.594583903448331, 55.435282292699839 ], [ 37.594100421691181, 55.4352138952733 ], [ 37.592575704381858, 55.434997992800341 ], [ 37.592497911933009, 55.434986977077187 ], [ 37.590916004563965, 55.434812359994325 ], [ 37.590176901563908, 55.434786531659213 ], [ 37.58983997459783, 55.434815397455864 ], [ 37.589296165584734, 55.434923355940114 ], [ 37.588756626901414, 55.435072150085574 ], [ 37.587192400494089, 55.435643299363292 ], [ 37.586089176035813, 55.43604622757578 ], [ 37.585015177842322, 55.436422346139274 ], [ 37.584808344328572, 55.436524116951844 ], [ 37.584512051282161, 55.436779323578449 ], [ 37.584385736453477, 55.436903756274255 ], [ 37.583990037014424, 55.437293556379778 ], [ 37.583873171401613, 55.437408667125645 ], [ 37.58350200224222, 55.437654931649973 ], [ 37.581940043499117, 55.438691136372178 ], [ 37.582555020175349, 55.438839602416316 ] ], [ [ 37.605141950093227, 55.441406511472373 ], [ 37.605162275158804, 55.44136996266252 ], [ 37.605128488140743, 55.441252094155764 ], [ 37.604968695416353, 55.441103156876828 ], [ 37.604955985434529, 55.440972876744866 ], [ 37.605301112317328, 55.44102439557134 ], [ 37.605506280437453, 55.441178493440169 ], [ 37.605616898372077, 55.441187941205243 ], [ 37.605772364127731, 55.441295610679767 ], [ 37.606097323827591, 55.441347908520008 ], [ 37.606305492827381, 55.441424338743026 ], [ 37.606406240752861, 55.441481465035515 ], [ 37.606606637974103, 55.441740348072301 ], [ 37.60706743569115, 55.441942881596816 ], [ 37.607107617046516, 55.442170414885915 ], [ 37.606859086130761, 55.442367076706873 ], [ 37.606588898960311, 55.44240243636834 ], [ 37.606247604942617, 55.442336810862294 ], [ 37.605939974027848, 55.442334117553422 ], [ 37.605914299554847, 55.442358384720315 ], [ 37.605922650881304, 55.442373402190213 ], [ 37.606243488871037, 55.44240373619769 ], [ 37.606343341759043, 55.442479328450453 ], [ 37.606360963533469, 55.442583654332026 ], [ 37.60621591226645, 55.442646621205704 ], [ 37.605487303570349, 55.44272922452771 ], [ 37.605226676849902, 55.442729224522679 ], [ 37.605072805072957, 55.442704339234361 ], [ 37.604898896751116, 55.442575394757263 ], [ 37.60485462730523, 55.442431658964111 ], [ 37.604881054626887, 55.442199337362858 ], [ 37.605163834345632, 55.442140160192984 ], [ 37.60522755854759, 55.4421474106164 ], [ 37.605262159601949, 55.442081450802647 ], [ 37.605169509354326, 55.441903466509011 ], [ 37.605129954935357, 55.441858596391931 ], [ 37.60493750289416, 55.441772485665616 ], [ 37.604866273696999, 55.441618404449621 ], [ 37.604866273887289, 55.441523019169537 ], [ 37.605141950093227, 55.441406511472373 ] ] ] ] } },
{ "type": "Feature", "properties": { "fid": 560, "sqr": 24924, "gsi": 0.0, "merchant": 0, "industrial": 0, "revolutionary": 0, "postwar": 0, "urban": 0, "stagnation": 0, "nineties": 0, "contemporary": 0, "epoque": 0, "far": 0.0, "mean_lvl": 0.0, "single": 0, "multiple": 0, "dormi": 0, "mixed": 0, "commercial": 0, "public": 0, "utility": 0, "tech": 0, "usage": 0, "low": 0, "mid": 0, "high": 0, "sky": 0, "year_formed": 1955, "year_gone": 9999 }, "geometry": { "type": "MultiPolygon", "coordinates": [ [ [ [ 37.586073144612413, 55.440245590234085 ], [ 37.586576433026735, 55.439876062768541 ], [ 37.585214601848939, 55.439291860293523 ], [ 37.584686890570602, 55.439065393454307 ], [ 37.58408156131496, 55.43901765723367 ], [ 37.58304674739761, 55.439023874070877 ], [ 37.582910200939644, 55.439007454650856 ], [ 37.583087028302316, 55.43925493470941 ], [ 37.583161585255532, 55.439511511740221 ], [ 37.583272044037265, 55.44044032478044 ], [ 37.584229506348677, 55.440386394597738 ], [ 37.584361134942689, 55.440378977509461 ], [ 37.586073144612413, 55.440245590234085 ] ] ] ] } },
{ "type": "Feature", "properties": { "fid": 563, "sqr": 225643, "gsi": 0.0, "merchant": 0, "industrial": 0, "revolutionary": 0, "postwar": 0, "urban": 0, "stagnation": 0, "nineties": 0, "contemporary": 0, "epoque": 0, "far": 0.0, "mean_lvl": 0.0, "single": 0, "multiple": 0, "dormi": 0, "mixed": 0, "commercial": 0, "public": 0, "utility": 0, "tech": 0, "usage": 0, "low": 0, "mid": 0, "high": 0, "sky": 0, "year_formed": 1978, "year_gone": 9999 }, "geometry": { "type": "MultiPolygon", "coordinates": [ [ [ [ 37.550589194488232, 55.393236803714146 ], [ 37.550691621475906, 55.393364667870053 ], [ 37.551400633442135, 55.394311015014743 ], [ 37.552017838384714, 55.395096246684055 ], [ 37.552897470436257, 55.396291476153031 ], [ 37.553489608971447, 55.396161516082422 ], [ 37.553956050876415, 55.39606170430406 ], [ 37.554332006276432, 55.396066179985304 ], [ 37.555860491724907, 55.396074567831114 ], [ 37.557771115432651, 55.396036290822572 ], [ 37.557914142899961, 55.395942568432211 ], [ 37.560112088203319, 55.394351778266021 ], [ 37.561884971930816, 55.393061383381081 ], [ 37.562072710114343, 55.392906507027142 ], [ 37.562218809619907, 55.392785707597582 ], [ 37.56233845525896, 55.392686997638407 ], [ 37.562464460531139, 55.392550763847019 ], [ 37.557105745641927, 55.39108086904232 ], [ 37.557056791447444, 55.391152585478579 ], [ 37.556353430337538, 55.391947074305747 ], [ 37.556220016292997, 55.392058293026345 ], [ 37.556391682403273, 55.392117553055641 ], [ 37.555776635831521, 55.39288003958665 ], [ 37.555162397327791, 55.393288765631056 ], [ 37.554219585786761, 55.393362936444376 ], [ 37.554118942998365, 55.393273537059592 ], [ 37.554084748566147, 55.393243154262287 ], [ 37.55340847724802, 55.39330247494113 ], [ 37.553458162393689, 55.39342080449422 ], [ 37.553031528245413, 55.393476776698151 ], [ 37.552859141195135, 55.39349933202022 ], [ 37.552573277131408, 55.393531682042571 ], [ 37.55216026396382, 55.3930882414965 ], [ 37.552084748107987, 55.393007024312446 ], [ 37.551912859878236, 55.392822394347284 ], [ 37.551147830606389, 55.393056837041776 ], [ 37.551042562256406, 55.393090701680563 ], [ 37.550589194488232, 55.393236803714146 ] ] ] ] } },
{ "type": "Feature", "properties": { "fid": 564, "sqr": 563696, "gsi": 0.0, "merchant": 0, "industrial": 0, "revolutionary": 0, "postwar": 0, "urban": 0, "stagnation": 0, "nineties": 0, "contemporary": 0, "epoque": 0, "far": 0.0, "mean_lvl": 0.0, "single": 0, "multiple": 0, "dormi": 0, "mixed": 0, "commercial": 0, "public": 0, "utility": 0, "tech": 0, "usage": 0, "low": 0, "mid": 0, "high": 0, "sky": 0, "year_formed": 2007, "year_gone": 9999 }, "geometry": { "type": "MultiPolygon", "coordinates": [ [ [ [ 37.579272611184145, 55.414519052702289 ], [ 37.5799428148351, 55.41487844128217 ], [ 37.582448874762193, 55.416245363893452 ], [ 37.583294386648213, 55.416660729059288 ], [ 37.584587683937876, 55.417316400227442 ], [ 37.585770802492483, 55.418043593448125 ], [ 37.589728091358751, 55.416217094196504 ], [ 37.590859770241153, 55.417583392275922 ], [ 37.591330907153434, 55.418049333455897 ], [ 37.591815801762444, 55.418600689951198 ], [ 37.593455995159026, 55.418173650541689 ], [ 37.595234764108355, 55.417657181826208 ], [ 37.593845110336709, 55.415958590782573 ], [ 37.592875512312538, 55.41437063256366 ], [ 37.591460861273561, 55.411940478015929 ], [ 37.590429165229011, 55.40997031453491 ], [ 37.590382210438186, 55.409878907532629 ], [ 37.590198046603888, 55.409520713449162 ], [ 37.589474147269037, 55.409170430199211 ], [ 37.58906601965522, 55.409164859756864 ], [ 37.588123893998763, 55.408752730506144 ], [ 37.587966320106176, 55.408711737860976 ], [ 37.587839277438505, 55.4086989384624 ], [ 37.58776489260687, 55.408702296691793 ], [ 37.587654400407622, 55.408714025374294 ], [ 37.587511982309124, 55.408787606590344 ], [ 37.587444312473067, 55.408822809525589 ], [ 37.586977872798187, 55.409202262804904 ], [ 37.585883739352184, 55.410041272896606 ], [ 37.584708511729183, 55.410952480878521 ], [ 37.583448066274492, 55.411804732416364 ], [ 37.581324154259491, 55.413189437754326 ], [ 37.581087504093325, 55.413376810169126 ], [ 37.581030750993627, 55.413468169098138 ], [ 37.581038449383797, 55.413570554971976 ], [ 37.581101042764892, 55.413649768432698 ], [ 37.581127891839358, 55.413749882888368 ], [ 37.581106617696662, 55.413850452503432 ], [ 37.581038716972976, 55.413944171662493 ], [ 37.580929309165754, 55.414024123612108 ], [ 37.580785815928863, 55.414084727361541 ], [ 37.580619047516365, 55.41412121861368 ], [ 37.580441143831038, 55.414131108465973 ], [ 37.580281340981031, 55.414115117874324 ], [ 37.5801012911407, 55.414112326413665 ], [ 37.57994888074338, 55.414157675250422 ], [ 37.579668033567039, 55.414269284204146 ], [ 37.579272611184145, 55.414519052702289 ] ] ] ] } },
{ "type": "Feature", "properties": { "fid": 565, "sqr": 28216, "gsi": 0.0, "merchant": 0, "industrial": 0, "revolutionary": 0, "postwar": 0, "urban": 0, "stagnation": 0, "nineties": 0, "contemporary": 0, "epoque": 0, "far": 0.0, "mean_lvl": 0.0, "single": 0, "multiple": 0, "dormi": 0, "mixed": 0, "commercial": 0, "public": 0, "utility": 0, "tech": 0, "usage": 0, "low": 0, "mid": 0, "high": 0, "sky": 0, "year_formed": 1900, "year_gone": 9999 }, "geometry": { "type": "MultiPolygon", "coordinates": [ [ [ [ 37.550368906619163, 55.403241395640755 ], [ 37.550658378102518, 55.403160878656315 ], [ 37.551017215848908, 55.403107314538069 ], [ 37.551240807776949, 55.403102049915979 ], [ 37.551270086931638, 55.403100712586863 ], [ 37.551288450059161, 55.401684538090393 ], [ 37.551282797877747, 55.401446729885038 ], [ 37.551247412249431, 55.40119952126458 ], [ 37.551183609517963, 55.400946686098358 ], [ 37.551102154073725, 55.400702517481491 ], [ 37.550926550208878, 55.400181096832533 ], [ 37.550749469039005, 55.39971711589164 ], [ 37.550651565752275, 55.399510264467175 ], [ 37.550595484363498, 55.399517104568972 ], [ 37.549768667524681, 55.399909283634443 ], [ 37.549294340171954, 55.400228678441728 ], [ 37.549320139277903, 55.400245905683818 ], [ 37.550059035103438, 55.40120599559755 ], [ 37.550212645252643, 55.401384374446906 ], [ 37.550340149336378, 55.402396093389648 ], [ 37.550252657588942, 55.40309317171738 ], [ 37.550368906619163, 55.403241395640755 ] ] ] ] } },
{ "type": "Feature", "properties": { "fid": 566, "sqr": 120098, "gsi": 0.0, "merchant": 0, "industrial": 0, "revolutionary": 0, "postwar": 0, "urban": 0, "stagnation": 0, "nineties": 0, "contemporary": 0, "epoque": 0, "far": 0.0, "mean_lvl": 0.0, "single": 0, "multiple": 0, "dormi": 0, "mixed": 0, "commercial": 0, "public": 0, "utility": 0, "tech": 0, "usage": 0, "low": 0, "mid": 0, "high": 0, "sky": 0, "year_formed": 1781, "year_gone": 9999 }, "geometry": { "type": "MultiPolygon", "coordinates": [ [ [ [ 37.579164472477501, 55.414584540145007 ], [ 37.578983588044572, 55.414689594584488 ], [ 37.576040707569845, 55.416407406307876 ], [ 37.577871281226898, 55.41733492728396 ], [ 37.577720790446804, 55.417428539163602 ], [ 37.579611426153619, 55.418485665454561 ], [ 37.577937822695546, 55.41942928067828 ], [ 37.577671750322978, 55.419657016658995 ], [ 37.576748323591367, 55.420272100523867 ], [ 37.576316808761426, 55.420579837754723 ], [ 37.576954596452651, 55.420893135324015 ], [ 37.578014400722658, 55.420125601703816 ], [ 37.57859261823441, 55.419782861785158 ], [ 37.581981298668182, 55.417573997389198 ], [ 37.583134828483807, 55.416701063064444 ], [ 37.58234252514842, 55.416311836082734 ], [ 37.579833985075346, 55.414943558692954 ], [ 37.579164472477501, 55.414584540145007 ] ] ] ] } },
{ "type": "Feature", "properties": { "fid": 567, "sqr": 25226, "gsi": 0.0, "merchant": 0, "industrial": 0, "revolutionary": 0, "postwar": 0, "urban": 0, "stagnation": 0, "nineties": 0, "contemporary": 0, "epoque": 0, "far": 0.0, "mean_lvl": 0.0, "single": 0, "multiple": 0, "dormi": 0, "mixed": 0, "commercial": 0, "public": 0, "utility": 0, "tech": 0, "usage": 0, "low": 0, "mid": 0, "high": 0, "sky": 0, "year_formed": 1957, "year_gone": 9999 }, "geometry": { "type": "MultiPolygon", "coordinates": [ [ [ [ 37.596497117438503, 55.41907253285499 ], [ 37.595443426285982, 55.417694763839272 ], [ 37.595376331377665, 55.417716954436194 ], [ 37.593594508949082, 55.418234311495439 ], [ 37.593709996078459, 55.418373475769819 ], [ 37.594459996225289, 55.419413606122845 ], [ 37.595789433427377, 55.419269636786964 ], [ 37.596005306021645, 55.419849286283153 ], [ 37.596194976898531, 55.420288657032266 ], [ 37.596753637819425, 55.420227047918765 ], [ 37.596310715109993, 55.419300754864963 ], [ 37.596497117438503, 55.41907253285499 ] ] ] ] } },
{ "type": "Feature", "properties": { "fid": 568, "sqr": 188767, "gsi": 0.0, "merchant": 0, "industrial": 0, "revolutionary": 0, "postwar": 0, "urban": 0, "stagnation": 0, "nineties": 0, "contemporary": 0, "epoque": 0, "far": 0.0, "mean_lvl": 0.0, "single": 0, "multiple": 0, "dormi": 0, "mixed": 0, "commercial": 0, "public": 0, "utility": 0, "tech": 0, "usage": 0, "low": 0, "mid": 0, "high": 0, "sky": 0, "year_formed": 1930, "year_gone": 9999 }, "geometry": { "type": "MultiPolygon", "coordinates": [ [ [ [ 37.557816404356522, 55.405904627062341 ], [ 37.561233110355481, 55.412725161440264 ], [ 37.561916743855583, 55.41262170889231 ], [ 37.563344094371431, 55.41240213956651 ], [ 37.564402944652969, 55.412204947620445 ], [ 37.564958050268693, 55.412062959341547 ], [ 37.565029439169841, 55.411964334259963 ], [ 37.565005161195614, 55.411883462371001 ], [ 37.564879303357039, 55.411686876342259 ], [ 37.564825222324153, 55.411602424927452 ], [ 37.564663660484769, 55.411319089422832 ], [ 37.564632728855273, 55.411265922423382 ], [ 37.564356871246929, 55.4108269703028 ], [ 37.564035080800302, 55.410250927434127 ], [ 37.563404890222465, 55.409195074944634 ], [ 37.562929209484658, 55.408389366220355 ], [ 37.562683696774876, 55.40795754242545 ], [ 37.562507507189636, 55.407657999187862 ], [ 37.562175768675409, 55.407106233387104 ], [ 37.562065592305295, 55.406916973363224 ], [ 37.561717509726485, 55.406341530996613 ], [ 37.561608738292257, 55.406164714330686 ], [ 37.561532202977496, 55.406035886152537 ], [ 37.561425441693686, 55.405856050797986 ], [ 37.561295786369548, 55.405640124519323 ], [ 37.561234964599429, 55.405538788595329 ], [ 37.561102535460492, 55.405222178347508 ], [ 37.560827393540386, 55.405331304570701 ], [ 37.558835800639777, 55.40570537554062 ], [ 37.557816404356522, 55.405904627062341 ] ] ] ] } },
{ "type": "Feature", "properties": { "fid": 569, "sqr": 93973, "gsi": 0.0, "merchant": 0, "industrial": 0, "revolutionary": 0, "postwar": 0, "urban": 0, "stagnation": 0, "nineties": 0, "contemporary": 0, "epoque": 0, "far": 0.0, "mean_lvl": 0.0, "single": 0, "multiple": 0, "dormi": 0, "mixed": 0, "commercial": 0, "public": 0, "utility": 0, "tech": 0, "usage": 0, "low": 0, "mid": 0, "high": 0, "sky": 0, "year_formed": 1900, "year_gone": 9999 }, "geometry": { "type": "MultiPolygon", "coordinates": [ [ [ [ 37.551407561672598, 55.404258821690085 ], [ 37.551591618111537, 55.404255958443009 ], [ 37.551582430400096, 55.404421778656769 ], [ 37.551662199094437, 55.404736136104582 ], [ 37.551711593276281, 55.404785367178661 ], [ 37.551789255746733, 55.404836687446256 ], [ 37.551926260422974, 55.4048827716259 ], [ 37.552026948463578, 55.404905117760244 ], [ 37.552190075862512, 55.404916744359049 ], [ 37.553066759809525, 55.404839913334925 ], [ 37.553345965064963, 55.404819507962074 ], [ 37.553831181786244, 55.404767589383312 ], [ 37.55377139972687, 55.403812198546376 ], [ 37.553658300611538, 55.402004455096261 ], [ 37.553548320081212, 55.400145711621271 ], [ 37.553523064003585, 55.40002914404198 ], [ 37.553194437460299, 55.399043654059859 ], [ 37.55307841563156, 55.398957466359647 ], [ 37.552796180190064, 55.399007803470646 ], [ 37.552268938509549, 55.39902187260487 ], [ 37.550962819340739, 55.399278580845269 ], [ 37.550707648513146, 55.399313314648069 ], [ 37.550783944312144, 55.39944448928911 ], [ 37.55090293092065, 55.399695884059902 ], [ 37.551081249756791, 55.400163103118309 ], [ 37.551257245894121, 55.400685682469103 ], [ 37.551339390453833, 55.400931913851871 ], [ 37.55140438773153, 55.401189478684884 ], [ 37.551440602114653, 55.401442470064012 ], [ 37.551446349941166, 55.401684261858641 ], [ 37.551427445957437, 55.403142593388701 ], [ 37.551407561672598, 55.404258821690085 ] ] ] ] } },
{ "type": "Feature", "properties": { "fid": 570, "sqr": 58831, "gsi": 0.0, "merchant": 0, "industrial": 0, "revolutionary": 0, "postwar": 0, "urban": 0, "stagnation": 0, "nineties": 0, "contemporary": 0, "epoque": 0, "far": 0.0, "mean_lvl": 0.0, "single": 0, "multiple": 0, "dormi": 0, "mixed": 0, "commercial": 0, "public": 0, "utility": 0, "tech": 0, "usage": 0, "low": 0, "mid": 0, "high": 0, "sky": 0, "year_formed": 1969, "year_gone": 9999 }, "geometry": { "type": "MultiPolygon", "coordinates": [ [ [ [ 37.551573582696321, 55.404829036645715 ], [ 37.551561553392759, 55.405390273933968 ], [ 37.551561556388322, 55.406944474617355 ], [ 37.551813955814325, 55.407160972739725 ], [ 37.551918500544694, 55.407231959833133 ], [ 37.552010721381073, 55.407270789642865 ], [ 37.552247474432129, 55.407305590349779 ], [ 37.552499816918875, 55.407300941171897 ], [ 37.552546547881185, 55.407449806344623 ], [ 37.553971028994503, 55.409509666180107 ], [ 37.554072215317028, 55.409617898706593 ], [ 37.554119118588105, 55.409648020693403 ], [ 37.554169412818027, 55.409657966171785 ], [ 37.554209034482291, 55.40964898079914 ], [ 37.554374806559053, 55.409550507014835 ], [ 37.554599246658519, 55.409417498201556 ], [ 37.554951754897367, 55.409197712217548 ], [ 37.554974270419493, 55.40918808573781 ], [ 37.554778192591762, 55.408599179493748 ], [ 37.554641102166102, 55.408178899744371 ], [ 37.554559467120704, 55.407915507648646 ], [ 37.554442507139761, 55.407574813560117 ], [ 37.554375322302455, 55.407379174205268 ], [ 37.554348860144678, 55.407290631041889 ], [ 37.554250396969969, 55.406960952170309 ], [ 37.554131265757505, 55.406575356450773 ], [ 37.554019325044301, 55.406402675219979 ], [ 37.553407754237625, 55.405573690441308 ], [ 37.553119174777557, 55.405171821718824 ], [ 37.55303303266011, 55.405043653584499 ], [ 37.553009478603222, 55.404935842043791 ], [ 37.55219232413917, 55.405007455640565 ], [ 37.551987851492299, 55.40499288223603 ], [ 37.551856939505512, 55.404963828363641 ], [ 37.551686544162536, 55.404906512531426 ], [ 37.551582006638824, 55.404837432786415 ], [ 37.551573582696321, 55.404829036645715 ] ] ] ] } },
{ "type": "Feature", "properties": { "fid": 572, "sqr": 8782, "gsi": 0.0, "merchant": 0, "industrial": 0, "revolutionary": 0, "postwar": 0, "urban": 0, "stagnation": 0, "nineties": 0, "contemporary": 0, "epoque": 0, "far": 0.0, "mean_lvl": 0.0, "single": 0, "multiple": 0, "dormi": 0, "mixed": 0, "commercial": 0, "public": 0, "utility": 0, "tech": 0, "usage": 0, "low": 0, "mid": 0, "high": 0, "sky": 0, "year_formed": 1965, "year_gone": 9999 }, "geometry": { "type": "MultiPolygon", "coordinates": [ [ [ [ 37.565263004710133, 55.424064014039509 ], [ 37.564995300017905, 55.42408408611778 ], [ 37.564517983628043, 55.424205176096343 ], [ 37.562676549972501, 55.424937774765198 ], [ 37.562858314311839, 55.425337689519651 ], [ 37.563483069439251, 55.425173923579472 ], [ 37.564033383877906, 55.424976938892215 ], [ 37.564445397513325, 55.424795617730162 ], [ 37.564916797372049, 55.424498854605204 ], [ 37.565219029569533, 55.424299882890743 ], [ 37.565257667382774, 55.424239460099855 ], [ 37.565279920889409, 55.424111230298315 ], [ 37.565263004710133, 55.424064014039509 ] ] ] ] } },
{ "type": "Feature", "properties": { "fid": 576, "sqr": 25472, "gsi": 0.0, "merchant": 0, "industrial": 0, "revolutionary": 0, "postwar": 0, "urban": 0, "stagnation": 0, "nineties": 0, "contemporary": 0, "epoque": 0, "far": 0.0, "mean_lvl": 0.0, "single": 0, "multiple": 0, "dormi": 0, "mixed": 0, "commercial": 0, "public": 0, "utility": 0, "tech": 0, "usage": 0, "low": 0, "mid": 0, "high": 0, "sky": 0, "year_formed": 1955, "year_gone": 9999 }, "geometry": { "type": "MultiPolygon", "coordinates": [ [ [ [ 37.49718577511225, 55.440080500823157 ], [ 37.497333581405343, 55.440247111566769 ], [ 37.497723587984957, 55.440301625641219 ], [ 37.498238380198657, 55.440325962690146 ], [ 37.498699745652772, 55.440310009931345 ], [ 37.499079648695535, 55.440256187167321 ], [ 37.49935761485559, 55.440159149049734 ], [ 37.499528041005483, 55.440037402302501 ], [ 37.499984416251948, 55.439795892992763 ], [ 37.50048083228463, 55.439530582777508 ], [ 37.500867650053877, 55.439254494843041 ], [ 37.501308233872514, 55.438805479381081 ], [ 37.50109625926433, 55.438585008730627 ], [ 37.500983469299904, 55.438582782588703 ], [ 37.500781900646793, 55.438561804880649 ], [ 37.500368966795818, 55.438673570785646 ], [ 37.500240112458997, 55.438720269701172 ], [ 37.50011862980336, 55.438837895908385 ], [ 37.499909080602905, 55.438957103839535 ], [ 37.499783027413748, 55.439001745242265 ], [ 37.499617302560566, 55.439023849853832 ], [ 37.499468990468394, 55.439012114720541 ], [ 37.49931308406773, 55.4389619578074 ], [ 37.499182427093935, 55.438849117530808 ], [ 37.499152208783954, 55.438709343257194 ], [ 37.499082122757081, 55.43850477680261 ], [ 37.499002780572887, 55.438458204811859 ], [ 37.498645186741783, 55.439041416354101 ], [ 37.498458885142512, 55.439159233435205 ], [ 37.498446904309752, 55.439219613591298 ], [ 37.498051474025715, 55.439546080014921 ], [ 37.497231832718562, 55.440063967293781 ], [ 37.49718577511225, 55.440080500823157 ] ] ] ] } },
{ "type": "Feature", "properties": { "fid": 577, "sqr": 267603, "gsi": 0.0, "merchant": 0, "industrial": 0, "revolutionary": 0, "postwar": 0, "urban": 0, "stagnation": 0, "nineties": 0, "contemporary": 0, "epoque": 0, "far": 0.0, "mean_lvl": 0.0, "single": 0, "multiple": 0, "dormi": 0, "mixed": 0, "commercial": 0, "public": 0, "utility": 0, "tech": 0, "usage": 0, "low": 0, "mid": 0, "high": 0, "sky": 0, "year_formed": 1971, "year_gone": 9999 }, "geometry": { "type": "MultiPolygon", "coordinates": [ [ [ [ 37.510272856069996, 55.435358221243867 ], [ 37.51041522964799, 55.435387374778003 ], [ 37.510771811055271, 55.435533702984941 ], [ 37.510931430513033, 55.435565081168548 ], [ 37.511118547641473, 55.435553944253634 ], [ 37.511274362250234, 55.435506186508292 ], [ 37.511498099741722, 55.435494696220616 ], [ 37.511550592530135, 55.435521522450649 ], [ 37.511786475234345, 55.435450536005462 ], [ 37.51237499845832, 55.435360349942428 ], [ 37.513063819756177, 55.43533559878589 ], [ 37.51326841284618, 55.435358482707059 ], [ 37.513253310237054, 55.434549729359013 ], [ 37.51334005341603, 55.434288717338255 ], [ 37.51313015454236, 55.433809450935961 ], [ 37.51289634329094, 55.433689353687676 ], [ 37.512230169652156, 55.432742290405798 ], [ 37.510971449163904, 55.431093715004181 ], [ 37.510982109708891, 55.430911159420532 ], [ 37.51122469021935, 55.430573657090584 ], [ 37.511428642117309, 55.429458338094385 ], [ 37.511655757388446, 55.42939488126099 ], [ 37.512035665941781, 55.429288701026621 ], [ 37.512150811327942, 55.429188790657363 ], [ 37.512172892289179, 55.429095936042586 ], [ 37.512153638141257, 55.429060168888213 ], [ 37.511967728240606, 55.428943838117604 ], [ 37.508704345303492, 55.426858378544608 ], [ 37.507663551787175, 55.426458448219869 ], [ 37.507404237536051, 55.425868838162657 ], [ 37.506866167645157, 55.425500684618932 ], [ 37.506112326840153, 55.425104342176617 ], [ 37.505877809792651, 55.425070549537914 ], [ 37.50562381387779, 55.425033993632276 ], [ 37.505574333228267, 55.425177931159382 ], [ 37.505546535455032, 55.425290792986694 ], [ 37.505526948079321, 55.425400206508556 ], [ 37.505506091201234, 55.425537665068305 ], [ 37.505493596373654, 55.425657161528164 ], [ 37.505487126039469, 55.425746155948872 ], [ 37.505479821370095, 55.42584575888398 ], [ 37.505483148131844, 55.425958274108531 ], [ 37.505495605249479, 55.426060895342175 ], [ 37.505505953636174, 55.426145553622952 ], [ 37.505526201798254, 55.426237696600325 ], [ 37.5055751098282, 55.426408228698364 ], [ 37.505611631017608, 55.426518587711826 ], [ 37.505794736215357, 55.42707139631289 ], [ 37.505892014563138, 55.427327411648214 ], [ 37.505984315730686, 55.427570413470292 ], [ 37.506078599767051, 55.427818554259346 ], [ 37.506147532120117, 55.42795768771947 ], [ 37.506184713888224, 55.428012457773214 ], [ 37.506211233544192, 55.428038281535549 ], [ 37.506256810435723, 55.428065678378729 ], [ 37.506304510788297, 55.428090280770469 ], [ 37.506378773670576, 55.428119263770299 ], [ 37.506476817779792, 55.428164388184442 ], [ 37.506558211227841, 55.428221009652354 ], [ 37.506615964736334, 55.428282880125231 ], [ 37.506651770809512, 55.428349916174959 ], [ 37.506658223611709, 55.428387726895032 ], [ 37.506664202599254, 55.428422220654262 ], [ 37.506651081255036, 55.428493989481268 ], [ 37.506615465363303, 55.428560068072976 ], [ 37.506560401638964, 55.428618420882721 ], [ 37.506522440813505, 55.428661321278533 ], [ 37.506502346486442, 55.428699115849234 ], [ 37.506487160033309, 55.428749768556372 ], [ 37.506478147362941, 55.428795752035306 ], [ 37.506478871107831, 55.428833563759241 ], [ 37.506494134103683, 55.428964079717673 ], [ 37.506511630182544, 55.429034928654993 ], [ 37.50667121089387, 55.429495515859507 ], [ 37.506798111922741, 55.429861816753736 ], [ 37.506927312660032, 55.43023491676702 ], [ 37.50702051190077, 55.430503813053413 ], [ 37.507119912602995, 55.430790613455059 ], [ 37.507401914814743, 55.431604715224893 ], [ 37.507506114395667, 55.431905312313503 ], [ 37.507593715919704, 55.432158315275011 ], [ 37.507628913811054, 55.43225980862011 ], [ 37.50780271679173, 55.432761314377714 ], [ 37.508170719830929, 55.433823517129774 ], [ 37.508236131097078, 55.434012346709679 ], [ 37.508250919925878, 55.43412371627327 ], [ 37.508233391475166, 55.434147439092534 ], [ 37.508235640425006, 55.43414751966705 ], [ 37.508708051862833, 55.434079011660678 ], [ 37.509577991719247, 55.433977053659063 ], [ 37.509975283443822, 55.433992907784877 ], [ 37.510440471613528, 55.434049481920979 ], [ 37.51072718587713, 55.43412750097567 ], [ 37.510776417553565, 55.434464344909635 ], [ 37.510936620991885, 55.435218519241495 ], [ 37.510272856069996, 55.435358221243867 ] ] ] ] } },
{ "type": "Feature", "properties": { "fid": 578, "sqr": 22079, "gsi": 0.0, "merchant": 0, "industrial": 0, "revolutionary": 0, "postwar": 0, "urban": 0, "stagnation": 0, "nineties": 0, "contemporary": 0, "epoque": 0, "far": 0.0, "mean_lvl": 0.0, "single": 0, "multiple": 0, "dormi": 0, "mixed": 0, "commercial": 0, "public": 0, "utility": 0, "tech": 0, "usage": 0, "low": 0, "mid": 0, "high": 0, "sky": 0, "year_formed": 1957, "year_gone": 9999 }, "geometry": { "type": "MultiPolygon", "coordinates": [ [ [ [ 37.591213959068185, 55.452765700612566 ], [ 37.590997151152713, 55.452890702589904 ], [ 37.589604665663956, 55.45333879670811 ], [ 37.589519278039447, 55.453458081146614 ], [ 37.589400013639235, 55.453499269316488 ], [ 37.589527814525077, 55.453650859841218 ], [ 37.589968179388677, 55.454297434305929 ], [ 37.590080841371886, 55.454448734147775 ], [ 37.590121415169946, 55.45449350178145 ], [ 37.590213688311771, 55.454600147258184 ], [ 37.590424943162688, 55.454627965143793 ], [ 37.591010560054009, 55.454582076484847 ], [ 37.591081845016802, 55.454576762696938 ], [ 37.591126325133281, 55.454573398654809 ], [ 37.591404544866556, 55.454539696012056 ], [ 37.591884135738816, 55.454479572374922 ], [ 37.591970637970455, 55.454468280107186 ], [ 37.591805210968204, 55.453956632749815 ], [ 37.591789813177911, 55.453919616693483 ], [ 37.591728752858863, 55.453688443809163 ], [ 37.591629637356888, 55.453473076967008 ], [ 37.591695410194824, 55.453096382450035 ], [ 37.591637636467098, 55.45299461782313 ], [ 37.591338007974628, 55.45285564556044 ], [ 37.591213959068185, 55.452765700612566 ] ] ] ] } },
{ "type": "Feature", "properties": { "fid": 579, "sqr": 47722, "gsi": 0.0, "merchant": 0, "industrial": 0, "revolutionary": 0, "postwar": 0, "urban": 0, "stagnation": 0, "nineties": 0, "contemporary": 0, "epoque": 0, "far": 0.0, "mean_lvl": 0.0, "single": 0, "multiple": 0, "dormi": 0, "mixed": 0, "commercial": 0, "public": 0, "utility": 0, "tech": 0, "usage": 0, "low": 0, "mid": 0, "high": 0, "sky": 0, "year_formed": 1822, "year_gone": 9999 }, "geometry": { "type": "MultiPolygon", "coordinates": [ [ [ [ 37.596179352343739, 55.455398360150539 ], [ 37.596183653319024, 55.455406369902661 ], [ 37.596182430479253, 55.455447490654279 ], [ 37.59616624091111, 55.455474193020827 ], [ 37.596155267995876, 55.455555033735891 ], [ 37.596211804735823, 55.455673689516267 ], [ 37.596322133913837, 55.455761697634607 ], [ 37.596432526150139, 55.455831769274162 ], [ 37.596913584003239, 55.455797144809921 ], [ 37.597723436087904, 55.455736676553748 ], [ 37.597982126579979, 55.455891653976778 ], [ 37.59818046574231, 55.456245512607119 ], [ 37.598550106044286, 55.456550547350886 ], [ 37.59884138941279, 55.456933846106836 ], [ 37.598900341110351, 55.457035724423591 ], [ 37.598940534650325, 55.45707312058461 ], [ 37.600791254510632, 55.456579234861302 ], [ 37.601370149560253, 55.456677881317091 ], [ 37.601814447711838, 55.456222862613856 ], [ 37.602082985823557, 55.456091824912235 ], [ 37.602003467849435, 55.456069250927555 ], [ 37.601919671892581, 55.4559977903114 ], [ 37.601917544070524, 55.455870460396028 ], [ 37.602010253527347, 55.455678377579382 ], [ 37.601985745343249, 55.455427235606805 ], [ 37.601956681873403, 55.455337601661476 ], [ 37.601820438103587, 55.455261550830997 ], [ 37.601622757666107, 55.455210807356764 ], [ 37.601164405653755, 55.455142819275252 ], [ 37.600875039114328, 55.45509838327132 ], [ 37.600609838432604, 55.455097342519196 ], [ 37.600224172035638, 55.455122993943533 ], [ 37.600034639775131, 55.455128368588475 ], [ 37.599584940208203, 55.455140876937961 ], [ 37.599155816135642, 55.455151423462432 ], [ 37.598457344427267, 55.455192848147007 ], [ 37.598236451105684, 55.455218829780151 ], [ 37.597662647327077, 55.455276089608347 ], [ 37.596792743030655, 55.45534435272625 ], [ 37.596202702175191, 55.455396159727663 ], [ 37.596179352343739, 55.455398360150539 ] ] ] ] } },
{ "type": "Feature", "properties": { "fid": 580, "sqr": 403461, "gsi": 0.0, "merchant": 0, "industrial": 0, "revolutionary": 0, "postwar": 0, "urban": 0, "stagnation": 0, "nineties": 0, "contemporary": 0, "epoque": 0, "far": 0.0, "mean_lvl": 0.0, "single": 0, "multiple": 0, "dormi": 0, "mixed": 0, "commercial": 0, "public": 0, "utility": 0, "tech": 0, "usage": 0, "low": 0, "mid": 0, "high": 0, "sky": 0, "year_formed": 1940, "year_gone": 9999 }, "geometry": { "type": "MultiPolygon", "coordinates": [ [ [ [ 37.505658541588254, 55.424946311284366 ], [ 37.505916579184593, 55.424983448878287 ], [ 37.50619007307926, 55.425022857810305 ], [ 37.506981032264953, 55.425438715353444 ], [ 37.507548762388389, 55.425827161794153 ], [ 37.507802138647051, 55.426403266171192 ], [ 37.508809208084593, 55.426790236977261 ], [ 37.512088133387138, 55.428885625340996 ], [ 37.512240089005907, 55.429005033153715 ], [ 37.512335444634942, 55.428893320207536 ], [ 37.512464942607835, 55.428741276982812 ], [ 37.512788938432287, 55.428417482530129 ], [ 37.513105884616891, 55.428100733198093 ], [ 37.513131834689268, 55.428031442300082 ], [ 37.513161902306848, 55.427951517414371 ], [ 37.513471735230659, 55.427641787064104 ], [ 37.513791640977715, 55.427322181868021 ], [ 37.514120757502837, 55.426993165942427 ], [ 37.51448519615046, 55.426634040118984 ], [ 37.515246355051595, 55.425943063273159 ], [ 37.515458071985456, 55.425941667346251 ], [ 37.515264251121245, 55.425801951216179 ], [ 37.515653730223654, 55.425379332877021 ], [ 37.517213340764052, 55.423730044215347 ], [ 37.517784666066014, 55.423209448626231 ], [ 37.51787519401104, 55.423117168987247 ], [ 37.517757894066463, 55.42271031941398 ], [ 37.517660451920094, 55.422568085389443 ], [ 37.516499414458863, 55.422211642732876 ], [ 37.509918351022705, 55.420195586906026 ], [ 37.509180155606806, 55.420989965110024 ], [ 37.509101195641051, 55.421075222044301 ], [ 37.508684011567084, 55.421526505671409 ], [ 37.507147145278765, 55.423189172352672 ], [ 37.506775732898376, 55.423592577954338 ], [ 37.506497089813372, 55.42389751625408 ], [ 37.505997792751891, 55.424442668224891 ], [ 37.505889543159178, 55.424569846976915 ], [ 37.505808557200119, 55.424681844913266 ], [ 37.505745001528382, 55.42477146743424 ], [ 37.505685469604671, 55.424886725563873 ], [ 37.505658541588254, 55.424946311284366 ] ] ] ] } },
{ "type": "Feature", "properties": { "fid": 581, "sqr": 48516, "gsi": 0.0, "merchant": 0, "industrial": 0, "revolutionary": 0, "postwar": 0, "urban": 0, "stagnation": 0, "nineties": 0, "contemporary": 0, "epoque": 0, "far": 0.0, "mean_lvl": 0.0, "single": 0, "multiple": 0, "dormi": 0, "mixed": 0, "commercial": 0, "public": 0, "utility": 0, "tech": 0, "usage": 0, "low": 0, "mid": 0, "high": 0, "sky": 0, "year_formed": 1781, "year_gone": 9999 }, "geometry": { "type": "MultiPolygon", "coordinates": [ [ [ [ 37.513270126419187, 55.435450244424473 ], [ 37.513053380230971, 55.435426001213486 ], [ 37.512400801569861, 55.435449450055998 ], [ 37.511844724826929, 55.435534663987688 ], [ 37.511527007436115, 55.435630277547517 ], [ 37.511443700193432, 55.43558770377264 ], [ 37.511320837800589, 55.435594013487275 ], [ 37.51116605241031, 55.435641455741766 ], [ 37.510912969464698, 55.435656518830271 ], [ 37.510698188869178, 55.435614297003241 ], [ 37.510340770275931, 55.435467625209967 ], [ 37.510015734878927, 55.435401068007785 ], [ 37.509768920755562, 55.435350562023821 ], [ 37.509473697039624, 55.43523696501515 ], [ 37.509383810096203, 55.435168636615884 ], [ 37.509221321901741, 55.435226544177951 ], [ 37.508720841348065, 55.435315554820633 ], [ 37.508317713436448, 55.435384278916743 ], [ 37.50774716070773, 55.435478940171841 ], [ 37.507398796544301, 55.435557331794399 ], [ 37.507118612956972, 55.435668773925798 ], [ 37.506996696703069, 55.435735758908159 ], [ 37.506824375608488, 55.435882415333047 ], [ 37.506744423951488, 55.435933093402888 ], [ 37.506663130938215, 55.435984642023712 ], [ 37.505498150441596, 55.436135001576417 ], [ 37.504529948506352, 55.436358270945043 ], [ 37.503874199089488, 55.436426050978049 ], [ 37.503605143764268, 55.437085325217303 ], [ 37.503412209515837, 55.437207098109148 ], [ 37.503322749947117, 55.437259439296348 ], [ 37.503022548844832, 55.437404575561914 ], [ 37.502915501581114, 55.437515284733749 ], [ 37.502176668496872, 55.437454998021934 ], [ 37.501075212321865, 55.437547570945981 ], [ 37.501083895009579, 55.437831291291211 ], [ 37.500870758126958, 55.438059297869117 ], [ 37.501215221841768, 55.4385214137126 ], [ 37.501384334347065, 55.438697304115983 ], [ 37.50159921806479, 55.438364611436228 ], [ 37.501890040081939, 55.438019569045935 ], [ 37.502443121533418, 55.437710916152035 ], [ 37.502989984030215, 55.437582494601763 ], [ 37.503288624160355, 55.437674976095614 ], [ 37.503466691224077, 55.437674976085475 ], [ 37.50374321197166, 55.437643597201891 ], [ 37.503932372727107, 55.437568079908722 ], [ 37.503943249891172, 55.437515718233122 ], [ 37.503894887513034, 55.437439012964496 ], [ 37.504047239782899, 55.437271993605677 ], [ 37.504524249858854, 55.437054467479875 ], [ 37.504871480069937, 55.437080334172627 ], [ 37.505212189002876, 55.437044426354099 ], [ 37.505593378051678, 55.43689863218146 ], [ 37.506001974820649, 55.436742176196688 ], [ 37.506484813336911, 55.436586440954876 ], [ 37.50675200742829, 55.436420149579099 ], [ 37.506990364878902, 55.436322740709343 ], [ 37.507255702995643, 55.436307176507214 ], [ 37.507912437476435, 55.4362248983646 ], [ 37.508044523521441, 55.436208841269732 ], [ 37.508135894604351, 55.436213584057995 ], [ 37.508410604744114, 55.436167751965847 ], [ 37.508600064389405, 55.436127468814043 ], [ 37.508843894409885, 55.436003879579062 ], [ 37.509023924509769, 55.435978441964778 ], [ 37.509239491055546, 55.436024276049544 ], [ 37.509569520742922, 55.43602427604992 ], [ 37.50980132138411, 55.435967941626352 ], [ 37.510845870670963, 55.435829614900634 ], [ 37.511790953723789, 55.435815131714385 ], [ 37.512089155327757, 55.43573995401087 ], [ 37.512316830556578, 55.43569691485984 ], [ 37.512496605418271, 55.435637834934269 ], [ 37.512875791875551, 55.43566854856541 ], [ 37.513273901501179, 55.435652399018934 ], [ 37.513270126419187, 55.435450244424473 ] ] ] ] } },
{ "type": "Feature", "properties": { "fid": 584, "sqr": 42403, "gsi": 0.0, "merchant": 0, "industrial": 0, "revolutionary": 0, "postwar": 0, "urban": 0, "stagnation": 0, "nineties": 0, "contemporary": 0, "epoque": 0, "far": 0.0, "mean_lvl": 0.0, "single": 0, "multiple": 0, "dormi": 0, "mixed": 0, "commercial": 0, "public": 0, "utility": 0, "tech": 0, "usage": 0, "low": 0, "mid": 0, "high": 0, "sky": 0, "year_formed": 2003, "year_gone": 9999 }, "geometry": { "type": "MultiPolygon", "coordinates": [ [ [ [ 37.563009816356818, 55.447941680563332 ], [ 37.562970686890012, 55.448053014469778 ], [ 37.563017078127857, 55.448329189949334 ], [ 37.563110450852719, 55.448417497099086 ], [ 37.563288142107069, 55.448492979717905 ], [ 37.563926276791911, 55.44866007448968 ], [ 37.564291828248642, 55.448805184913411 ], [ 37.564594771511722, 55.448864693302461 ], [ 37.56519702214095, 55.448921071547581 ], [ 37.565468313909946, 55.44902529022032 ], [ 37.565417835280023, 55.449351472021668 ], [ 37.565871796664865, 55.449421364577546 ], [ 37.56620334053342, 55.448390058064398 ], [ 37.566758601509932, 55.446579265300628 ], [ 37.566801989184214, 55.445960553243403 ], [ 37.566650234071567, 55.44573593156219 ], [ 37.566444445577311, 55.445536148925243 ], [ 37.565646078277723, 55.446487716585132 ], [ 37.564343929131951, 55.447715430300946 ], [ 37.5640092930892, 55.447893565698323 ], [ 37.56352537396306, 55.447955093498742 ], [ 37.563075056926294, 55.447956678362011 ], [ 37.563009816356818, 55.447941680563332 ] ] ] ] } },
{ "type": "Feature", "properties": { "fid": 586, "sqr": 18390, "gsi": 0.0, "merchant": 0, "industrial": 0, "revolutionary": 0, "postwar": 0, "urban": 0, "stagnation": 0, "nineties": 0, "contemporary": 0, "epoque": 0, "far": 0.0, "mean_lvl": 0.0, "single": 0, "multiple": 0, "dormi": 0, "mixed": 0, "commercial": 0, "public": 0, "utility": 0, "tech": 0, "usage": 0, "low": 0, "mid": 0, "high": 0, "sky": 0, "year_formed": 1970, "year_gone": 9999 }, "geometry": { "type": "MultiPolygon", "coordinates": [ [ [ [ 37.561130357951001, 55.41973889846934 ], [ 37.560820432464418, 55.420685267232621 ], [ 37.56069518546223, 55.421282369872856 ], [ 37.560757519821614, 55.421834239225994 ], [ 37.560957315122643, 55.422330314091525 ], [ 37.561598991959272, 55.423351391165475 ], [ 37.562101843252144, 55.423939269499243 ], [ 37.561941752994443, 55.423094445426443 ], [ 37.56191403141424, 55.422943826550352 ], [ 37.561811423439757, 55.422373875963515 ], [ 37.561735023853878, 55.421949273575343 ], [ 37.561681797796126, 55.42165342546997 ], [ 37.561615173737344, 55.42125727773476 ], [ 37.561399733545116, 55.419975736099424 ], [ 37.561309882284597, 55.419888380543576 ], [ 37.561182392839576, 55.419790434865433 ], [ 37.561130357951001, 55.41973889846934 ] ] ] ] } },
{ "type": "Feature", "properties": { "fid": 587, "sqr": 217095, "gsi": 0.0, "merchant": 0, "industrial": 0, "revolutionary": 0, "postwar": 0, "urban": 0, "stagnation": 0, "nineties": 0, "contemporary": 0, "epoque": 0, "far": 0.0, "mean_lvl": 0.0, "single": 0, "multiple": 0, "dormi": 0, "mixed": 0, "commercial": 0, "public": 0, "utility": 0, "tech": 0, "usage": 0, "low": 0, "mid": 0, "high": 0, "sky": 0, "year_formed": 1781, "year_gone": 9999 }, "geometry": { "type": "MultiPolygon", "coordinates": [ [ [ [ 37.554280903223379, 55.409729406079563 ], [ 37.554435024634799, 55.409901801544528 ], [ 37.554988231410015, 55.410859306468772 ], [ 37.55571095439462, 55.41199009444837 ], [ 37.555585687694077, 55.412222233737175 ], [ 37.555927021760169, 55.412752066865671 ], [ 37.556209912170296, 55.413345626418092 ], [ 37.558711935252816, 55.413131616414333 ], [ 37.561008243764249, 55.412837415412504 ], [ 37.561092004186889, 55.412771307491042 ], [ 37.557666848817085, 55.40593385834898 ], [ 37.556175781408733, 55.406225281612116 ], [ 37.555378320056697, 55.406381574050904 ], [ 37.554578727756692, 55.406538372554479 ], [ 37.554297228802916, 55.406593579716265 ], [ 37.554406003000778, 55.406945647779963 ], [ 37.554504540539071, 55.407275571292409 ], [ 37.554530677666691, 55.407363025745198 ], [ 37.554597492344982, 55.40755758498598 ], [ 37.554714732847934, 55.407899092301868 ], [ 37.554796497803345, 55.408162900206086 ], [ 37.554933407376588, 55.40858262045677 ], [ 37.555147729665173, 55.409226314201085 ], [ 37.555058445192515, 55.409264487759501 ], [ 37.554714553430955, 55.409478901771621 ], [ 37.554488793530517, 55.409612692958881 ], [ 37.554299365604344, 55.409725219184466 ], [ 37.554280903223379, 55.409729406079563 ] ], [ [ 37.558038147538426, 55.410177696093506 ], [ 37.557914780520107, 55.410102260861549 ], [ 37.557711536677807, 55.410050360723822 ], [ 37.557417500708794, 55.409956081856613 ], [ 37.557417739851914, 55.409950409426273 ], [ 37.557664716026359, 55.409879804428456 ], [ 37.557856614156528, 55.40994516193652 ], [ 37.558097134597176, 55.40999644182407 ], [ 37.558398094044612, 55.410010583912815 ], [ 37.55847964608423, 55.410172674411399 ], [ 37.558489459867367, 55.410239627374068 ], [ 37.558583884745531, 55.410328969152125 ], [ 37.558617707501135, 55.41043138219468 ], [ 37.558715506396716, 55.410597939101066 ], [ 37.55850898136881, 55.410640433307762 ], [ 37.558312960289193, 55.410631855608109 ], [ 37.558200112152043, 55.410529514541572 ], [ 37.558322636389192, 55.410475482238589 ], [ 37.558322636411361, 55.410464374181288 ], [ 37.558226055480461, 55.410436921021493 ], [ 37.558166763587757, 55.410295701973411 ], [ 37.558038147538426, 55.410177696093506 ] ], [ [ 37.557872244153153, 55.40951730901913 ], [ 37.557697969566362, 55.409418365958437 ], [ 37.557653234184784, 55.409325282640751 ], [ 37.55772249858429, 55.409227086686286 ], [ 37.55773394937831, 55.409077159999669 ], [ 37.557873871429159, 55.408997740417703 ], [ 37.558094260727124, 55.409031732646731 ], [ 37.558094260917557, 55.409126727420855 ], [ 37.558147545441727, 55.409177115948843 ], [ 37.55826596124755, 55.409291448225325 ], [ 37.558265961484757, 55.409410340220035 ], [ 37.55817231678158, 55.409534376052072 ], [ 37.557872244153153, 55.40951730901913 ] ] ] ] } },
{ "type": "Feature", "properties": { "fid": 590, "sqr": 7878, "gsi": 0.0, "merchant": 0, "industrial": 0, "revolutionary": 0, "postwar": 0, "urban": 0, "stagnation": 0, "nineties": 0, "contemporary": 0, "epoque": 0, "far": 0.0, "mean_lvl": 0.0, "single": 0, "multiple": 0, "dormi": 0, "mixed": 0, "commercial": 0, "public": 0, "utility": 0, "tech": 0, "usage": 0, "low": 0, "mid": 0, "high": 0, "sky": 0, "year_formed": 1910, "year_gone": 9999 }, "geometry": { "type": "MultiPolygon", "coordinates": [ [ [ [ 37.566007844702042, 55.433374503168658 ], [ 37.56575207541114, 55.433413648975332 ], [ 37.56567334079535, 55.433450590085151 ], [ 37.565636130545954, 55.433481598679094 ], [ 37.565765777345355, 55.433803030651433 ], [ 37.566145967206587, 55.434605221220231 ], [ 37.566935104096018, 55.436270173288534 ], [ 37.567180680699536, 55.436241862092075 ], [ 37.567284584007481, 55.43623001537874 ], [ 37.566500990816657, 55.434523599937343 ], [ 37.566007844702042, 55.433374503168658 ] ] ] ] } },
{ "type": "Feature", "properties": { "fid": 592, "sqr": 41618, "gsi": 0.0, "merchant": 0, "industrial": 0, "revolutionary": 0, "postwar": 0, "urban": 0, "stagnation": 0, "nineties": 0, "contemporary": 0, "epoque": 0, "far": 0.0, "mean_lvl": 0.0, "single": 0, "multiple": 0, "dormi": 0, "mixed": 0, "commercial": 0, "public": 0, "utility": 0, "tech": 0, "usage": 0, "low": 0, "mid": 0, "high": 0, "sky": 0, "year_formed": 1990, "year_gone": 9999 }, "geometry": { "type": "MultiPolygon", "coordinates": [ [ [ [ 37.539578921516025, 55.427119469498983 ], [ 37.53822018355006, 55.427571026910599 ], [ 37.536670726750401, 55.428085935858164 ], [ 37.536357229344361, 55.428228429526932 ], [ 37.537925371309782, 55.428701268355539 ], [ 37.539670629347214, 55.429227475847355 ], [ 37.539955332926127, 55.42913415983174 ], [ 37.541315648334852, 55.428688280036901 ], [ 37.541992772344784, 55.428466325073693 ], [ 37.541225496697614, 55.427742398744492 ], [ 37.540502825651252, 55.428000779937776 ], [ 37.539594470842154, 55.427132904834359 ], [ 37.539593241644575, 55.427133670674458 ], [ 37.539578921516025, 55.427119469498983 ] ] ] ] } },
{ "type": "Feature", "properties": { "fid": 593, "sqr": 39599, "gsi": 0.0, "merchant": 0, "industrial": 0, "revolutionary": 0, "postwar": 0, "urban": 0, "stagnation": 0, "nineties": 0, "contemporary": 0, "epoque": 0, "far": 0.0, "mean_lvl": 0.0, "single": 0, "multiple": 0, "dormi": 0, "mixed": 0, "commercial": 0, "public": 0, "utility": 0, "tech": 0, "usage": 0, "low": 0, "mid": 0, "high": 0, "sky": 0, "year_formed": 1930, "year_gone": 2001 }, "geometry": { "type": "MultiPolygon", "coordinates": [ [ [ [ 37.538070981410307, 55.427516512781992 ], [ 37.537302759318372, 55.426745175939331 ], [ 37.536350379750793, 55.42590350946125 ], [ 37.536149729531829, 55.425968698058398 ], [ 37.534526901107419, 55.42651920027658 ], [ 37.533624637824609, 55.4274063278299 ], [ 37.534573863335943, 55.427691886522169 ], [ 37.536205052874926, 55.428182575993553 ], [ 37.53658106892, 55.428011666131709 ], [ 37.536985833199978, 55.427877115979712 ], [ 37.538070981410307, 55.427516512781992 ] ] ] ] } },
{ "type": "Feature", "properties": { "fid": 594, "sqr": 39224, "gsi": 0.0, "merchant": 0, "industrial": 0, "revolutionary": 0, "postwar": 0, "urban": 0, "stagnation": 0, "nineties": 0, "contemporary": 0, "epoque": 0, "far": 0.0, "mean_lvl": 0.0, "single": 0, "multiple": 0, "dormi": 0, "mixed": 0, "commercial": 0, "public": 0, "utility": 0, "tech": 0, "usage": 0, "low": 0, "mid": 0, "high": 0, "sky": 0, "year_formed": 1983, "year_gone": 9999 }, "geometry": { "type": "MultiPolygon", "coordinates": [ [ [ [ 37.56009782467703, 55.432715611468161 ], [ 37.560359105248175, 55.43261652635654 ], [ 37.560608534849202, 55.432533024259655 ], [ 37.561098286523922, 55.432276100116198 ], [ 37.561174372071832, 55.432288396811437 ], [ 37.561275477979166, 55.432092173499534 ], [ 37.561300027479987, 55.43204449104757 ], [ 37.558086576226174, 55.431514030987003 ], [ 37.558030096590365, 55.431603898861255 ], [ 37.557103442155416, 55.43206570107958 ], [ 37.556461787595644, 55.432384771204426 ], [ 37.558000267946937, 55.433707675652137 ], [ 37.558081278759737, 55.433777778799495 ], [ 37.56009782467703, 55.432715611468161 ] ] ] ] } },
{ "type": "Feature", "properties": { "fid": 596, "sqr": 78090, "gsi": 0.0, "merchant": 0, "industrial": 0, "revolutionary": 0, "postwar": 0, "urban": 0, "stagnation": 0, "nineties": 0, "contemporary": 0, "epoque": 0, "far": 0.0, "mean_lvl": 0.0, "single": 0, "multiple": 0, "dormi": 0, "mixed": 0, "commercial": 0, "public": 0, "utility": 0, "tech": 0, "usage": 0, "low": 0, "mid": 0, "high": 0, "sky": 0, "year_formed": 1906, "year_gone": 9999 }, "geometry": { "type": "MultiPolygon", "coordinates": [ [ [ [ 37.561197486627407, 55.451456769554284 ], [ 37.561230437447897, 55.451858098645367 ], [ 37.561118024712961, 55.45226077259187 ], [ 37.561135613720616, 55.452368781457231 ], [ 37.561292326964313, 55.45248523044696 ], [ 37.561631624116067, 55.452686632281797 ], [ 37.56169246544804, 55.452958288634903 ], [ 37.561766251089836, 55.453698629781961 ], [ 37.561836393774364, 55.453995052265505 ], [ 37.562210420545377, 55.454311874323722 ], [ 37.562252638828127, 55.454491821399643 ], [ 37.562218495240799, 55.454665281013007 ], [ 37.562122092406597, 55.454868899076835 ], [ 37.562004685238357, 55.455415798047198 ], [ 37.561981360783776, 55.455446376177207 ], [ 37.563268826338046, 55.455400513485117 ], [ 37.563587910932831, 55.455313188879785 ], [ 37.563692909458865, 55.455203997433877 ], [ 37.564003027692785, 55.454380979152191 ], [ 37.564195964622186, 55.454347389091048 ], [ 37.564350440344462, 55.454274391466789 ], [ 37.564423447457848, 55.454123117655172 ], [ 37.564837672939333, 55.45282964408748 ], [ 37.564874299404579, 55.452698957121072 ], [ 37.564785992270579, 55.452651187620447 ], [ 37.564602902450979, 55.452623687900619 ], [ 37.564581409408611, 55.452535288424023 ], [ 37.564796453223984, 55.451956225291141 ], [ 37.564885418500324, 55.451837605352353 ], [ 37.562317365256717, 55.451075919986941 ], [ 37.561657125307065, 55.451162982573777 ], [ 37.561565431772202, 55.451234432122767 ], [ 37.561425424607791, 55.451284513582252 ], [ 37.561197486627407, 55.451456769554284 ] ] ] ] } },
{ "type": "Feature", "properties": { "fid": 597, "sqr": 188893, "gsi": 0.0, "merchant": 0, "industrial": 0, "revolutionary": 0, "postwar": 0, "urban": 0, "stagnation": 0, "nineties": 0, "contemporary": 0, "epoque": 0, "far": 0.0, "mean_lvl": 0.0, "single": 0, "multiple": 0, "dormi": 0, "mixed": 0, "commercial": 0, "public": 0, "utility": 0, "tech": 0, "usage": 0, "low": 0, "mid": 0, "high": 0, "sky": 0, "year_formed": 1964, "year_gone": 9999 }, "geometry": { "type": "MultiPolygon", "coordinates": [ [ [ [ 37.547442371579663, 55.453263277508832 ], [ 37.547444177336992, 55.453368500886569 ], [ 37.549380235074629, 55.453361703912613 ], [ 37.550189239063265, 55.454278336806368 ], [ 37.55174745036566, 55.453375135892891 ], [ 37.551949333999524, 55.453306329853824 ], [ 37.551950871580409, 55.45283602051591 ], [ 37.552152330334089, 55.452417825861339 ], [ 37.552288198977287, 55.452082337931429 ], [ 37.552400902403214, 55.45198128106702 ], [ 37.552463629200389, 55.451964996259093 ], [ 37.55237440983155, 55.451795603154928 ], [ 37.552246766711647, 55.451351329164012 ], [ 37.552185293152618, 55.450634989928055 ], [ 37.552044910696637, 55.450638066893148 ], [ 37.551961192123358, 55.450680676336056 ], [ 37.549221564900684, 55.450739822724032 ], [ 37.549044378781545, 55.450739988113142 ], [ 37.546817968156283, 55.450732198451703 ], [ 37.542352756820584, 55.450716894820296 ], [ 37.542352310753067, 55.450870679210681 ], [ 37.541759463596044, 55.450862842150691 ], [ 37.541749043871008, 55.450870554395422 ], [ 37.541741885850087, 55.451142756679488 ], [ 37.541979207858752, 55.451259683137998 ], [ 37.542387145731027, 55.451309221490639 ], [ 37.542359776899723, 55.453301770224833 ], [ 37.547442371579663, 55.453263277508832 ] ] ] ] } },
{ "type": "Feature", "properties": { "fid": 598, "sqr": 345915, "gsi": 0.0, "merchant": 0, "industrial": 0, "revolutionary": 0, "postwar": 0, "urban": 0, "stagnation": 0, "nineties": 0, "contemporary": 0, "epoque": 0, "far": 0.0, "mean_lvl": 0.0, "single": 0, "multiple": 0, "dormi": 0, "mixed": 0, "commercial": 0, "public": 0, "utility": 0, "tech": 0, "usage": 0, "low": 0, "mid": 0, "high": 0, "sky": 0, "year_formed": 1927, "year_gone": 9999 }, "geometry": { "type": "MultiPolygon", "coordinates": [ [ [ [ 37.576706737085985, 55.457262302001745 ], [ 37.576699750051056, 55.458225052896879 ], [ 37.576665225030325, 55.458574425072911 ], [ 37.576501589096026, 55.46010085591606 ], [ 37.576486627538401, 55.460377606112466 ], [ 37.576526832945838, 55.460481588350952 ], [ 37.576538390837683, 55.460511664978924 ], [ 37.576492221362045, 55.460753785484968 ], [ 37.576531919930645, 55.460818602504496 ], [ 37.576577211406907, 55.460850314486493 ], [ 37.576996222593131, 55.461086562083537 ], [ 37.577561012059029, 55.461436735245712 ], [ 37.577954293603732, 55.461736854821922 ], [ 37.578267338618474, 55.462025560285191 ], [ 37.578691876806566, 55.462259550537262 ], [ 37.578420303890695, 55.462681549715818 ], [ 37.579285549493413, 55.46273687517327 ], [ 37.580812941190722, 55.462419850593591 ], [ 37.582401544065938, 55.46208381731563 ], [ 37.582536114705867, 55.462045865057064 ], [ 37.582600104454286, 55.461924888138128 ], [ 37.583171937703803, 55.461854668647653 ], [ 37.583313055676832, 55.46176853269538 ], [ 37.582785127218848, 55.461569267308057 ], [ 37.582934665302176, 55.461281918581669 ], [ 37.584771643900162, 55.459927636049358 ], [ 37.584465243184766, 55.459632170354354 ], [ 37.584841156942097, 55.4591000150496 ], [ 37.585594580784814, 55.458660664688196 ], [ 37.585966349240636, 55.458596608158253 ], [ 37.58724505368437, 55.458614845008398 ], [ 37.588974530595472, 55.45873627800588 ], [ 37.589587558807928, 55.458594180769751 ], [ 37.588559488438456, 55.458002899466358 ], [ 37.588497772623654, 55.457525659458028 ], [ 37.589027098618949, 55.457289114249221 ], [ 37.58918454982566, 55.457189146896432 ], [ 37.590126787183436, 55.456801279938105 ], [ 37.590855494948464, 55.456552739293429 ], [ 37.590743340506364, 55.456535016974897 ], [ 37.590577183274064, 55.456216376122583 ], [ 37.590464176035731, 55.455945715838233 ], [ 37.588483233158982, 55.456136190481651 ], [ 37.588350899080723, 55.456149003462862 ], [ 37.58765649534125, 55.456214369704092 ], [ 37.587197333332668, 55.456253997383321 ], [ 37.586790988139661, 55.456297352827107 ], [ 37.586684237561037, 55.456308690075119 ], [ 37.585505943061385, 55.456428734826332 ], [ 37.585059455405933, 55.456493287251917 ], [ 37.58401591529509, 55.456627176939115 ], [ 37.583206879973382, 55.456755123898553 ], [ 37.581786046442829, 55.457002464550975 ], [ 37.5809094207928, 55.457137792020177 ], [ 37.58078826541955, 55.457157263420982 ], [ 37.580579021800396, 55.457196534945361 ], [ 37.580127706946683, 55.457235894990887 ], [ 37.579762478411965, 55.457255954696876 ], [ 37.578656306721165, 55.457276161948776 ], [ 37.577836980154963, 55.457251843366798 ], [ 37.576706737085985, 55.457262302001745 ] ], [ [ 37.583668839584874, 55.457865371312757 ], [ 37.584022408154141, 55.457946710916517 ], [ 37.584305678328434, 55.458112447957298 ], [ 37.584334568748581, 55.458298102061342 ], [ 37.584009391197654, 55.458656900689917 ], [ 37.583428249299843, 55.458782002141483 ], [ 37.583071822454819, 55.458655445631365 ], [ 37.583119894567254, 55.458475854591292 ], [ 37.583481894111664, 55.457931614090292 ], [ 37.583668839584874, 55.457865371312757 ] ], [ [ 37.581290494933164, 55.458826821537443 ], [ 37.581451625448892, 55.45868976170398 ], [ 37.581783757801183, 55.458665388629541 ], [ 37.581960929602978, 55.458792708008332 ], [ 37.581877544618386, 55.458921083174673 ], [ 37.581635442185132, 55.458986722728802 ], [ 37.581421120403832, 55.458954817213503 ], [ 37.581290494933164, 55.458826821537443 ] ] ] ] } },
{ "type": "Feature", "properties": { "fid": 599, "sqr": 284727, "gsi": 0.0, "merchant": 0, "industrial": 0, "revolutionary": 0, "postwar": 0, "urban": 0, "stagnation": 0, "nineties": 0, "contemporary": 0, "epoque": 0, "far": 0.0, "mean_lvl": 0.0, "single": 0, "multiple": 0, "dormi": 0, "mixed": 0, "commercial": 0, "public": 0, "utility": 0, "tech": 0, "usage": 0, "low": 0, "mid": 0, "high": 0, "sky": 0, "year_formed": 1949, "year_gone": 9999 }, "geometry": { "type": "MultiPolygon", "coordinates": [ [ [ [ 37.56187778770839, 55.464708862019776 ], [ 37.562021672189537, 55.464582276218557 ], [ 37.562645586811321, 55.464198211565424 ], [ 37.56316451672609, 55.464006244725944 ], [ 37.563696565607657, 55.463898978481353 ], [ 37.565066321453102, 55.463655510790588 ], [ 37.565735457428104, 55.463512110409674 ], [ 37.566075633311897, 55.463405336456972 ], [ 37.566250828261602, 55.463286351921852 ], [ 37.567743664077184, 55.461759159163684 ], [ 37.568331312200868, 55.461276427167206 ], [ 37.568748432000355, 55.461038858404557 ], [ 37.56929583446972, 55.460774716755779 ], [ 37.569436962388018, 55.460710699020112 ], [ 37.569645265786725, 55.460567395555458 ], [ 37.569704740604486, 55.460500187298472 ], [ 37.569767316488665, 55.460416721771537 ], [ 37.570754787732461, 55.457561118209902 ], [ 37.570771956849072, 55.457255995760164 ], [ 37.570678707036457, 55.457147426112719 ], [ 37.570490170743767, 55.457082177035801 ], [ 37.570038736822376, 55.456983546876053 ], [ 37.569500548549826, 55.456830367096138 ], [ 37.569374769158351, 55.456797192261654 ], [ 37.567765300573896, 55.456267339112081 ], [ 37.566132250628165, 55.455811026403403 ], [ 37.565351088206675, 55.45550942530091 ], [ 37.564644164318985, 55.457446081978716 ], [ 37.563190286197511, 55.461617941522995 ], [ 37.562068368019304, 55.464426604624954 ], [ 37.561941293932094, 55.464587565536249 ], [ 37.56187778770839, 55.464708862019776 ] ] ] ] } },
{ "type": "Feature", "properties": { "fid": 600, "sqr": 18562, "gsi": 0.0, "merchant": 0, "industrial": 0, "revolutionary": 0, "postwar": 0, "urban": 0, "stagnation": 0, "nineties": 0, "contemporary": 0, "epoque": 0, "far": 0.0, "mean_lvl": 0.0, "single": 0, "multiple": 0, "dormi": 0, "mixed": 0, "commercial": 0, "public": 0, "utility": 0, "tech": 0, "usage": 0, "low": 0, "mid": 0, "high": 0, "sky": 0, "year_formed": 1971, "year_gone": 9999 }, "geometry": { "type": "MultiPolygon", "coordinates": [ [ [ [ 37.566664839028725, 55.44500388928283 ], [ 37.567115476480019, 55.445078298952382 ], [ 37.567154776832609, 55.445045754141546 ], [ 37.567242586592897, 55.444845943962008 ], [ 37.567137331270651, 55.444825951262452 ], [ 37.567366734512014, 55.444333137660308 ], [ 37.567524211843207, 55.443614828178852 ], [ 37.567828005443985, 55.442484648461139 ], [ 37.56784312889981, 55.442330155118164 ], [ 37.568001007797868, 55.441070741245106 ], [ 37.568012921575828, 55.440486728086384 ], [ 37.567946486222645, 55.440378015313868 ], [ 37.567894149921997, 55.439602225292035 ], [ 37.567832857505138, 55.438867696974668 ], [ 37.567587068670058, 55.437401222673678 ], [ 37.567137031098852, 55.436337886292137 ], [ 37.567081714987665, 55.436343753778822 ], [ 37.566976072383326, 55.436356605889621 ], [ 37.567418120690718, 55.437289190174248 ], [ 37.567326334121908, 55.437549574520517 ], [ 37.56656439986412, 55.438347572309979 ], [ 37.566482315745404, 55.438435229585551 ], [ 37.566637135592337, 55.438486636276131 ], [ 37.56730715467171, 55.4386970511786 ], [ 37.567471581254111, 55.43879582881123 ], [ 37.567489841482967, 55.439304830199532 ], [ 37.567608289966408, 55.439602499207076 ], [ 37.567627361619444, 55.440014488249311 ], [ 37.567734672196757, 55.440118862730067 ], [ 37.567656258215635, 55.441397679232558 ], [ 37.567567401755454, 55.442431115170919 ], [ 37.567707255132412, 55.442529726910806 ], [ 37.567187353838072, 55.444520636049106 ], [ 37.566904609121892, 55.444820335700072 ], [ 37.566664839028725, 55.44500388928283 ] ] ] ] } },
{ "type": "Feature", "properties": { "fid": 601, "sqr": 417928, "gsi": 0.0, "merchant": 0, "industrial": 0, "revolutionary": 0, "postwar": 0, "urban": 0, "stagnation": 0, "nineties": 0, "contemporary": 0, "epoque": 0, "far": 0.0, "mean_lvl": 0.0, "single": 0, "multiple": 0, "dormi": 0, "mixed": 0, "commercial": 0, "public": 0, "utility": 0, "tech": 0, "usage": 0, "low": 0, "mid": 0, "high": 0, "sky": 0, "year_formed": 1931, "year_gone": 9999 }, "geometry": { "type": "MultiPolygon", "coordinates": [ [ [ [ 37.574103204011145, 55.457192369652397 ], [ 37.573232129339267, 55.457167673207756 ], [ 37.57281788469836, 55.457156938356938 ], [ 37.572677580304116, 55.457150233368878 ], [ 37.572576922698886, 55.457147472924049 ], [ 37.572326390309989, 55.457140723555831 ], [ 37.571687287204163, 55.457106255754553 ], [ 37.571217914250838, 55.457097660959498 ], [ 37.571001610016452, 55.457157874509747 ], [ 37.570930156215439, 55.457255921635934 ], [ 37.570912412288664, 55.457571281739398 ], [ 37.569919283563145, 55.46044327818155 ], [ 37.569848259464784, 55.460538012659718 ], [ 37.569778534296944, 55.460616804408559 ], [ 37.569548437702807, 55.46077510095482 ], [ 37.569396365618346, 55.460844083223861 ], [ 37.568855768089314, 55.461104941572223 ], [ 37.568453287888417, 55.461334172802772 ], [ 37.567878136003998, 55.461806640799757 ], [ 37.56638177182338, 55.463337448043468 ], [ 37.566188204209034, 55.463468910738548 ], [ 37.566046216713566, 55.463571414691742 ], [ 37.565914492621488, 55.463722594917947 ], [ 37.565808056003341, 55.463808824897917 ], [ 37.565790243700278, 55.463818490322893 ], [ 37.566094984276262, 55.463974019515526 ], [ 37.566371819340844, 55.464052535971362 ], [ 37.566946802175977, 55.464076213412909 ], [ 37.568071179217505, 55.464130436413321 ], [ 37.568601249996348, 55.464155936309872 ], [ 37.568841693304741, 55.464213471996352 ], [ 37.569002702162052, 55.464176179808511 ], [ 37.571547095306592, 55.464338390453619 ], [ 37.571835030017084, 55.464372455969617 ], [ 37.573193168904211, 55.464539591573867 ], [ 37.573843514332687, 55.464587421261861 ], [ 37.574643990173321, 55.464594560387873 ], [ 37.576472668074956, 55.464549062929507 ], [ 37.57678208043955, 55.464533443072582 ], [ 37.577451424507039, 55.464501391402969 ], [ 37.577571931127217, 55.46443440198091 ], [ 37.57762931460821, 55.464040754532682 ], [ 37.577711213543324, 55.463850884834748 ], [ 37.57783486375876, 55.463600386676561 ], [ 37.578077797921956, 55.463025478844507 ], [ 37.578167256646481, 55.462964085703163 ], [ 37.578234487056342, 55.462708650754521 ], [ 37.578508123138967, 55.462283449393354 ], [ 37.578143061292565, 55.46208223968258 ], [ 37.577823306312908, 55.461787345142426 ], [ 37.577438987852616, 55.461494064723212 ], [ 37.576882177317032, 55.46114883788924 ], [ 37.57645978850347, 55.460910685484656 ], [ 37.576391679991055, 55.460862997454804 ], [ 37.5763311786176, 55.460764214461953 ], [ 37.576378409153364, 55.460516534968733 ], [ 37.576372367017363, 55.46050081160007 ], [ 37.576327972445618, 55.460385993835992 ], [ 37.576343610913057, 55.460096744032938 ], [ 37.57650737498102, 55.458569174876239 ], [ 37.576541649955232, 55.458222347052043 ], [ 37.57654863030676, 55.457261046854278 ], [ 37.575509611078225, 55.457234565192451 ], [ 37.574991034847734, 55.457217259310021 ], [ 37.574103204011145, 55.457192369652397 ] ] ] ] } },
{ "type": "Feature", "properties": { "fid": 602, "sqr": 161127, "gsi": 0.0, "merchant": 0, "industrial": 0, "revolutionary": 0, "postwar": 0, "urban": 0, "stagnation": 0, "nineties": 0, "contemporary": 0, "epoque": 0, "far": 0.0, "mean_lvl": 0.0, "single": 0, "multiple": 0, "dormi": 0, "mixed": 0, "commercial": 0, "public": 0, "utility": 0, "tech": 0, "usage": 0, "low": 0, "mid": 0, "high": 0, "sky": 0, "year_formed": 1998, "year_gone": 9999 }, "geometry": { "type": "MultiPolygon", "coordinates": [ [ [ [ 37.565868335644083, 55.463573050351457 ], [ 37.565801942640114, 55.463593889581418 ], [ 37.565117878601662, 55.463740489203957 ], [ 37.563746634445657, 55.463984221513563 ], [ 37.563235083345802, 55.464087355264006 ], [ 37.562748413278548, 55.464267388413241 ], [ 37.562147127898406, 55.464637523749658 ], [ 37.561874570713833, 55.464877312192826 ], [ 37.561815825191481, 55.464959592908592 ], [ 37.561759292044279, 55.465098356740853 ], [ 37.5615181877045, 55.465820175820753 ], [ 37.561442318590991, 55.46604608079911 ], [ 37.56142114837477, 55.466102666908405 ], [ 37.561326169491096, 55.466435748565011 ], [ 37.561096748293778, 55.46688042002085 ], [ 37.561578602512213, 55.468548663219124 ], [ 37.561747270886947, 55.469064943759129 ], [ 37.561900545801223, 55.469045379452304 ], [ 37.562007431775811, 55.469026304952692 ], [ 37.562117596275826, 55.468975619721895 ], [ 37.562509230188645, 55.468422934009332 ], [ 37.562999783640187, 55.467791819907688 ], [ 37.56331698011946, 55.467568401725757 ], [ 37.563809716788668, 55.467292534815094 ], [ 37.564742467284177, 55.466996797144098 ], [ 37.564897725971875, 55.46695931371525 ], [ 37.565408031450012, 55.466860354032704 ], [ 37.565825852455049, 55.466828732342599 ], [ 37.566309466073513, 55.466841955353594 ], [ 37.566635919907789, 55.466873041411702 ], [ 37.567519774144763, 55.466922448781034 ], [ 37.567731599734735, 55.4668993322638 ], [ 37.567905520166605, 55.466821948060812 ], [ 37.568153656219259, 55.466567739151465 ], [ 37.568513210602624, 55.466120796163018 ], [ 37.568674138342118, 55.465801275618091 ], [ 37.568681718912401, 55.465377500153991 ], [ 37.568646726952707, 55.464335184431853 ], [ 37.568717481092989, 55.464281241495307 ], [ 37.56856294996004, 55.464244263686581 ], [ 37.568057828426575, 55.464219963954456 ], [ 37.566934397809092, 55.464165786586406 ], [ 37.566329180610708, 55.464140864024316 ], [ 37.566005215638235, 55.464048980467318 ], [ 37.565557556295687, 55.463820509566482 ], [ 37.565687544086529, 55.463749975072759 ], [ 37.565778107458307, 55.463676605044398 ], [ 37.565868335644083, 55.463573050351457 ] ] ] ] } },
{ "type": "Feature", "properties": { "fid": 603, "sqr": 66656, "gsi": 0.0, "merchant": 0, "industrial": 0, "revolutionary": 0, "postwar": 0, "urban": 0, "stagnation": 0, "nineties": 0, "contemporary": 0, "epoque": 0, "far": 0.0, "mean_lvl": 0.0, "single": 0, "multiple": 0, "dormi": 0, "mixed": 0, "commercial": 0, "public": 0, "utility": 0, "tech": 0, "usage": 0, "low": 0, "mid": 0, "high": 0, "sky": 0, "year_formed": 1781, "year_gone": 9999 }, "geometry": { "type": "MultiPolygon", "coordinates": [ [ [ [ 37.575503979058077, 55.447817364561786 ], [ 37.575012336309399, 55.447835261643654 ], [ 37.574865497490734, 55.447748779937164 ], [ 37.574451128625334, 55.447875390069903 ], [ 37.573232914212348, 55.448237526914632 ], [ 37.572375501114543, 55.448515609611135 ], [ 37.572121208277693, 55.448598242518045 ], [ 37.571880238283462, 55.448700430406745 ], [ 37.571751630342469, 55.448753096043426 ], [ 37.571937827008746, 55.448876738127282 ], [ 37.572038817810657, 55.449167400699388 ], [ 37.572061866756478, 55.449360070734734 ], [ 37.572155309697415, 55.449604364688369 ], [ 37.572067735939775, 55.450001355776415 ], [ 37.571990302381842, 55.450356627075031 ], [ 37.572336703863556, 55.450386431241391 ], [ 37.573077407164106, 55.450565191777756 ], [ 37.574100489549956, 55.450277903434305 ], [ 37.575832630745673, 55.450156891495148 ], [ 37.576960400529359, 55.449553778157792 ], [ 37.57680054812829, 55.449491039477529 ], [ 37.576406079336024, 55.44911056202131 ], [ 37.576233202261093, 55.448773207598784 ], [ 37.575988638450596, 55.448387334709473 ], [ 37.575503979058077, 55.447817364561786 ] ] ] ] } },
{ "type": "Feature", "properties": { "fid": 605, "sqr": 221, "gsi": 0.0, "merchant": 0, "industrial": 0, "revolutionary": 0, "postwar": 0, "urban": 0, "stagnation": 0, "nineties": 0, "contemporary": 0, "epoque": 0, "far": 0.0, "mean_lvl": 0.0, "single": 0, "multiple": 0, "dormi": 0, "mixed": 0, "commercial": 0, "public": 0, "utility": 0, "tech": 0, "usage": 0, "low": 0, "mid": 0, "high": 0, "sky": 0, "year_formed": 1781, "year_gone": 9999 }, "geometry": { "type": "MultiPolygon", "coordinates": [ [ [ [ 37.578849228746783, 55.4466298260648 ], [ 37.579144039719353, 55.446643028948884 ], [ 37.579187258728062, 55.446593504008312 ], [ 37.579380440673177, 55.446531272955156 ], [ 37.579422394884965, 55.446470417393883 ], [ 37.57944545326778, 55.446454711453484 ], [ 37.578849228746783, 55.4466298260648 ] ] ] ] } },
{ "type": "Feature", "properties": { "fid": 606, "sqr": 69872, "gsi": 0.0, "merchant": 0, "industrial": 0, "revolutionary": 0, "postwar": 0, "urban": 0, "stagnation": 0, "nineties": 0, "contemporary": 0, "epoque": 0, "far": 0.0, "mean_lvl": 0.0, "single": 0, "multiple": 0, "dormi": 0, "mixed": 0, "commercial": 0, "public": 0, "utility": 0, "tech": 0, "usage": 0, "low": 0, "mid": 0, "high": 0, "sky": 0, "year_formed": 2000, "year_gone": 9999 }, "geometry": { "type": "MultiPolygon", "coordinates": [ [ [ [ 37.557223632774694, 55.457663213334399 ], [ 37.558459494998722, 55.459226411795278 ], [ 37.558609905474846, 55.459485372385188 ], [ 37.558709005465488, 55.45969695924272 ], [ 37.558770897532661, 55.45968297052783 ], [ 37.558996522653068, 55.459658570761484 ], [ 37.559113597083957, 55.459618500430075 ], [ 37.559186463189448, 55.459533091286247 ], [ 37.56021378711722, 55.45573309242053 ], [ 37.559896080110313, 55.455630672901265 ], [ 37.559780390670447, 55.455411189516546 ], [ 37.559331404178884, 55.455290909364429 ], [ 37.558340427700927, 55.455525763118352 ], [ 37.557409406592228, 55.455746010089833 ], [ 37.556218359059578, 55.456015330434553 ], [ 37.555944563390881, 55.456081859614414 ], [ 37.557181570621019, 55.457610008028304 ], [ 37.557223632774694, 55.457663213334399 ] ] ] ] } },
{ "type": "Feature", "properties": { "fid": 610, "sqr": 33721, "gsi": 0.0, "merchant": 0, "industrial": 0, "revolutionary": 0, "postwar": 0, "urban": 0, "stagnation": 0, "nineties": 0, "contemporary": 0, "epoque": 0, "far": 0.0, "mean_lvl": 0.0, "single": 0, "multiple": 0, "dormi": 0, "mixed": 0, "commercial": 0, "public": 0, "utility": 0, "tech": 0, "usage": 0, "low": 0, "mid": 0, "high": 0, "sky": 0, "year_formed": 2000, "year_gone": 9999 }, "geometry": { "type": "MultiPolygon", "coordinates": [ [ [ [ 37.596184364863078, 55.452258047216567 ], [ 37.595788236642051, 55.451921176209147 ], [ 37.595539233300606, 55.451631514517558 ], [ 37.595343214418563, 55.451398071614037 ], [ 37.595290000628665, 55.451032158885006 ], [ 37.595531216030871, 55.450664969850443 ], [ 37.595525389354634, 55.450360932224569 ], [ 37.595076713718093, 55.450086650359196 ], [ 37.594349191050796, 55.450001403114484 ], [ 37.593641931159148, 55.45004899189091 ], [ 37.593040456246335, 55.450370231739711 ], [ 37.593195972286445, 55.450919921084981 ], [ 37.593101527311944, 55.450984004723104 ], [ 37.593067876732462, 55.451045952587215 ], [ 37.593035649942486, 55.451139970891184 ], [ 37.593044745417401, 55.451205319807606 ], [ 37.594485916401062, 55.452204931538304 ], [ 37.594542110631444, 55.452198509319778 ], [ 37.594717012655515, 55.452278489631681 ], [ 37.594817242980731, 55.452349708827406 ], [ 37.594893730805211, 55.452451271899797 ], [ 37.595052674454607, 55.452435067346535 ], [ 37.595335550378813, 55.452471689694363 ], [ 37.595554050560281, 55.452494579232571 ], [ 37.595689219023591, 55.452511871388957 ], [ 37.595744233842453, 55.452506221219615 ], [ 37.596010352672884, 55.452372744158936 ], [ 37.596184364863078, 55.452258047216567 ] ] ] ] } },
{ "type": "Feature", "properties": { "fid": 611, "sqr": 7323, "gsi": 0.0, "merchant": 0, "industrial": 0, "revolutionary": 0, "postwar": 0, "urban": 0, "stagnation": 0, "nineties": 0, "contemporary": 0, "epoque": 0, "far": 0.0, "mean_lvl": 0.0, "single": 0, "multiple": 0, "dormi": 0, "mixed": 0, "commercial": 0, "public": 0, "utility": 0, "tech": 0, "usage": 0, "low": 0, "mid": 0, "high": 0, "sky": 0, "year_formed": 1781, "year_gone": 9999 }, "geometry": { "type": "MultiPolygon", "coordinates": [ [ [ [ 37.580946805263487, 55.445812405441728 ], [ 37.580845995980951, 55.445703668561826 ], [ 37.580488743452257, 55.445666578586319 ], [ 37.5795373060567, 55.44603056718389 ], [ 37.579304280198016, 55.445988667028203 ], [ 37.57888382216089, 55.446133202282724 ], [ 37.578309585461959, 55.446345612462103 ], [ 37.57802058891928, 55.446502549797096 ], [ 37.577843046251104, 55.446619489285084 ], [ 37.577804051605511, 55.446812699590737 ], [ 37.578638486162063, 55.446590587071867 ], [ 37.579467785482002, 55.446347017378478 ], [ 37.580216321406674, 55.446170897196446 ], [ 37.580537770110773, 55.446048458874415 ], [ 37.580923964666731, 55.445820708373489 ], [ 37.580946805263487, 55.445812405441728 ] ] ] ] } },
{ "type": "Feature", "properties": { "fid": 612, "sqr": 81891, "gsi": 0.0, "merchant": 0, "industrial": 0, "revolutionary": 0, "postwar": 0, "urban": 0, "stagnation": 0, "nineties": 0, "contemporary": 0, "epoque": 0, "far": 0.0, "mean_lvl": 0.0, "single": 0, "multiple": 0, "dormi": 0, "mixed": 0, "commercial": 0, "public": 0, "utility": 0, "tech": 0, "usage": 0, "low": 0, "mid": 0, "high": 0, "sky": 0, "year_formed": 1989, "year_gone": 9999 }, "geometry": { "type": "MultiPolygon", "coordinates": [ [ [ [ 37.561473402290751, 55.468719037400987 ], [ 37.561438244883981, 55.468769981884186 ], [ 37.561102950527847, 55.469196726897735 ], [ 37.560577835142873, 55.469917564717591 ], [ 37.559482012935781, 55.471195761394334 ], [ 37.558681762089904, 55.471974373532746 ], [ 37.55828934966641, 55.47262494038258 ], [ 37.558041124937652, 55.473019482087537 ], [ 37.558032805595424, 55.473133945640896 ], [ 37.558733608763006, 55.473160084695451 ], [ 37.560197515785774, 55.473221597589244 ], [ 37.560858322957117, 55.473249185360601 ], [ 37.561583712302415, 55.473276588729377 ], [ 37.562462204722614, 55.47331440029857 ], [ 37.562934835379075, 55.473350083675726 ], [ 37.562970786239404, 55.473350136752615 ], [ 37.562361022828135, 55.471375581052179 ], [ 37.562130294166529, 55.470646161754487 ], [ 37.562129954857824, 55.470646157768634 ], [ 37.561913553396423, 55.469941265080244 ], [ 37.561606944791379, 55.469127803295613 ], [ 37.561473402290751, 55.468719037400987 ] ] ] ] } },
{ "type": "Feature", "properties": { "fid": 614, "sqr": 31028, "gsi": 0.0, "merchant": 0, "industrial": 0, "revolutionary": 0, "postwar": 0, "urban": 0, "stagnation": 0, "nineties": 0, "contemporary": 0, "epoque": 0, "far": 0.0, "mean_lvl": 0.0, "single": 0, "multiple": 0, "dormi": 0, "mixed": 0, "commercial": 0, "public": 0, "utility": 0, "tech": 0, "usage": 0, "low": 0, "mid": 0, "high": 0, "sky": 0, "year_formed": 1900, "year_gone": 9999 }, "geometry": { "type": "MultiPolygon", "coordinates": [ [ [ [ 37.575641058728372, 55.447772097543044 ], [ 37.576134561485659, 55.448352465246636 ], [ 37.5763835976867, 55.44874539235466 ], [ 37.57655232059814, 55.449074637934544 ], [ 37.576919051777828, 55.44942836049308 ], [ 37.577096909359916, 55.449498165654624 ], [ 37.577577936923518, 55.449397040477066 ], [ 37.578106992253268, 55.449199573988373 ], [ 37.578297322821832, 55.449191432092348 ], [ 37.57857585246245, 55.449137447401327 ], [ 37.578827801796123, 55.449102184923447 ], [ 37.578954881877713, 55.44909806885866 ], [ 37.578931837998908, 55.449080933023538 ], [ 37.578874360611728, 55.448892775753542 ], [ 37.578639193592146, 55.448077258839298 ], [ 37.578598966903812, 55.448003801168504 ], [ 37.578494821913353, 55.447950365958562 ], [ 37.578209960461656, 55.447560196149283 ], [ 37.578119098617066, 55.447510141861066 ], [ 37.577538649892837, 55.44743974204308 ], [ 37.576201487571453, 55.447668493226601 ], [ 37.575780644893946, 55.447630042591385 ], [ 37.575641058728372, 55.447772097543044 ] ] ] ] } },
{ "type": "Feature", "properties": { "fid": 615, "sqr": 11501, "gsi": 0.0, "merchant": 0, "industrial": 0, "revolutionary": 0, "postwar": 0, "urban": 0, "stagnation": 0, "nineties": 0, "contemporary": 0, "epoque": 0, "far": 0.0, "mean_lvl": 0.0, "single": 0, "multiple": 0, "dormi": 0, "mixed": 0, "commercial": 0, "public": 0, "utility": 0, "tech": 0, "usage": 0, "low": 0, "mid": 0, "high": 0, "sky": 0, "year_formed": 1900, "year_gone": 9999 }, "geometry": { "type": "MultiPolygon", "coordinates": [ [ [ [ 37.578577018857665, 55.447828532776789 ], [ 37.578572795408036, 55.4477750691861 ], [ 37.578583367236476, 55.447614245271026 ], [ 37.578456700073488, 55.447256641990293 ], [ 37.57847883093342, 55.447141491687589 ], [ 37.578554056665425, 55.447077472857927 ], [ 37.578733273222035, 55.447021790830696 ], [ 37.579129457639027, 55.446860438597412 ], [ 37.57917253062179, 55.44680152366243 ], [ 37.579164940194019, 55.446746000281394 ], [ 37.579148699059935, 55.446733364729461 ], [ 37.578796061357188, 55.44671757208053 ], [ 37.578671653552888, 55.446680971469377 ], [ 37.577733421815736, 55.446930712207049 ], [ 37.576946698028713, 55.447009374463853 ], [ 37.576238109329829, 55.447066484379597 ], [ 37.575543459060626, 55.447416034234514 ], [ 37.575184487851296, 55.447683408924917 ], [ 37.57502411364775, 55.44769537883603 ], [ 37.575005607733722, 55.447701914097102 ], [ 37.575075263616341, 55.447742938347503 ], [ 37.575503986538557, 55.447727331559477 ], [ 37.575696555210193, 55.447531357394389 ], [ 37.576190712440173, 55.447576506772918 ], [ 37.5775319501141, 55.44734705795652 ], [ 37.578196501301655, 55.447427658125946 ], [ 37.578343439451579, 55.447508603813702 ], [ 37.578577018857665, 55.447828532776789 ] ] ] ] } },
{ "type": "Feature", "properties": { "fid": 616, "sqr": 35115, "gsi": 0.0, "merchant": 0, "industrial": 0, "revolutionary": 0, "postwar": 0, "urban": 0, "stagnation": 0, "nineties": 0, "contemporary": 0, "epoque": 0, "far": 0.0, "mean_lvl": 0.0, "single": 0, "multiple": 0, "dormi": 0, "mixed": 0, "commercial": 0, "public": 0, "utility": 0, "tech": 0, "usage": 0, "low": 0, "mid": 0, "high": 0, "sky": 0, "year_formed": 1900, "year_gone": 9999 }, "geometry": { "type": "MultiPolygon", "coordinates": [ [ [ [ 37.580253442108784, 55.446286354141556 ], [ 37.580240169143423, 55.446296519467822 ], [ 37.580039027517792, 55.446387230443378 ], [ 37.579612592956025, 55.446481099149203 ], [ 37.579560205196259, 55.446516782567628 ], [ 37.579507159427045, 55.446593727012406 ], [ 37.579307341370082, 55.446658095962547 ], [ 37.579283230568464, 55.446685724776223 ], [ 37.57931905974354, 55.446713599669685 ], [ 37.579333069408619, 55.44681607628501 ], [ 37.579258142455771, 55.446918561369117 ], [ 37.578817526858792, 55.447098009154999 ], [ 37.578663943429341, 55.447145727117743 ], [ 37.578631769128421, 55.447173108264963 ], [ 37.578616499919157, 55.447252557957462 ], [ 37.578742032749759, 55.447606954677482 ], [ 37.578731004592157, 55.447774730762703 ], [ 37.578746501261485, 55.447970888626756 ], [ 37.57879340636822, 55.448056541111832 ], [ 37.57902100545958, 55.448845803756655 ], [ 37.581223790451119, 55.449036414237575 ], [ 37.581324243833798, 55.448417035345045 ], [ 37.581157105966625, 55.447858726312674 ], [ 37.58098197739325, 55.447588337914489 ], [ 37.580682635510406, 55.447284027946516 ], [ 37.580523251059049, 55.447098356074946 ], [ 37.580292069238851, 55.446316272235954 ], [ 37.580253442108784, 55.446286354141556 ] ] ] ] } },
{ "type": "Feature", "properties": { "fid": 617, "sqr": 10909, "gsi": 0.0, "merchant": 0, "industrial": 0, "revolutionary": 0, "postwar": 0, "urban": 0, "stagnation": 0, "nineties": 0, "contemporary": 0, "epoque": 0, "far": 0.0, "mean_lvl": 0.0, "single": 0, "multiple": 0, "dormi": 0, "mixed": 0, "commercial": 0, "public": 0, "utility": 0, "tech": 0, "usage": 0, "low": 0, "mid": 0, "high": 0, "sky": 0, "year_formed": 1781, "year_gone": 9999 }, "geometry": { "type": "MultiPolygon", "coordinates": [ [ [ [ 37.580406327513252, 55.446252906789049 ], [ 37.580613832573412, 55.446250488682189 ], [ 37.581092672870625, 55.446365482654933 ], [ 37.582405694425546, 55.446382493689136 ], [ 37.583614640078935, 55.446406746743172 ], [ 37.584055492939719, 55.44642282325669 ], [ 37.584133661196724, 55.446444047015923 ], [ 37.584199317614605, 55.446368436930612 ], [ 37.584375448845456, 55.446049189296453 ], [ 37.584291008698052, 55.446023045296272 ], [ 37.58286471955558, 55.445952765729231 ], [ 37.581819214989295, 55.445965401050671 ], [ 37.581362195904852, 55.445866049129194 ], [ 37.581075112547943, 55.445872415010236 ], [ 37.581024835422383, 55.445890691605953 ], [ 37.580639829978502, 55.446117741104587 ], [ 37.580366320379376, 55.446221919888998 ], [ 37.580406327513252, 55.446252906789049 ] ] ] ] } },
{ "type": "Feature", "properties": { "fid": 618, "sqr": 42719, "gsi": 0.0, "merchant": 0, "industrial": 0, "revolutionary": 0, "postwar": 0, "urban": 0, "stagnation": 0, "nineties": 0, "contemporary": 0, "epoque": 0, "far": 0.0, "mean_lvl": 0.0, "single": 0, "multiple": 0, "dormi": 0, "mixed": 0, "commercial": 0, "public": 0, "utility": 0, "tech": 0, "usage": 0, "low": 0, "mid": 0, "high": 0, "sky": 0, "year_formed": 1781, "year_gone": 9999 }, "geometry": { "type": "MultiPolygon", "coordinates": [ [ [ [ 37.583930616578868, 55.446762529102934 ], [ 37.584322264234316, 55.446763917136032 ], [ 37.58467588652865, 55.446824886442776 ], [ 37.584719574958847, 55.446894627410572 ], [ 37.584120497476178, 55.448080362842333 ], [ 37.585586689959705, 55.448389401843073 ], [ 37.586313431201695, 55.448568586408619 ], [ 37.586552980452645, 55.448157314280778 ], [ 37.586789896454945, 55.447690134954506 ], [ 37.587125301212204, 55.447328225093919 ], [ 37.587777918175846, 55.446500523285437 ], [ 37.585645111114154, 55.446031591066664 ], [ 37.584634579378118, 55.445980847243611 ], [ 37.584579576950198, 55.445979628106308 ], [ 37.584545704616652, 55.446040859019099 ], [ 37.584346482448431, 55.44640196302538 ], [ 37.584237720695619, 55.446527213695248 ], [ 37.583930616578868, 55.446762529102934 ] ] ] ] } },
{ "type": "Feature", "properties": { "fid": 619, "sqr": 30790, "gsi": 0.0, "merchant": 0, "industrial": 0, "revolutionary": 0, "postwar": 0, "urban": 0, "stagnation": 0, "nineties": 0, "contemporary": 0, "epoque": 0, "far": 0.0, "mean_lvl": 0.0, "single": 0, "multiple": 0, "dormi": 0, "mixed": 0, "commercial": 0, "public": 0, "utility": 0, "tech": 0, "usage": 0, "low": 0, "mid": 0, "high": 0, "sky": 0, "year_formed": 1925, "year_gone": 9999 }, "geometry": { "type": "MultiPolygon", "coordinates": [ [ [ [ 37.585013074810377, 55.449414685300525 ], [ 37.585022485006327, 55.449310841089762 ], [ 37.585091940381801, 55.449066979507514 ], [ 37.585457532664584, 55.448458006918059 ], [ 37.58399654495696, 55.448150063769418 ], [ 37.583219231793841, 55.447982511138903 ], [ 37.582227652648925, 55.447868917341737 ], [ 37.581676642171949, 55.447868426053311 ], [ 37.58145963548084, 55.447874372777669 ], [ 37.581325359960225, 55.447885132077374 ], [ 37.58148355616008, 55.448413564603086 ], [ 37.581375933674828, 55.449077162900025 ], [ 37.581457455861177, 55.449152136092607 ], [ 37.581549999503487, 55.449175376055464 ], [ 37.581676307091954, 55.449169365269817 ], [ 37.582101731129605, 55.449090968668656 ], [ 37.582604910690414, 55.44907097751458 ], [ 37.582876623478967, 55.449080639821794 ], [ 37.583492511779568, 55.449200274275874 ], [ 37.58395987391912, 55.449298661139686 ], [ 37.584668222213921, 55.449343510883338 ], [ 37.58494282353405, 55.449384208578685 ], [ 37.585013074810377, 55.449414685300525 ] ] ] ] } },
{ "type": "Feature", "properties": { "fid": 620, "sqr": 13620, "gsi": 0.0, "merchant": 0, "industrial": 0, "revolutionary": 0, "postwar": 0, "urban": 0, "stagnation": 0, "nineties": 0, "contemporary": 0, "epoque": 0, "far": 0.0, "mean_lvl": 0.0, "single": 0, "multiple": 0, "dormi": 0, "mixed": 0, "commercial": 0, "public": 0, "utility": 0, "tech": 0, "usage": 0, "low": 0, "mid": 0, "high": 0, "sky": 0, "year_formed": 1900, "year_gone": 9999 }, "geometry": { "type": "MultiPolygon", "coordinates": [ [ [ [ 37.58216062044373, 55.447779008888773 ], [ 37.582207672804692, 55.447271149523502 ], [ 37.582285179902442, 55.446836914616334 ], [ 37.582320064256628, 55.446471256775048 ], [ 37.581058927090382, 55.446454917342216 ], [ 37.580583367390979, 55.446340711315337 ], [ 37.580460004759438, 55.446342148896932 ], [ 37.580675348888363, 55.447070643877467 ], [ 37.580822764416261, 55.447242372012838 ], [ 37.581126022538683, 55.447550662042694 ], [ 37.581285933486868, 55.447797554114416 ], [ 37.581444764535135, 55.447784827221668 ], [ 37.581672957831373, 55.447778573946351 ], [ 37.58216062044373, 55.447779008888773 ] ] ] ] } },
{ "type": "Feature", "properties": { "fid": 621, "sqr": 11038, "gsi": 0.0, "merchant": 0, "industrial": 0, "revolutionary": 0, "postwar": 0, "urban": 0, "stagnation": 0, "nineties": 0, "contemporary": 0, "epoque": 0, "far": 0.0, "mean_lvl": 0.0, "single": 0, "multiple": 0, "dormi": 0, "mixed": 0, "commercial": 0, "public": 0, "utility": 0, "tech": 0, "usage": 0, "low": 0, "mid": 0, "high": 0, "sky": 0, "year_formed": 1900, "year_gone": 9999 }, "geometry": { "type": "MultiPolygon", "coordinates": [ [ [ [ 37.583183179251819, 55.447886725781601 ], [ 37.583286381512842, 55.447656754778343 ], [ 37.583594561457808, 55.447085641709883 ], [ 37.583606606356831, 55.446923495348919 ], [ 37.583704765758341, 55.44678477548819 ], [ 37.584049363997245, 55.446520732287667 ], [ 37.584014907014051, 55.446511376739394 ], [ 37.58360679089261, 55.446496493979112 ], [ 37.58247812044857, 55.446473851688431 ], [ 37.58244282011232, 55.446843885332967 ], [ 37.582365327209942, 55.447278050425744 ], [ 37.582318117902325, 55.447787625658364 ], [ 37.583183179251819, 55.447886725781601 ] ] ] ] } },
{ "type": "Feature", "properties": { "fid": 622, "sqr": 4428, "gsi": 0.0, "merchant": 0, "industrial": 0, "revolutionary": 0, "postwar": 0, "urban": 0, "stagnation": 0, "nineties": 0, "contemporary": 0, "epoque": 0, "far": 0.0, "mean_lvl": 0.0, "single": 0, "multiple": 0, "dormi": 0, "mixed": 0, "commercial": 0, "public": 0, "utility": 0, "tech": 0, "usage": 0, "low": 0, "mid": 0, "high": 0, "sky": 0, "year_formed": 1930, "year_gone": 9999 }, "geometry": { "type": "MultiPolygon", "coordinates": [ [ [ [ 37.585604339104314, 55.448491692031325 ], [ 37.585245859661477, 55.449088820444295 ], [ 37.585179915013455, 55.449320358859715 ], [ 37.585171151991467, 55.449417065572931 ], [ 37.585290200427963, 55.449373665014626 ], [ 37.585925866341242, 55.449302754983954 ], [ 37.586046202741713, 55.449193986318598 ], [ 37.586306703228978, 55.448667347619484 ], [ 37.586306131592885, 55.448664724797354 ], [ 37.585604339104314, 55.448491692031325 ] ] ] ] } },
{ "type": "Feature", "properties": { "fid": 623, "sqr": 5649, "gsi": 0.0, "merchant": 0, "industrial": 0, "revolutionary": 0, "postwar": 0, "urban": 0, "stagnation": 0, "nineties": 0, "contemporary": 0, "epoque": 0, "far": 0.0, "mean_lvl": 0.0, "single": 0, "multiple": 0, "dormi": 0, "mixed": 0, "commercial": 0, "public": 0, "utility": 0, "tech": 0, "usage": 0, "low": 0, "mid": 0, "high": 0, "sky": 0, "year_formed": 1781, "year_gone": 9999 }, "geometry": { "type": "MultiPolygon", "coordinates": [ [ [ [ 37.58397203422799, 55.448048687762302 ], [ 37.584553566587587, 55.446897688220709 ], [ 37.584298335737664, 55.446853682862312 ], [ 37.583827566733959, 55.446852014170034 ], [ 37.583763393682077, 55.446942704601057 ], [ 37.583751638573446, 55.447100958239858 ], [ 37.583438618534657, 55.447681045174519 ], [ 37.583335234460591, 55.44791142327616 ], [ 37.58397203422799, 55.448048687762302 ] ] ] ] } },
{ "type": "Feature", "properties": { "fid": 626, "sqr": 25286, "gsi": 0.0, "merchant": 0, "industrial": 0, "revolutionary": 0, "postwar": 0, "urban": 0, "stagnation": 0, "nineties": 0, "contemporary": 0, "epoque": 0, "far": 0.0, "mean_lvl": 0.0, "single": 0, "multiple": 0, "dormi": 0, "mixed": 0, "commercial": 0, "public": 0, "utility": 0, "tech": 0, "usage": 0, "low": 0, "mid": 0, "high": 0, "sky": 0, "year_formed": 1925, "year_gone": 9999 }, "geometry": { "type": "MultiPolygon", "coordinates": [ [ [ [ 37.552672694549614, 55.443582687403868 ], [ 37.552725502857598, 55.443599591657126 ], [ 37.552966616633611, 55.443679017354285 ], [ 37.553172506563222, 55.443722500480249 ], [ 37.554942858572218, 55.443453159835244 ], [ 37.555085535495195, 55.442974584491608 ], [ 37.555465418499772, 55.442466675313604 ], [ 37.555766141334566, 55.442548628465261 ], [ 37.556399197582557, 55.44234778899326 ], [ 37.556366980269047, 55.442198339646218 ], [ 37.556364681352278, 55.442139570615957 ], [ 37.554945174162974, 55.441673766911208 ], [ 37.554701516327611, 55.44159478882802 ], [ 37.554666979168729, 55.44158279148278 ], [ 37.554623329596943, 55.441626472828176 ], [ 37.552705347563254, 55.443549557873851 ], [ 37.552672694549614, 55.443582687403868 ] ] ] ] } },
{ "type": "Feature", "properties": { "fid": 627, "sqr": 19651, "gsi": 0.0, "merchant": 0, "industrial": 0, "revolutionary": 0, "postwar": 0, "urban": 0, "stagnation": 0, "nineties": 0, "contemporary": 0, "epoque": 0, "far": 0.0, "mean_lvl": 0.0, "single": 0, "multiple": 0, "dormi": 0, "mixed": 0, "commercial": 0, "public": 0, "utility": 0, "tech": 0, "usage": 0, "low": 0, "mid": 0, "high": 0, "sky": 0, "year_formed": 1925, "year_gone": 9999 }, "geometry": { "type": "MultiPolygon", "coordinates": [ [ [ [ 37.55474573196507, 55.441503606921884 ], [ 37.556455727962202, 55.442065688926661 ], [ 37.556676471744368, 55.442038205485694 ], [ 37.5568320683171, 55.441932263968397 ], [ 37.556877170440814, 55.44173336807755 ], [ 37.556924864445897, 55.441387863093432 ], [ 37.556751501852688, 55.439936295237899 ], [ 37.556386858704343, 55.439845288333153 ], [ 37.556240567196042, 55.439993031568143 ], [ 37.55474573196507, 55.441503606921884 ] ] ] ] } },
{ "type": "Feature", "properties": { "fid": 629, "sqr": 224318, "gsi": 0.0, "merchant": 0, "industrial": 0, "revolutionary": 0, "postwar": 0, "urban": 0, "stagnation": 0, "nineties": 0, "contemporary": 0, "epoque": 0, "far": 0.0, "mean_lvl": 0.0, "single": 0, "multiple": 0, "dormi": 0, "mixed": 0, "commercial": 0, "public": 0, "utility": 0, "tech": 0, "usage": 0, "low": 0, "mid": 0, "high": 0, "sky": 0, "year_formed": 1949, "year_gone": 9999 }, "geometry": { "type": "MultiPolygon", "coordinates": [ [ [ [ 37.482333227946519, 55.436173546433821 ], [ 37.482215800900804, 55.436245307461341 ], [ 37.482157997768716, 55.436292313288241 ], [ 37.48175588995533, 55.436657154226886 ], [ 37.482864258023447, 55.439277326240465 ], [ 37.483186822672366, 55.440014656474091 ], [ 37.483258547965221, 55.440217962258089 ], [ 37.483267958446319, 55.440370751153011 ], [ 37.48329182656915, 55.440484661439591 ], [ 37.483279627366748, 55.440565246112953 ], [ 37.48334225126154, 55.440555214626684 ], [ 37.483811604040582, 55.440482170984772 ], [ 37.484595045809449, 55.440335630078863 ], [ 37.485188477882069, 55.440202715652269 ], [ 37.485285383415167, 55.440180914410185 ], [ 37.485476878333714, 55.440138042414951 ], [ 37.486513032680556, 55.43997439679125 ], [ 37.487456738342409, 55.439846169922149 ], [ 37.487637785337171, 55.439824406427405 ], [ 37.48798005700921, 55.439823153449822 ], [ 37.488402019674858, 55.439861090645742 ], [ 37.488676618374434, 55.439879566672452 ], [ 37.489061538851921, 55.439878779707541 ], [ 37.48932416750506, 55.439872280459994 ], [ 37.489600408210229, 55.439855458107132 ], [ 37.489825923372642, 55.439834831116343 ], [ 37.490029028617101, 55.439813436049576 ], [ 37.490329469214274, 55.439772718442057 ], [ 37.490738237950048, 55.43970694752791 ], [ 37.491046968624467, 55.439642248836094 ], [ 37.491075751207568, 55.439636220051902 ], [ 37.491312320837331, 55.439583221357402 ], [ 37.491499562656941, 55.439533349003014 ], [ 37.491928981389215, 55.439405261037251 ], [ 37.492120867551222, 55.439348798583801 ], [ 37.492042951670534, 55.439274250423786 ], [ 37.491826901515431, 55.439057497122803 ], [ 37.491557870238033, 55.438772450335897 ], [ 37.4912689548405, 55.438396779013026 ], [ 37.490896698903889, 55.437891616072783 ], [ 37.490800107920464, 55.43777727771073 ], [ 37.490690191309604, 55.437680309245351 ], [ 37.490557187420869, 55.437584143057229 ], [ 37.490424416894889, 55.437502163218184 ], [ 37.490256102521307, 55.437416895465269 ], [ 37.490085939520036, 55.437347260999282 ], [ 37.489288460445401, 55.437020833136899 ], [ 37.489011394222764, 55.436910585271747 ], [ 37.488057110408015, 55.436535866326103 ], [ 37.486480305703886, 55.435937392003375 ], [ 37.486337590345343, 55.435883494682088 ], [ 37.486177782685843, 55.435834804735883 ], [ 37.486052154347064, 55.43581534862772 ], [ 37.48595027733024, 55.435812686333776 ], [ 37.485842456113687, 55.435816401103587 ], [ 37.485656959144329, 55.435833834288736 ], [ 37.484593631383156, 55.43593174604861 ], [ 37.483771062727548, 55.436007179860376 ], [ 37.482842720136517, 55.436087887933574 ], [ 37.482527853732719, 55.436121759195274 ], [ 37.482420900533555, 55.436145596537585 ], [ 37.482333227946519, 55.436173546433821 ] ] ] ] } },
{ "type": "Feature", "properties": { "fid": 630, "sqr": 29990, "gsi": 0.0, "merchant": 0, "industrial": 0, "revolutionary": 0, "postwar": 0, "urban": 0, "stagnation": 0, "nineties": 0, "contemporary": 0, "epoque": 0, "far": 0.0, "mean_lvl": 0.0, "single": 0, "multiple": 0, "dormi": 0, "mixed": 0, "commercial": 0, "public": 0, "utility": 0, "tech": 0, "usage": 0, "low": 0, "mid": 0, "high": 0, "sky": 0, "year_formed": 1960, "year_gone": 9999 }, "geometry": { "type": "MultiPolygon", "coordinates": [ [ [ [ 37.486473405703798, 55.440073906004095 ], [ 37.485527121719741, 55.440223357579882 ], [ 37.48534341664547, 55.440264485583015 ], [ 37.485246522178564, 55.440286284340914 ], [ 37.484648754247232, 55.440420169915299 ], [ 37.483857196008266, 55.440568229010964 ], [ 37.483457075661747, 55.44063049841369 ], [ 37.483651352714617, 55.441120980516139 ], [ 37.483923920259151, 55.441831630480813 ], [ 37.484976251451407, 55.441695397871335 ], [ 37.485977896611658, 55.441565702420597 ], [ 37.486122479845882, 55.441622663235911 ], [ 37.486210044224698, 55.441657085099074 ], [ 37.487040931860911, 55.441551987862908 ], [ 37.4869100546738, 55.441197281705101 ], [ 37.48659522449352, 55.440391456372346 ], [ 37.486473405703798, 55.440073906004095 ] ] ] ] } },
{ "type": "Feature", "properties": { "fid": 631, "sqr": 26444, "gsi": 0.0, "merchant": 0, "industrial": 0, "revolutionary": 0, "postwar": 0, "urban": 0, "stagnation": 0, "nineties": 0, "contemporary": 0, "epoque": 0, "far": 0.0, "mean_lvl": 0.0, "single": 0, "multiple": 0, "dormi": 0, "mixed": 0, "commercial": 0, "public": 0, "utility": 0, "tech": 0, "usage": 0, "low": 0, "mid": 0, "high": 0, "sky": 0, "year_formed": 1837, "year_gone": 9999 }, "geometry": { "type": "MultiPolygon", "coordinates": [ [ [ [ 37.487194636180483, 55.441532634006236 ], [ 37.487581048692014, 55.441484196833507 ], [ 37.488069513902268, 55.441424964673466 ], [ 37.488142030596585, 55.441416174770872 ], [ 37.489714922635862, 55.441223331034692 ], [ 37.489710435139656, 55.441210680270579 ], [ 37.489522132506387, 55.440678769900096 ], [ 37.489488929252367, 55.440585124277369 ], [ 37.489392112377629, 55.440343280529326 ], [ 37.489258614903086, 55.440003467054041 ], [ 37.489255118464314, 55.439963921974559 ], [ 37.489065261151367, 55.43996862029212 ], [ 37.488667581614379, 55.439969433326965 ], [ 37.488380380299894, 55.439950109352836 ], [ 37.487968142976335, 55.439913046549421 ], [ 37.487655701768929, 55.439914190325453 ], [ 37.486626576351121, 55.440051530592235 ], [ 37.487194636180483, 55.441532634006236 ] ] ] ] } },
{ "type": "Feature", "properties": { "fid": 632, "sqr": 203500, "gsi": 0.0, "merchant": 0, "industrial": 0, "revolutionary": 0, "postwar": 0, "urban": 0, "stagnation": 0, "nineties": 0, "contemporary": 0, "epoque": 0, "far": 0.0, "mean_lvl": 0.0, "single": 0, "multiple": 0, "dormi": 0, "mixed": 0, "commercial": 0, "public": 0, "utility": 0, "tech": 0, "usage": 0, "low": 0, "mid": 0, "high": 0, "sky": 0, "year_formed": 1960, "year_gone": 9999 }, "geometry": { "type": "MultiPolygon", "coordinates": [ [ [ [ 37.481623953786126, 55.445966532417202 ], [ 37.481683573460245, 55.445933971227539 ], [ 37.481903911138915, 55.445807850436971 ], [ 37.481946517872579, 55.445783446601929 ], [ 37.48266903085733, 55.445369839497275 ], [ 37.482743124456292, 55.445327443193449 ], [ 37.4835503434863, 55.44486533118571 ], [ 37.483647519103208, 55.444815120205625 ], [ 37.483755488032301, 55.444778548216313 ], [ 37.483882217847309, 55.444757058744415 ], [ 37.48402034972699, 55.44475124266576 ], [ 37.484700325752222, 55.4447823216776 ], [ 37.484831072231223, 55.444763381024956 ], [ 37.485745677712416, 55.444266133368046 ], [ 37.487330175107701, 55.443404735411995 ], [ 37.488281880878397, 55.442887232651969 ], [ 37.488412216698563, 55.442816379646075 ], [ 37.488494182976531, 55.442734413511296 ], [ 37.488526933950581, 55.442632886104356 ], [ 37.488519029016864, 55.44257285981589 ], [ 37.488315406404077, 55.442060173452688 ], [ 37.488098676736108, 55.441513297266745 ], [ 37.48761455134435, 55.44157200316409 ], [ 37.487151390194029, 55.441630060688219 ], [ 37.486239838235655, 55.44174536127791 ], [ 37.486080443452131, 55.441869979062503 ], [ 37.485118573429489, 55.44199391184609 ], [ 37.483884153459513, 55.442153057124344 ], [ 37.48378646576333, 55.441895010830876 ], [ 37.483497047248299, 55.441140419434987 ], [ 37.483304614841778, 55.44065458968123 ], [ 37.483212499294496, 55.440669345237858 ], [ 37.482479156432859, 55.440786619899477 ], [ 37.48071756920659, 55.441002835653244 ], [ 37.478359598168019, 55.441255822230339 ], [ 37.478294942249981, 55.441412607585086 ], [ 37.479058745345547, 55.442559000818875 ], [ 37.479391306725162, 55.443051942203333 ], [ 37.480431264469622, 55.444599633288952 ], [ 37.481179287032155, 55.44555423139451 ], [ 37.481623953786126, 55.445966532417202 ] ] ] ] } },
{ "type": "Feature", "properties": { "fid": 635, "sqr": 13537, "gsi": 0.0, "merchant": 0, "industrial": 0, "revolutionary": 0, "postwar": 0, "urban": 0, "stagnation": 0, "nineties": 0, "contemporary": 0, "epoque": 0, "far": 0.0, "mean_lvl": 0.0, "single": 0, "multiple": 0, "dormi": 0, "mixed": 0, "commercial": 0, "public": 0, "utility": 0, "tech": 0, "usage": 0, "low": 0, "mid": 0, "high": 0, "sky": 0, "year_formed": 1915, "year_gone": 9999 }, "geometry": { "type": "MultiPolygon", "coordinates": [ [ [ [ 37.538668271166863, 55.429827558230322 ], [ 37.539652254538474, 55.430578866281792 ], [ 37.539733818727825, 55.430643354373679 ], [ 37.541616318674762, 55.429915784606585 ], [ 37.541395490579376, 55.429849189828843 ], [ 37.539685555706377, 55.429333671746072 ], [ 37.53945717215602, 55.429457623045359 ], [ 37.538668271166863, 55.429827558230322 ] ] ] ] } },
{ "type": "Feature", "properties": { "fid": 636, "sqr": 161459, "gsi": 0.0, "merchant": 0, "industrial": 0, "revolutionary": 0, "postwar": 0, "urban": 0, "stagnation": 0, "nineties": 0, "contemporary": 0, "epoque": 0, "far": 0.0, "mean_lvl": 0.0, "single": 0, "multiple": 0, "dormi": 0, "mixed": 0, "commercial": 0, "public": 0, "utility": 0, "tech": 0, "usage": 0, "low": 0, "mid": 0, "high": 0, "sky": 0, "year_formed": 1977, "year_gone": 9999 }, "geometry": { "type": "MultiPolygon", "coordinates": [ [ [ [ 37.5579871704008, 55.44873650192725 ], [ 37.558239440655235, 55.448542660564421 ], [ 37.558073393977921, 55.447956212686705 ], [ 37.55749837702043, 55.447680494793175 ], [ 37.557289502265782, 55.447731262924655 ], [ 37.556834943123548, 55.447891764047256 ], [ 37.556626047631042, 55.448022167420469 ], [ 37.554901473635063, 55.448274185093972 ], [ 37.554785214310613, 55.448306265964007 ], [ 37.554945770484025, 55.449319853404695 ], [ 37.555825035673202, 55.449906985581592 ], [ 37.556365537695214, 55.450553829408435 ], [ 37.556744374399493, 55.450784329165323 ], [ 37.556958653936547, 55.451101552128804 ], [ 37.557824748655854, 55.452228789606529 ], [ 37.557845369850817, 55.452403491121977 ], [ 37.557876150149987, 55.452663905579321 ], [ 37.559863162041125, 55.455255219316527 ], [ 37.559921722107354, 55.455366196388113 ], [ 37.560029319788185, 55.455570327061778 ], [ 37.560303306637806, 55.455658652289593 ], [ 37.560820437557481, 55.455518023827565 ], [ 37.561803133189301, 55.455454118346786 ], [ 37.561850514808818, 55.455392001904471 ], [ 37.56196650762805, 55.454851700873853 ], [ 37.562062704793064, 55.454648518937589 ], [ 37.562093361170845, 55.454492778548484 ], [ 37.562058579392584, 55.454344525628763 ], [ 37.561684606163546, 55.454027747687029 ], [ 37.561608748893995, 55.453707170167213 ], [ 37.561534934536425, 55.452966511314251 ], [ 37.561481375807112, 55.452727367671557 ], [ 37.561172072946754, 55.452543769522826 ], [ 37.560982386214114, 55.452402818494328 ], [ 37.560958775293876, 55.452257827356355 ], [ 37.561071762563003, 55.451853101303207 ], [ 37.56104066911255, 55.451474375907395 ], [ 37.560008155018281, 55.451254474057755 ], [ 37.558906163823764, 55.450368709774374 ], [ 37.559492931468213, 55.450309986600622 ], [ 37.559381281668585, 55.450000424472059 ], [ 37.558631237314472, 55.450091901162367 ], [ 37.55842501367318, 55.449174960909396 ], [ 37.558184112585543, 55.44908681613942 ], [ 37.5579871704008, 55.44873650192725 ] ] ] ] } },
{ "type": "Feature", "properties": { "fid": 637, "sqr": 46202, "gsi": 0.0, "merchant": 0, "industrial": 0, "revolutionary": 0, "postwar": 0, "urban": 0, "stagnation": 0, "nineties": 0, "contemporary": 0, "epoque": 0, "far": 0.0, "mean_lvl": 0.0, "single": 0, "multiple": 0, "dormi": 0, "mixed": 0, "commercial": 0, "public": 0, "utility": 0, "tech": 0, "usage": 0, "low": 0, "mid": 0, "high": 0, "sky": 0, "year_formed": 1781, "year_gone": 9999 }, "geometry": { "type": "MultiPolygon", "coordinates": [ [ [ [ 37.489578048707152, 55.443214478727604 ], [ 37.488720077735813, 55.442804741536143 ], [ 37.488612478856616, 55.442797924797546 ], [ 37.488538183390631, 55.442872220321853 ], [ 37.488391123347135, 55.442952165075681 ], [ 37.487439427376927, 55.443469663261709 ], [ 37.486366423272798, 55.444052965918409 ], [ 37.485854925840641, 55.444331064725041 ], [ 37.484910327849676, 55.444844618962399 ], [ 37.484713874262383, 55.444873078321805 ], [ 37.484019850271508, 55.444841357333935 ], [ 37.483910982184149, 55.44484594125376 ], [ 37.483819512034181, 55.444861451775459 ], [ 37.483742080983291, 55.444887679776393 ], [ 37.483659656035663, 55.444930269083571 ], [ 37.482781181979746, 55.445433153181718 ], [ 37.482106784334171, 55.445819229494219 ], [ 37.483649257380293, 55.446102275804456 ], [ 37.484239233404011, 55.446293543026705 ], [ 37.484454799857879, 55.446117686146991 ], [ 37.485086403133458, 55.446035410292808 ], [ 37.485182798587957, 55.445906766198597 ], [ 37.485652584704326, 55.445593500675088 ], [ 37.486267900756559, 55.444924279591483 ], [ 37.488356630190545, 55.443826229639271 ], [ 37.489434916073883, 55.443444782207621 ], [ 37.489578048707152, 55.443214478727604 ] ] ] ] } },
{ "type": "Feature", "properties": { "fid": 638, "sqr": 145053, "gsi": 0.0, "merchant": 0, "industrial": 0, "revolutionary": 0, "postwar": 0, "urban": 0, "stagnation": 0, "nineties": 0, "contemporary": 0, "epoque": 0, "far": 0.0, "mean_lvl": 0.0, "single": 0, "multiple": 0, "dormi": 0, "mixed": 0, "commercial": 0, "public": 0, "utility": 0, "tech": 0, "usage": 0, "low": 0, "mid": 0, "high": 0, "sky": 0, "year_formed": 1781, "year_gone": 9999 }, "geometry": { "type": "MultiPolygon", "coordinates": [ [ [ [ 37.492697979872794, 55.442341294638148 ], [ 37.4934555094082, 55.442286993205734 ], [ 37.494527104145369, 55.442239946136468 ], [ 37.49509862351691, 55.442188850688353 ], [ 37.496410844108127, 55.441975326564894 ], [ 37.496856389335292, 55.441957112478356 ], [ 37.49713245962662, 55.441913657851373 ], [ 37.498271350171734, 55.441617724919617 ], [ 37.498960347363287, 55.44139179528235 ], [ 37.4992799500112, 55.441214834194625 ], [ 37.499544900617643, 55.4410561324963 ], [ 37.499624203267189, 55.440945109068529 ], [ 37.499640103528087, 55.440832491134124 ], [ 37.499591067724367, 55.440743342266657 ], [ 37.49953533861094, 55.440714035916137 ], [ 37.49945418003383, 55.44071511174608 ], [ 37.4988416138102, 55.440790633589877 ], [ 37.498522789060651, 55.440832728807138 ], [ 37.49819714484503, 55.440818210323144 ], [ 37.498017599280146, 55.440781221549948 ], [ 37.497715821298577, 55.440768015044156 ], [ 37.496798639347446, 55.440642212258986 ], [ 37.49586036123911, 55.44050723503792 ], [ 37.494521214112751, 55.440122773382768 ], [ 37.494346630916255, 55.440047699646655 ], [ 37.494083847041558, 55.439990813267769 ], [ 37.49400628916419, 55.43997031952528 ], [ 37.493805469301776, 55.440152253091341 ], [ 37.493755486480609, 55.440193224634278 ], [ 37.493697105794581, 55.440217984859217 ], [ 37.493632449703817, 55.440245503277509 ], [ 37.493484090159804, 55.440269722654605 ], [ 37.493318565754556, 55.440253445670891 ], [ 37.493210963141699, 55.440214803151015 ], [ 37.493104432279004, 55.440153202873901 ], [ 37.492776746603802, 55.439906349421392 ], [ 37.492399100228667, 55.439593350218722 ], [ 37.492204696861712, 55.43942530090743 ], [ 37.492002018683834, 55.439484938952006 ], [ 37.491568629159772, 55.43961421138463 ], [ 37.491133102273906, 55.439719959110725 ], [ 37.490787161560696, 55.439792452554272 ], [ 37.49036933082877, 55.439859681554623 ], [ 37.490061771418461, 55.439901363948131 ], [ 37.489852876656649, 55.439923368881999 ], [ 37.48962139181252, 55.439944541891798 ], [ 37.489412771130468, 55.439957246421741 ], [ 37.489415785073703, 55.439991332895339 ], [ 37.489546287584695, 55.44032351942186 ], [ 37.489643472976368, 55.440566281330725 ], [ 37.489865367475552, 55.441192927148357 ], [ 37.489900677527274, 55.441292468895497 ], [ 37.488253220797866, 55.441494456297058 ], [ 37.488469589642278, 55.442040416617438 ], [ 37.488522485885937, 55.442173606503879 ], [ 37.488675770947019, 55.442559540053217 ], [ 37.488686066060069, 55.442637713843951 ], [ 37.488662525034741, 55.442710691569033 ], [ 37.488785122192517, 55.442718458454486 ], [ 37.489662920676842, 55.443137664513394 ], [ 37.489963091018993, 55.442946551614874 ], [ 37.490624817944969, 55.442715981498758 ], [ 37.490802880729575, 55.442543172383957 ], [ 37.49096877916282, 55.442563030915103 ], [ 37.491480926753631, 55.442439425719762 ], [ 37.492209679274758, 55.442343109858299 ], [ 37.49252854290242, 55.442341924727948 ], [ 37.492697979872794, 55.442341294638148 ] ] ] ] } },
{ "type": "Feature", "properties": { "fid": 640, "sqr": 14998, "gsi": 0.0, "merchant": 0, "industrial": 0, "revolutionary": 0, "postwar": 0, "urban": 0, "stagnation": 0, "nineties": 0, "contemporary": 0, "epoque": 0, "far": 0.0, "mean_lvl": 0.0, "single": 0, "multiple": 0, "dormi": 0, "mixed": 0, "commercial": 0, "public": 0, "utility": 0, "tech": 0, "usage": 0, "low": 0, "mid": 0, "high": 0, "sky": 0, "year_formed": 1848, "year_gone": 1913 }, "geometry": { "type": "MultiPolygon", "coordinates": [ [ [ [ 37.546723880859631, 55.437804276720676 ], [ 37.548018563776537, 55.438827200007701 ], [ 37.548267040333059, 55.438703392985921 ], [ 37.548938428279399, 55.438202006047376 ], [ 37.549243731454574, 55.437932032834006 ], [ 37.548242205829034, 55.437188492318086 ], [ 37.546723880859631, 55.437804276720676 ] ] ] ] } },
{ "type": "Feature", "properties": { "fid": 641, "sqr": 13771, "gsi": 0.0, "merchant": 0, "industrial": 0, "revolutionary": 0, "postwar": 0, "urban": 0, "stagnation": 0, "nineties": 0, "contemporary": 0, "epoque": 0, "far": 0.0, "mean_lvl": 0.0, "single": 0, "multiple": 0, "dormi": 0, "mixed": 0, "commercial": 0, "public": 0, "utility": 0, "tech": 0, "usage": 0, "low": 0, "mid": 0, "high": 0, "sky": 0, "year_formed": 1925, "year_gone": 9999 }, "geometry": { "type": "MultiPolygon", "coordinates": [ [ [ [ 37.545369865236637, 55.438353199678559 ], [ 37.546595993933018, 55.439355399979625 ], [ 37.546762380175785, 55.439338721156624 ], [ 37.547361303931595, 55.439154682969402 ], [ 37.547899161657035, 55.438886693373981 ], [ 37.546595214898275, 55.437856448324538 ], [ 37.545369865236637, 55.438353199678559 ] ] ] ] } },
{ "type": "Feature", "properties": { "fid": 642, "sqr": 8327, "gsi": 0.0, "merchant": 0, "industrial": 0, "revolutionary": 0, "postwar": 0, "urban": 0, "stagnation": 0, "nineties": 0, "contemporary": 0, "epoque": 0, "far": 0.0, "mean_lvl": 0.0, "single": 0, "multiple": 0, "dormi": 0, "mixed": 0, "commercial": 0, "public": 0, "utility": 0, "tech": 0, "usage": 0, "low": 0, "mid": 0, "high": 0, "sky": 0, "year_formed": 1925, "year_gone": 9999 }, "geometry": { "type": "MultiPolygon", "coordinates": [ [ [ [ 37.546424511556864, 55.439372589395219 ], [ 37.545244067714563, 55.438407726967789 ], [ 37.543962042911396, 55.438997954722026 ], [ 37.543977952803225, 55.439027091698257 ], [ 37.545399372706676, 55.439366636200702 ], [ 37.546200634974475, 55.439395030427917 ], [ 37.546424511556864, 55.439372589395219 ] ] ] ] } },
{ "type": "Feature", "properties": { "fid": 643, "sqr": 118023, "gsi": 0.0, "merchant": 0, "industrial": 0, "revolutionary": 0, "postwar": 0, "urban": 0, "stagnation": 0, "nineties": 0, "contemporary": 0, "epoque": 0, "far": 0.0, "mean_lvl": 0.0, "single": 0, "multiple": 0, "dormi": 0, "mixed": 0, "commercial": 0, "public": 0, "utility": 0, "tech": 0, "usage": 0, "low": 0, "mid": 0, "high": 0, "sky": 0, "year_formed": 1930, "year_gone": 9999 }, "geometry": { "type": "MultiPolygon", "coordinates": [ [ [ [ 37.570822511734917, 55.409492272871617 ], [ 37.570785999711909, 55.409435757893469 ], [ 37.570602620006724, 55.40919697073268 ], [ 37.570375224485552, 55.409082464309478 ], [ 37.570153669791267, 55.408720772313735 ], [ 37.569784133219294, 55.408751227879137 ], [ 37.569701680484819, 55.408634230081404 ], [ 37.569568014504071, 55.408380113629704 ], [ 37.569528455521457, 55.408321503965105 ], [ 37.569401362743776, 55.408135820891495 ], [ 37.569338714958704, 55.408152387723781 ], [ 37.568893177213916, 55.408237644050338 ], [ 37.568859734472092, 55.408184294815413 ], [ 37.568409084586357, 55.407607552590363 ], [ 37.567639693222219, 55.407706529273597 ], [ 37.567251808288049, 55.407784887900497 ], [ 37.566206572934043, 55.408084771201359 ], [ 37.56602256131135, 55.407808813207083 ], [ 37.56552015140602, 55.407166405105279 ], [ 37.564898442493828, 55.407305134803295 ], [ 37.564320718892553, 55.407393530242182 ], [ 37.563784283697892, 55.4075075214785 ], [ 37.563169358837698, 55.407631320229662 ], [ 37.562812601569078, 55.407647354291363 ], [ 37.562682279563397, 55.407672021345341 ], [ 37.562833703172622, 55.407929457528226 ], [ 37.563079190462759, 55.408361233733338 ], [ 37.563554509723922, 55.409166325009231 ], [ 37.564185119147247, 55.410222872519498 ], [ 37.564482901769189, 55.410755935534539 ], [ 37.564724757574332, 55.410711344950151 ], [ 37.56527022394242, 55.410611697250545 ], [ 37.567077976386891, 55.41025300434476 ], [ 37.567449507252512, 55.410175318806353 ], [ 37.568189182773033, 55.410027663823186 ], [ 37.568725451777048, 55.409918086263659 ], [ 37.569091156978033, 55.409850503791731 ], [ 37.569438649039093, 55.409778934965551 ], [ 37.569753161981282, 55.409712117202091 ], [ 37.569981666766907, 55.40966350982918 ], [ 37.570822511734917, 55.409492272871617 ] ] ] ] } },
{ "type": "Feature", "properties": { "fid": 644, "sqr": 24201, "gsi": 0.0, "merchant": 0, "industrial": 0, "revolutionary": 0, "postwar": 0, "urban": 0, "stagnation": 0, "nineties": 0, "contemporary": 0, "epoque": 0, "far": 0.0, "mean_lvl": 0.0, "single": 0, "multiple": 0, "dormi": 0, "mixed": 0, "commercial": 0, "public": 0, "utility": 0, "tech": 0, "usage": 0, "low": 0, "mid": 0, "high": 0, "sky": 0, "year_formed": 1924, "year_gone": 9999 }, "geometry": { "type": "MultiPolygon", "coordinates": [ [ [ [ 37.5614518352413, 55.432069425748288 ], [ 37.561427124405881, 55.432117421916629 ], [ 37.56132412702619, 55.432317317575794 ], [ 37.561282032157166, 55.432399203824467 ], [ 37.561140313528263, 55.432376299880104 ], [ 37.560703265237414, 55.432605575722242 ], [ 37.560443094832273, 55.432692673629234 ], [ 37.560271284024289, 55.432757829392941 ], [ 37.561336522203149, 55.433357876170717 ], [ 37.562798592439179, 55.434212312714919 ], [ 37.563496850831243, 55.433972813108895 ], [ 37.562633232641282, 55.432262505390042 ], [ 37.5614518352413, 55.432069425748288 ] ] ] ] } },
{ "type": "Feature", "properties": { "fid": 646, "sqr": 42022, "gsi": 0.0, "merchant": 0, "industrial": 0, "revolutionary": 0, "postwar": 0, "urban": 0, "stagnation": 0, "nineties": 0, "contemporary": 0, "epoque": 0, "far": 0.0, "mean_lvl": 0.0, "single": 0, "multiple": 0, "dormi": 0, "mixed": 0, "commercial": 0, "public": 0, "utility": 0, "tech": 0, "usage": 0, "low": 0, "mid": 0, "high": 0, "sky": 0, "year_formed": 1880, "year_gone": 1973 }, "geometry": { "type": "MultiPolygon", "coordinates": [ [ [ [ 37.566013384280616, 55.434670793849243 ], [ 37.564155481941974, 55.434924351555921 ], [ 37.56556417651894, 55.437643594914704 ], [ 37.56551013181403, 55.437814523970665 ], [ 37.566470715235731, 55.438257359555287 ], [ 37.567176065937574, 55.437518625433661 ], [ 37.567255879304021, 55.43729220977194 ], [ 37.566013384280616, 55.434670793849243 ] ] ] ] } },
{ "type": "Feature", "properties": { "fid": 647, "sqr": 10841, "gsi": 0.0, "merchant": 0, "industrial": 0, "revolutionary": 0, "postwar": 0, "urban": 0, "stagnation": 0, "nineties": 0, "contemporary": 0, "epoque": 0, "far": 0.0, "mean_lvl": 0.0, "single": 0, "multiple": 0, "dormi": 0, "mixed": 0, "commercial": 0, "public": 0, "utility": 0, "tech": 0, "usage": 0, "low": 0, "mid": 0, "high": 0, "sky": 0, "year_formed": 1910, "year_gone": 1976 }, "geometry": { "type": "MultiPolygon", "coordinates": [ [ [ [ 37.54063662263092, 55.427952943229599 ], [ 37.541382904892423, 55.428665932770983 ], [ 37.542059905864697, 55.428440991931851 ], [ 37.54293393696009, 55.428157570545906 ], [ 37.542617428761403, 55.427833202279118 ], [ 37.542191528556543, 55.427396983048254 ], [ 37.54129364897193, 55.427718031429805 ], [ 37.54063662263092, 55.427952943229599 ] ] ] ] } },
{ "type": "Feature", "properties": { "fid": 648, "sqr": 13734, "gsi": 0.0, "merchant": 0, "industrial": 0, "revolutionary": 0, "postwar": 0, "urban": 0, "stagnation": 0, "nineties": 0, "contemporary": 0, "epoque": 0, "far": 0.0, "mean_lvl": 0.0, "single": 0, "multiple": 0, "dormi": 0, "mixed": 0, "commercial": 0, "public": 0, "utility": 0, "tech": 0, "usage": 0, "low": 0, "mid": 0, "high": 0, "sky": 0, "year_formed": 1910, "year_gone": 1976 }, "geometry": { "type": "MultiPolygon", "coordinates": [ [ [ [ 37.539955332926127, 55.42913415983174 ], [ 37.541246132357962, 55.428711066373488 ], [ 37.540498004262147, 55.42799881083512 ], [ 37.538056305332574, 55.428740859377292 ], [ 37.539668256248916, 55.42922825366248 ], [ 37.539955332926127, 55.42913415983174 ] ] ] ] } },
{ "type": "Feature", "properties": { "fid": 650, "sqr": 17744, "gsi": 0.0, "merchant": 0, "industrial": 0, "revolutionary": 0, "postwar": 0, "urban": 0, "stagnation": 0, "nineties": 0, "contemporary": 0, "epoque": 0, "far": 0.0, "mean_lvl": 0.0, "single": 0, "multiple": 0, "dormi": 0, "mixed": 0, "commercial": 0, "public": 0, "utility": 0, "tech": 0, "usage": 0, "low": 0, "mid": 0, "high": 0, "sky": 0, "year_formed": 1910, "year_gone": 1997 }, "geometry": { "type": "MultiPolygon", "coordinates": [ [ [ [ 37.560475614165505, 55.429467427088319 ], [ 37.559783051508887, 55.428179369908143 ], [ 37.557833986242457, 55.428814618481461 ], [ 37.558035698601479, 55.429653518504573 ], [ 37.560475614165505, 55.429467427088319 ] ] ] ] } },
{ "type": "Feature", "properties": { "fid": 651, "sqr": 45027, "gsi": 0.0, "merchant": 0, "industrial": 0, "revolutionary": 0, "postwar": 0, "urban": 0, "stagnation": 0, "nineties": 0, "contemporary": 0, "epoque": 0, "far": 0.0, "mean_lvl": 0.0, "single": 0, "multiple": 0, "dormi": 0, "mixed": 0, "commercial": 0, "public": 0, "utility": 0, "tech": 0, "usage": 0, "low": 0, "mid": 0, "high": 0, "sky": 0, "year_formed": 1915, "year_gone": 1990 }, "geometry": { "type": "MultiPolygon", "coordinates": [ [ [ [ 37.558056917146693, 55.429742553398178 ], [ 37.558239795795338, 55.430516833405683 ], [ 37.562334193779336, 55.431242422909328 ], [ 37.562425428450659, 55.431175350841663 ], [ 37.563298251961143, 55.431022618969735 ], [ 37.56246086439149, 55.429406629410622 ], [ 37.558056917146693, 55.429742553398178 ] ] ] ] } },
{ "type": "Feature", "properties": { "fid": 652, "sqr": 19771, "gsi": 0.0, "merchant": 0, "industrial": 0, "revolutionary": 0, "postwar": 0, "urban": 0, "stagnation": 0, "nineties": 0, "contemporary": 0, "epoque": 0, "far": 0.0, "mean_lvl": 0.0, "single": 0, "multiple": 0, "dormi": 0, "mixed": 0, "commercial": 0, "public": 0, "utility": 0, "tech": 0, "usage": 0, "low": 0, "mid": 0, "high": 0, "sky": 0, "year_formed": 1915, "year_gone": 1990 }, "geometry": { "type": "MultiPolygon", "coordinates": [ [ [ [ 37.559923633264546, 55.428133548836222 ], [ 37.560634328364436, 55.429455320269 ], [ 37.562414878987781, 55.429319484102152 ], [ 37.561505258662805, 55.427618016937089 ], [ 37.559923633264546, 55.428133548836222 ] ] ] ] } },
{ "type": "Feature", "properties": { "fid": 654, "sqr": 20276, "gsi": 0.0, "merchant": 0, "industrial": 0, "revolutionary": 0, "postwar": 0, "urban": 0, "stagnation": 0, "nineties": 0, "contemporary": 0, "epoque": 0, "far": 0.0, "mean_lvl": 0.0, "single": 0, "multiple": 0, "dormi": 0, "mixed": 0, "commercial": 0, "public": 0, "utility": 0, "tech": 0, "usage": 0, "low": 0, "mid": 0, "high": 0, "sky": 0, "year_formed": 1910, "year_gone": 1980 }, "geometry": { "type": "MultiPolygon", "coordinates": [ [ [ [ 37.556644731582288, 55.427328956622823 ], [ 37.55778396516331, 55.428727362120313 ], [ 37.55971052490559, 55.428099448570443 ], [ 37.558076415924901, 55.42693255872264 ], [ 37.556847159808584, 55.427255089309135 ], [ 37.556644731582288, 55.427328956622823 ] ] ] ] } },
{ "type": "Feature", "properties": { "fid": 655, "sqr": 22841, "gsi": 0.0, "merchant": 0, "industrial": 0, "revolutionary": 0, "postwar": 0, "urban": 0, "stagnation": 0, "nineties": 0, "contemporary": 0, "epoque": 0, "far": 0.0, "mean_lvl": 0.0, "single": 0, "multiple": 0, "dormi": 0, "mixed": 0, "commercial": 0, "public": 0, "utility": 0, "tech": 0, "usage": 0, "low": 0, "mid": 0, "high": 0, "sky": 0, "year_formed": 1915, "year_gone": 1980 }, "geometry": { "type": "MultiPolygon", "coordinates": [ [ [ [ 37.559849203772863, 55.428054247741038 ], [ 37.56145788908259, 55.427529895567055 ], [ 37.5607591378621, 55.426241142574263 ], [ 37.558913379406796, 55.426702803676292 ], [ 37.558335241436964, 55.426857020295024 ], [ 37.55822076351965, 55.426891409439122 ], [ 37.559849203772863, 55.428054247741038 ] ] ] ] } },
{ "type": "Feature", "properties": { "fid": 656, "sqr": 23874, "gsi": 0.0, "merchant": 0, "industrial": 0, "revolutionary": 0, "postwar": 0, "urban": 0, "stagnation": 0, "nineties": 0, "contemporary": 0, "epoque": 0, "far": 0.0, "mean_lvl": 0.0, "single": 0, "multiple": 0, "dormi": 0, "mixed": 0, "commercial": 0, "public": 0, "utility": 0, "tech": 0, "usage": 0, "low": 0, "mid": 0, "high": 0, "sky": 0, "year_formed": 1915, "year_gone": 9999 }, "geometry": { "type": "MultiPolygon", "coordinates": [ [ [ [ 37.561651673564015, 55.426068885547231 ], [ 37.560906814887559, 55.426208583565291 ], [ 37.561627583219611, 55.427537933801318 ], [ 37.561934007679568, 55.428119478110361 ], [ 37.562593160955359, 55.429344057852916 ], [ 37.562941172941379, 55.430015663788247 ], [ 37.563941622581758, 55.429850939198033 ], [ 37.563080681780633, 55.428627766137929 ], [ 37.561651673564015, 55.426068885547231 ] ] ] ] } },
{ "type": "Feature", "properties": { "fid": 657, "sqr": 16801, "gsi": 0.0, "merchant": 0, "industrial": 0, "revolutionary": 0, "postwar": 0, "urban": 0, "stagnation": 0, "nineties": 0, "contemporary": 0, "epoque": 0, "far": 0.0, "mean_lvl": 0.0, "single": 0, "multiple": 0, "dormi": 0, "mixed": 0, "commercial": 0, "public": 0, "utility": 0, "tech": 0, "usage": 0, "low": 0, "mid": 0, "high": 0, "sky": 0, "year_formed": 1910, "year_gone": 1982 }, "geometry": { "type": "MultiPolygon", "coordinates": [ [ [ [ 37.557376593276445, 55.431929579611108 ], [ 37.557103441856434, 55.432065701228254 ], [ 37.556461787595644, 55.432384771204426 ], [ 37.558000267946937, 55.433707675652137 ], [ 37.558081297127366, 55.433777794694002 ], [ 37.559323738972608, 55.433123842848339 ], [ 37.557376593276445, 55.431929579611108 ] ] ] ] } },
{ "type": "Feature", "properties": { "fid": 658, "sqr": 20615, "gsi": 0.0, "merchant": 0, "industrial": 0, "revolutionary": 0, "postwar": 0, "urban": 0, "stagnation": 0, "nineties": 0, "contemporary": 0, "epoque": 0, "far": 0.0, "mean_lvl": 0.0, "single": 0, "multiple": 0, "dormi": 0, "mixed": 0, "commercial": 0, "public": 0, "utility": 0, "tech": 0, "usage": 0, "low": 0, "mid": 0, "high": 0, "sky": 0, "year_formed": 1910, "year_gone": 1982 }, "geometry": { "type": "MultiPolygon", "coordinates": [ [ [ [ 37.557495472340435, 55.431870336270549 ], [ 37.559439642925732, 55.433062772504961 ], [ 37.56009780220095, 55.432715619991697 ], [ 37.560359105248175, 55.43261652635654 ], [ 37.560608534849202, 55.432533024259655 ], [ 37.561098286523922, 55.432276100116198 ], [ 37.561174372057231, 55.432288396809078 ], [ 37.561275477979933, 55.432092173498049 ], [ 37.561300027479959, 55.432044491047556 ], [ 37.558086576226167, 55.431514030987017 ], [ 37.55803009666996, 55.431603898734629 ], [ 37.557495472340435, 55.431870336270549 ] ] ] ] } },
{ "type": "Feature", "properties": { "fid": 659, "sqr": 56585, "gsi": 0.0, "merchant": 0, "industrial": 0, "revolutionary": 0, "postwar": 0, "urban": 0, "stagnation": 0, "nineties": 0, "contemporary": 0, "epoque": 0, "far": 0.0, "mean_lvl": 0.0, "single": 0, "multiple": 0, "dormi": 0, "mixed": 0, "commercial": 0, "public": 0, "utility": 0, "tech": 0, "usage": 0, "low": 0, "mid": 0, "high": 0, "sky": 0, "year_formed": 1974, "year_gone": 9999 }, "geometry": { "type": "MultiPolygon", "coordinates": [ [ [ [ 37.565615105438305, 55.433830430153151 ], [ 37.565533213017332, 55.433742183073242 ], [ 37.565417397812709, 55.433675783443917 ], [ 37.56527644891171, 55.433643910145193 ], [ 37.565129006186169, 55.433637877586492 ], [ 37.564734703708957, 55.433659170878137 ], [ 37.563682687982308, 55.434014288798686 ], [ 37.564131974692394, 55.434878971634411 ], [ 37.56556417651894, 55.437643594914704 ], [ 37.56551013181403, 55.437814523970665 ], [ 37.566470715235731, 55.438257359555287 ], [ 37.567176065937574, 55.437518625433661 ], [ 37.567255879304021, 55.43729220977194 ], [ 37.565993386344267, 55.434628599306059 ], [ 37.565615105438305, 55.433830430153151 ] ] ] ] } },
{ "type": "Feature", "properties": { "fid": 664, "sqr": 65932, "gsi": 0.0, "merchant": 0, "industrial": 0, "revolutionary": 0, "postwar": 0, "urban": 0, "stagnation": 0, "nineties": 0, "contemporary": 0, "epoque": 0, "far": 0.0, "mean_lvl": 0.0, "single": 0, "multiple": 0, "dormi": 0, "mixed": 0, "commercial": 0, "public": 0, "utility": 0, "tech": 0, "usage": 0, "low": 0, "mid": 0, "high": 0, "sky": 0, "year_formed": 1990, "year_gone": 1997 }, "geometry": { "type": "MultiPolygon", "coordinates": [ [ [ [ 37.561505258662805, 55.427618016937089 ], [ 37.559923645082783, 55.428133544984171 ], [ 37.560681714111212, 55.429542359115054 ], [ 37.558056917146693, 55.429742553398178 ], [ 37.558239795795338, 55.430516833405683 ], [ 37.562334193779336, 55.431242422909328 ], [ 37.562425428450659, 55.431175350841663 ], [ 37.563298251961143, 55.431022618969735 ], [ 37.56281183516311, 55.430083948926892 ], [ 37.562441813914759, 55.429369864243064 ], [ 37.561505258662805, 55.427618016937089 ] ] ] ] } },
{ "type": "Feature", "properties": { "fid": 665, "sqr": 86867, "gsi": 0.0, "merchant": 0, "industrial": 0, "revolutionary": 0, "postwar": 0, "urban": 0, "stagnation": 0, "nineties": 0, "contemporary": 0, "epoque": 0, "far": 0.0, "mean_lvl": 0.0, "single": 0, "multiple": 0, "dormi": 0, "mixed": 0, "commercial": 0, "public": 0, "utility": 0, "tech": 0, "usage": 0, "low": 0, "mid": 0, "high": 0, "sky": 0, "year_formed": 1998, "year_gone": 9999 }, "geometry": { "type": "MultiPolygon", "coordinates": [ [ [ [ 37.557833986242457, 55.428814618481461 ], [ 37.558046386416123, 55.429697967008579 ], [ 37.558239795795338, 55.430516833405683 ], [ 37.562334193779336, 55.431242422909328 ], [ 37.562425428450659, 55.431175350841663 ], [ 37.563298251961143, 55.431022618969735 ], [ 37.56281183516311, 55.430083948926892 ], [ 37.562441813914759, 55.429369864243064 ], [ 37.561505258662805, 55.427618016937089 ], [ 37.559868937273137, 55.428151376423031 ], [ 37.557833986242457, 55.428814618481461 ] ] ] ] } },
{ "type": "Feature", "properties": { "fid": 666, "sqr": 18340, "gsi": 0.0, "merchant": 0, "industrial": 0, "revolutionary": 0, "postwar": 0, "urban": 0, "stagnation": 0, "nineties": 0, "contemporary": 0, "epoque": 0, "far": 0.0, "mean_lvl": 0.0, "single": 0, "multiple": 0, "dormi": 0, "mixed": 0, "commercial": 0, "public": 0, "utility": 0, "tech": 0, "usage": 0, "low": 0, "mid": 0, "high": 0, "sky": 0, "year_formed": 1977, "year_gone": 1989 }, "geometry": { "type": "MultiPolygon", "coordinates": [ [ [ [ 37.541225492178903, 55.427742395292363 ], [ 37.540569972713236, 55.427976772754846 ], [ 37.538133540330712, 55.428769923993222 ], [ 37.539668033412191, 55.429228326700233 ], [ 37.539955261617351, 55.429134183204425 ], [ 37.541990242350693, 55.428463938111321 ], [ 37.541225492178903, 55.427742395292363 ] ] ] ] } },
{ "type": "Feature", "properties": { "fid": 667, "sqr": 53262, "gsi": 0.0, "merchant": 0, "industrial": 0, "revolutionary": 0, "postwar": 0, "urban": 0, "stagnation": 0, "nineties": 0, "contemporary": 0, "epoque": 0, "far": 0.0, "mean_lvl": 0.0, "single": 0, "multiple": 0, "dormi": 0, "mixed": 0, "commercial": 0, "public": 0, "utility": 0, "tech": 0, "usage": 0, "low": 0, "mid": 0, "high": 0, "sky": 0, "year_formed": 1976, "year_gone": 9999 }, "geometry": { "type": "MultiPolygon", "coordinates": [ [ [ [ 37.54152187220653, 55.424245002576534 ], [ 37.539732275247871, 55.424815651314468 ], [ 37.540582159846778, 55.425645419027653 ], [ 37.541414058462458, 55.426457587345077 ], [ 37.542288771872023, 55.427311489463051 ], [ 37.54307118715861, 55.428113064263393 ], [ 37.544781413943994, 55.427558473800687 ], [ 37.543952422094279, 55.426726942450266 ], [ 37.543134174708747, 55.425906131536962 ], [ 37.542338328307267, 55.425086203912755 ], [ 37.54152187220653, 55.424245002576534 ] ] ] ] } },
{ "type": "Feature", "properties": { "fid": 668, "sqr": 13129, "gsi": 0.0, "merchant": 0, "industrial": 0, "revolutionary": 0, "postwar": 0, "urban": 0, "stagnation": 0, "nineties": 0, "contemporary": 0, "epoque": 0, "far": 0.0, "mean_lvl": 0.0, "single": 0, "multiple": 0, "dormi": 0, "mixed": 0, "commercial": 0, "public": 0, "utility": 0, "tech": 0, "usage": 0, "low": 0, "mid": 0, "high": 0, "sky": 0, "year_formed": 1925, "year_gone": 1975 }, "geometry": { "type": "MultiPolygon", "coordinates": [ [ [ [ 37.540543055789122, 55.425607241455481 ], [ 37.542300400026015, 55.425047127003317 ], [ 37.54152187220653, 55.424245002576534 ], [ 37.539732275247871, 55.424815651314468 ], [ 37.540543055789122, 55.425607241455481 ] ] ] ] } },
{ "type": "Feature", "properties": { "fid": 669, "sqr": 12324, "gsi": 0.0, "merchant": 0, "industrial": 0, "revolutionary": 0, "postwar": 0, "urban": 0, "stagnation": 0, "nineties": 0, "contemporary": 0, "epoque": 0, "far": 0.0, "mean_lvl": 0.0, "single": 0, "multiple": 0, "dormi": 0, "mixed": 0, "commercial": 0, "public": 0, "utility": 0, "tech": 0, "usage": 0, "low": 0, "mid": 0, "high": 0, "sky": 0, "year_formed": 1910, "year_gone": 1975 }, "geometry": { "type": "MultiPolygon", "coordinates": [ [ [ [ 37.543992767988939, 55.426767412871321 ], [ 37.542325860674545, 55.427349487323347 ], [ 37.54307118715861, 55.428113064263393 ], [ 37.544781413943994, 55.427558473800687 ], [ 37.543992767988939, 55.426767412871321 ] ] ] ] } },
{ "type": "Feature", "properties": { "fid": 670, "sqr": 12126, "gsi": 0.0, "merchant": 0, "industrial": 0, "revolutionary": 0, "postwar": 0, "urban": 0, "stagnation": 0, "nineties": 0, "contemporary": 0, "epoque": 0, "far": 0.0, "mean_lvl": 0.0, "single": 0, "multiple": 0, "dormi": 0, "mixed": 0, "commercial": 0, "public": 0, "utility": 0, "tech": 0, "usage": 0, "low": 0, "mid": 0, "high": 0, "sky": 0, "year_formed": 1915, "year_gone": 1975 }, "geometry": { "type": "MultiPolygon", "coordinates": [ [ [ [ 37.543173276043895, 55.425945356267455 ], [ 37.541454372494556, 55.426496943161666 ], [ 37.542247662163916, 55.427271358800951 ], [ 37.543914800581014, 55.426689203931346 ], [ 37.543173276043895, 55.425945356267455 ] ] ] ] } },
{ "type": "Feature", "properties": { "fid": 671, "sqr": 11919, "gsi": 0.0, "merchant": 0, "industrial": 0, "revolutionary": 0, "postwar": 0, "urban": 0, "stagnation": 0, "nineties": 0, "contemporary": 0, "epoque": 0, "far": 0.0, "mean_lvl": 0.0, "single": 0, "multiple": 0, "dormi": 0, "mixed": 0, "commercial": 0, "public": 0, "utility": 0, "tech": 0, "usage": 0, "low": 0, "mid": 0, "high": 0, "sky": 0, "year_formed": 1925, "year_gone": 1975 }, "geometry": { "type": "MultiPolygon", "coordinates": [ [ [ [ 37.542376749792844, 55.425125788872819 ], [ 37.540622681066793, 55.425684859661217 ], [ 37.541374844220918, 55.42641929805712 ], [ 37.543096137784417, 55.425866944551792 ], [ 37.542376749792844, 55.425125788872819 ] ] ] ] } },
{ "type": "Feature", "properties": { "fid": 672, "sqr": 50785, "gsi": 0.0, "merchant": 0, "industrial": 0, "revolutionary": 0, "postwar": 0, "urban": 0, "stagnation": 0, "nineties": 0, "contemporary": 0, "epoque": 0, "far": 0.0, "mean_lvl": 0.0, "single": 0, "multiple": 0, "dormi": 0, "mixed": 0, "commercial": 0, "public": 0, "utility": 0, "tech": 0, "usage": 0, "low": 0, "mid": 0, "high": 0, "sky": 0, "year_formed": 2001, "year_gone": 9999 }, "geometry": { "type": "MultiPolygon", "coordinates": [ [ [ [ 37.538070981410307, 55.427516512781992 ], [ 37.537264421220513, 55.426706681492313 ], [ 37.538660882637892, 55.426209031889179 ], [ 37.537858705392708, 55.425413456934059 ], [ 37.536415443986165, 55.425882370835936 ], [ 37.536149729531829, 55.425968698058398 ], [ 37.534526901107419, 55.42651920027658 ], [ 37.533624637824609, 55.4274063278299 ], [ 37.534573863335943, 55.427691886522169 ], [ 37.536205052874926, 55.428182575993553 ], [ 37.53658106892, 55.428011666131709 ], [ 37.536985833199978, 55.427877115979712 ], [ 37.538070981410307, 55.427516512781992 ] ] ] ] } },
{ "type": "Feature", "properties": { "fid": 673, "sqr": 10122, "gsi": 0.0, "merchant": 0, "industrial": 0, "revolutionary": 0, "postwar": 0, "urban": 0, "stagnation": 0, "nineties": 0, "contemporary": 0, "epoque": 0, "far": 0.0, "mean_lvl": 0.0, "single": 0, "multiple": 0, "dormi": 0, "mixed": 0, "commercial": 0, "public": 0, "utility": 0, "tech": 0, "usage": 0, "low": 0, "mid": 0, "high": 0, "sky": 0, "year_formed": 1930, "year_gone": 2001 }, "geometry": { "type": "MultiPolygon", "coordinates": [ [ [ [ 37.536487751811528, 55.425858878783664 ], [ 37.537394588977072, 55.426660295504533 ], [ 37.538660882637885, 55.426209031889179 ], [ 37.537858705392708, 55.425413456934059 ], [ 37.536487751811528, 55.425858878783664 ] ] ] ] } },
{ "type": "Feature", "properties": { "fid": 674, "sqr": 21091, "gsi": 0.0, "merchant": 0, "industrial": 0, "revolutionary": 0, "postwar": 0, "urban": 0, "stagnation": 0, "nineties": 0, "contemporary": 0, "epoque": 0, "far": 0.0, "mean_lvl": 0.0, "single": 0, "multiple": 0, "dormi": 0, "mixed": 0, "commercial": 0, "public": 0, "utility": 0, "tech": 0, "usage": 0, "low": 0, "mid": 0, "high": 0, "sky": 0, "year_formed": 1915, "year_gone": 1989 }, "geometry": { "type": "MultiPolygon", "coordinates": [ [ [ [ 37.539580001835446, 55.427119200676387 ], [ 37.538220180580439, 55.427571027897464 ], [ 37.536670726750472, 55.428085935858135 ], [ 37.536357229344361, 55.428228429526932 ], [ 37.537888394702648, 55.428690119230716 ], [ 37.539779131992461, 55.428120948690818 ], [ 37.540417551186479, 55.427921948408063 ], [ 37.539580001835446, 55.427119200676387 ] ] ] ] } },
{ "type": "Feature", "properties": { "fid": 675, "sqr": 14518, "gsi": 0.0, "merchant": 0, "industrial": 0, "revolutionary": 0, "postwar": 0, "urban": 0, "stagnation": 0, "nineties": 0, "contemporary": 0, "epoque": 0, "far": 0.0, "mean_lvl": 0.0, "single": 0, "multiple": 0, "dormi": 0, "mixed": 0, "commercial": 0, "public": 0, "utility": 0, "tech": 0, "usage": 0, "low": 0, "mid": 0, "high": 0, "sky": 0, "year_formed": 1905, "year_gone": 1980 }, "geometry": { "type": "MultiPolygon", "coordinates": [ [ [ [ 37.541206360614019, 55.431873896848806 ], [ 37.539906860006887, 55.432388967117902 ], [ 37.541232934753729, 55.43343962968143 ], [ 37.542546215158644, 55.432866898581814 ], [ 37.541206360614019, 55.431873896848806 ] ] ] ] } },
{ "type": "Feature", "properties": { "fid": 676, "sqr": 13591, "gsi": 0.0, "merchant": 0, "industrial": 0, "revolutionary": 0, "postwar": 0, "urban": 0, "stagnation": 0, "nineties": 0, "contemporary": 0, "epoque": 0, "far": 0.0, "mean_lvl": 0.0, "single": 0, "multiple": 0, "dormi": 0, "mixed": 0, "commercial": 0, "public": 0, "utility": 0, "tech": 0, "usage": 0, "low": 0, "mid": 0, "high": 0, "sky": 0, "year_formed": 1910, "year_gone": 1980 }, "geometry": { "type": "MultiPolygon", "coordinates": [ [ [ [ 37.539778316439865, 55.432441220944881 ], [ 37.538630602493605, 55.43291966414435 ], [ 37.539865893883224, 55.434019053158657 ], [ 37.541106839153315, 55.433493825728902 ], [ 37.539778316439865, 55.432441220944881 ] ] ] ] } },
{ "type": "Feature", "properties": { "fid": 677, "sqr": 13662, "gsi": 0.0, "merchant": 0, "industrial": 0, "revolutionary": 0, "postwar": 0, "urban": 0, "stagnation": 0, "nineties": 0, "contemporary": 0, "epoque": 0, "far": 0.0, "mean_lvl": 0.0, "single": 0, "multiple": 0, "dormi": 0, "mixed": 0, "commercial": 0, "public": 0, "utility": 0, "tech": 0, "usage": 0, "low": 0, "mid": 0, "high": 0, "sky": 0, "year_formed": 1910, "year_gone": 1980 }, "geometry": { "type": "MultiPolygon", "coordinates": [ [ [ [ 37.53981782857494, 55.432314732522592 ], [ 37.541109762464608, 55.431802661887652 ], [ 37.539697842800614, 55.43076616082174 ], [ 37.53896047265318, 55.431054335648348 ], [ 37.538561590180841, 55.431212529868567 ], [ 37.53981782857494, 55.432314732522592 ] ] ] ] } },
{ "type": "Feature", "properties": { "fid": 678, "sqr": 12982, "gsi": 0.0, "merchant": 0, "industrial": 0, "revolutionary": 0, "postwar": 0, "urban": 0, "stagnation": 0, "nineties": 0, "contemporary": 0, "epoque": 0, "far": 0.0, "mean_lvl": 0.0, "single": 0, "multiple": 0, "dormi": 0, "mixed": 0, "commercial": 0, "public": 0, "utility": 0, "tech": 0, "usage": 0, "low": 0, "mid": 0, "high": 0, "sky": 0, "year_formed": 1915, "year_gone": 1980 }, "geometry": { "type": "MultiPolygon", "coordinates": [ [ [ [ 37.539689106876423, 55.432367001543554 ], [ 37.53843263936502, 55.431264594823531 ], [ 37.537309920437885, 55.431725369167317 ], [ 37.538545861314354, 55.432843581705015 ], [ 37.539689106876423, 55.432367001543554 ] ] ] ] } },
{ "type": "Feature", "properties": { "fid": 679, "sqr": 76524, "gsi": 0.0, "merchant": 0, "industrial": 0, "revolutionary": 0, "postwar": 0, "urban": 0, "stagnation": 0, "nineties": 0, "contemporary": 0, "epoque": 0, "far": 0.0, "mean_lvl": 0.0, "single": 0, "multiple": 0, "dormi": 0, "mixed": 0, "commercial": 0, "public": 0, "utility": 0, "tech": 0, "usage": 0, "low": 0, "mid": 0, "high": 0, "sky": 0, "year_formed": 1880, "year_gone": 1960 }, "geometry": { "type": "MultiPolygon", "coordinates": [ [ [ [ 37.534544454596102, 55.427784684906023 ], [ 37.534325037254469, 55.427879061318507 ], [ 37.534191870794359, 55.428265773539252 ], [ 37.534108246960734, 55.428911115860828 ], [ 37.53384147694085, 55.429114523081708 ], [ 37.533717815819507, 55.429441976219678 ], [ 37.53351418724322, 55.429588627103342 ], [ 37.533638319707386, 55.430011232257044 ], [ 37.5339192636376, 55.43035649213266 ], [ 37.535396208737694, 55.431190184060206 ], [ 37.535389104815323, 55.431200960627486 ], [ 37.535738628940109, 55.431046112974222 ], [ 37.536447508272232, 55.430729656293508 ], [ 37.537591311148987, 55.430212026803545 ], [ 37.538509880289737, 55.429785373613186 ], [ 37.539352172789776, 55.429390402790865 ], [ 37.539536244956906, 55.429290138899056 ], [ 37.53617691365492, 55.428275755628349 ], [ 37.534544454596102, 55.427784684906023 ] ] ] ] } },
{ "type": "Feature", "properties": { "fid": 680, "sqr": 169891, "gsi": 0.0, "merchant": 0, "industrial": 0, "revolutionary": 0, "postwar": 0, "urban": 0, "stagnation": 0, "nineties": 0, "contemporary": 0, "epoque": 0, "far": 0.0, "mean_lvl": 0.0, "single": 0, "multiple": 0, "dormi": 0, "mixed": 0, "commercial": 0, "public": 0, "utility": 0, "tech": 0, "usage": 0, "low": 0, "mid": 0, "high": 0, "sky": 0, "year_formed": 1961, "year_gone": 9999 }, "geometry": { "type": "MultiPolygon", "coordinates": [ [ [ [ 37.529043774115273, 55.431623527354184 ], [ 37.529156977232674, 55.431707699794302 ], [ 37.531879766153828, 55.432381613372598 ], [ 37.53191943855856, 55.432525108727063 ], [ 37.532092133729087, 55.432563846154423 ], [ 37.532455208691303, 55.432645207691714 ], [ 37.53290282038256, 55.43229702135676 ], [ 37.532900260599789, 55.432196044150139 ], [ 37.533008431651417, 55.432051599680577 ], [ 37.533221657449197, 55.43204010596574 ], [ 37.533386122948393, 55.431929862473936 ], [ 37.533446657966785, 55.431848661229381 ], [ 37.53337974705304, 55.431255839747678 ], [ 37.53342260694216, 55.43119261627853 ], [ 37.533439163125728, 55.431112916367532 ], [ 37.533394063710624, 55.431079637999055 ], [ 37.533297628908961, 55.431063682404229 ], [ 37.533173912557622, 55.431017964929602 ], [ 37.533187010013336, 55.430936218894118 ], [ 37.532966463634736, 55.430304959259061 ], [ 37.532852364738581, 55.430170497166593 ], [ 37.533256887223466, 55.430166125337173 ], [ 37.533899980207032, 55.430345606856385 ], [ 37.535396208737694, 55.431190184060206 ], [ 37.535389104815323, 55.431200960627486 ], [ 37.535738628940109, 55.431046112974222 ], [ 37.536447508272232, 55.430729656293508 ], [ 37.537591311148987, 55.430212026803545 ], [ 37.538509880289737, 55.429785373613186 ], [ 37.539352172789776, 55.429390402790865 ], [ 37.539536244956906, 55.429290138899056 ], [ 37.53617691365492, 55.428275755628349 ], [ 37.533477671977927, 55.427463760729424 ], [ 37.533150964225491, 55.427361578575479 ], [ 37.533084231267225, 55.427460442306625 ], [ 37.529118914124382, 55.431569273670569 ], [ 37.529043774115273, 55.431623527354184 ] ] ] ] } },
{ "type": "Feature", "properties": { "fid": 681, "sqr": 1237117, "gsi": 0.0, "merchant": 0, "industrial": 0, "revolutionary": 0, "postwar": 0, "urban": 0, "stagnation": 0, "nineties": 0, "contemporary": 0, "epoque": 0, "far": 0.0, "mean_lvl": 0.0, "single": 0, "multiple": 0, "dormi": 0, "mixed": 0, "commercial": 0, "public": 0, "utility": 0, "tech": 0, "usage": 0, "low": 0, "mid": 0, "high": 0, "sky": 0, "year_formed": 1931, "year_gone": 9999 }, "geometry": { "type": "MultiPolygon", "coordinates": [ [ [ [ 37.546865831104334, 55.421485504428695 ], [ 37.546883860324556, 55.421485997322478 ], [ 37.546649479319917, 55.423951381689619 ], [ 37.546649478157462, 55.423951394377397 ], [ 37.546547085566957, 55.425068937811915 ], [ 37.546239767018491, 55.428391408348539 ], [ 37.547915429901956, 55.428435381195698 ], [ 37.552022447530454, 55.428447651755775 ], [ 37.554226474013767, 55.428189297158134 ], [ 37.556499940378764, 55.427275036532926 ], [ 37.556765176598518, 55.427178250375995 ], [ 37.561273490384998, 55.425392188838828 ], [ 37.559063535733756, 55.421503304096632 ], [ 37.557799893398368, 55.419279300150869 ], [ 37.556833760818535, 55.417138722281237 ], [ 37.555777167400173, 55.414797448767985 ], [ 37.553770402041259, 55.411090927012772 ], [ 37.553280657099258, 55.410261098238941 ], [ 37.552787569847176, 55.409542194184766 ], [ 37.552443226721536, 55.409098983177749 ], [ 37.552249589573464, 55.409150662102775 ], [ 37.552043640068362, 55.409237568157423 ], [ 37.551774989266029, 55.409083914325208 ], [ 37.551517376512372, 55.409026821244176 ], [ 37.551255682355922, 55.408992062742001 ], [ 37.551124404804966, 55.408986814092252 ], [ 37.55105310997201, 55.409735613606216 ], [ 37.550647813657861, 55.411122648194294 ], [ 37.55046024023801, 55.411717819446693 ], [ 37.55020146092653, 55.412428938708821 ], [ 37.549776481970454, 55.413118514174421 ], [ 37.548822733712228, 55.414546141375347 ], [ 37.548573965118251, 55.414973960703868 ], [ 37.548112018034509, 55.41565391503763 ], [ 37.547833853172321, 55.416068019529568 ], [ 37.547617508095882, 55.416426283351036 ], [ 37.547524394599606, 55.416671424156938 ], [ 37.547360857809224, 55.417128473151379 ], [ 37.547336910023077, 55.41723370842697 ], [ 37.547184321395392, 55.417904224504547 ], [ 37.546865831104334, 55.421485504428695 ] ] ] ] } },
{ "type": "Feature", "properties": { "fid": 682, "sqr": 445167, "gsi": 0.0, "merchant": 0, "industrial": 0, "revolutionary": 0, "postwar": 0, "urban": 0, "stagnation": 0, "nineties": 0, "contemporary": 0, "epoque": 0, "far": 0.0, "mean_lvl": 0.0, "single": 0, "multiple": 0, "dormi": 0, "mixed": 0, "commercial": 0, "public": 0, "utility": 0, "tech": 0, "usage": 0, "low": 0, "mid": 0, "high": 0, "sky": 0, "year_formed": 1900, "year_gone": 1930 }, "geometry": { "type": "MultiPolygon", "coordinates": [ [ [ [ 37.559095367043788, 55.421559323684868 ], [ 37.558464385689625, 55.421794317112486 ], [ 37.555315771820119, 55.423023166896748 ], [ 37.553151164014679, 55.423850277081264 ], [ 37.547223797158779, 55.424010772469309 ], [ 37.54700574224379, 55.424005178711724 ], [ 37.546645396539837, 55.423995943705123 ], [ 37.546547085566957, 55.425068937811915 ], [ 37.546239767018491, 55.428391408348539 ], [ 37.547915429901956, 55.428435381195698 ], [ 37.552022447530454, 55.428447651755775 ], [ 37.554226474013767, 55.428189297158134 ], [ 37.556499940378764, 55.427275036532926 ], [ 37.556765176598518, 55.427178250375995 ], [ 37.561273490384998, 55.425392188838828 ], [ 37.559095367043788, 55.421559323684868 ] ] ] ] } },
{ "type": "Feature", "properties": { "fid": 683, "sqr": 15216, "gsi": 0.0, "merchant": 0, "industrial": 0, "revolutionary": 0, "postwar": 0, "urban": 0, "stagnation": 0, "nineties": 0, "contemporary": 0, "epoque": 0, "far": 0.0, "mean_lvl": 0.0, "single": 0, "multiple": 0, "dormi": 0, "mixed": 0, "commercial": 0, "public": 0, "utility": 0, "tech": 0, "usage": 0, "low": 0, "mid": 0, "high": 0, "sky": 0, "year_formed": 1905, "year_gone": 9999 }, "geometry": { "type": "MultiPolygon", "coordinates": [ [ [ [ 37.555883557881394, 55.429506574121696 ], [ 37.556149799453429, 55.429821288773873 ], [ 37.556202528622755, 55.430203584131213 ], [ 37.556287240222083, 55.430221202626932 ], [ 37.558074162004665, 55.430490550523871 ], [ 37.557889813560827, 55.429710032941152 ], [ 37.557686778296663, 55.428865618915687 ], [ 37.555883557881394, 55.429506574121696 ] ] ] ] } },
{ "type": "Feature", "properties": { "fid": 686, "sqr": 30377, "gsi": 0.0, "merchant": 0, "industrial": 0, "revolutionary": 0, "postwar": 0, "urban": 0, "stagnation": 0, "nineties": 0, "contemporary": 0, "epoque": 0, "far": 0.0, "mean_lvl": 0.0, "single": 0, "multiple": 0, "dormi": 0, "mixed": 0, "commercial": 0, "public": 0, "utility": 0, "tech": 0, "usage": 0, "low": 0, "mid": 0, "high": 0, "sky": 0, "year_formed": 2007, "year_gone": 9999 }, "geometry": { "type": "MultiPolygon", "coordinates": [ [ [ [ 37.535835971146753, 55.431116887006709 ], [ 37.535296446910763, 55.43135590862758 ], [ 37.535313777338324, 55.432060175200569 ], [ 37.535481337456815, 55.432279801468098 ], [ 37.535537437882134, 55.432325581518157 ], [ 37.537157880425653, 55.431676961705485 ], [ 37.53887014163157, 55.430980615108695 ], [ 37.539602346358869, 55.430694459280559 ], [ 37.538545869534261, 55.429884669624705 ], [ 37.537690488938509, 55.430281973176619 ], [ 37.536545491814863, 55.430800143687165 ], [ 37.535835971146753, 55.431116887006709 ] ] ] ] } },
{ "type": "Feature", "properties": { "fid": 687, "sqr": 8751, "gsi": 0.0, "merchant": 0, "industrial": 0, "revolutionary": 0, "postwar": 0, "urban": 0, "stagnation": 0, "nineties": 0, "contemporary": 0, "epoque": 0, "far": 0.0, "mean_lvl": 0.0, "single": 0, "multiple": 0, "dormi": 0, "mixed": 0, "commercial": 0, "public": 0, "utility": 0, "tech": 0, "usage": 0, "low": 0, "mid": 0, "high": 0, "sky": 0, "year_formed": 1920, "year_gone": 2005 }, "geometry": { "type": "MultiPolygon", "coordinates": [ [ [ [ 37.537227651584772, 55.431648326269389 ], [ 37.538346166997606, 55.431189277352111 ], [ 37.537432440861771, 55.430399770469336 ], [ 37.536545344261953, 55.430800210101495 ], [ 37.536410543691701, 55.430859952129978 ], [ 37.537227651584772, 55.431648326269389 ] ] ] ] } },
{ "type": "Feature", "properties": { "fid": 688, "sqr": 10340, "gsi": 0.0, "merchant": 0, "industrial": 0, "revolutionary": 0, "postwar": 0, "urban": 0, "stagnation": 0, "nineties": 0, "contemporary": 0, "epoque": 0, "far": 0.0, "mean_lvl": 0.0, "single": 0, "multiple": 0, "dormi": 0, "mixed": 0, "commercial": 0, "public": 0, "utility": 0, "tech": 0, "usage": 0, "low": 0, "mid": 0, "high": 0, "sky": 0, "year_formed": 1925, "year_gone": 2005 }, "geometry": { "type": "MultiPolygon", "coordinates": [ [ [ [ 37.536285086836244, 55.430915865673924 ], [ 37.535836011037759, 55.431116869333884 ], [ 37.535265604421703, 55.431369572397827 ], [ 37.534953485345724, 55.431509210472733 ], [ 37.535756046999246, 55.432236729283815 ], [ 37.537098497158503, 55.431700674495481 ], [ 37.536285086836244, 55.430915865673924 ] ] ] ] } },
{ "type": "Feature", "properties": { "fid": 689, "sqr": 9122, "gsi": 0.0, "merchant": 0, "industrial": 0, "revolutionary": 0, "postwar": 0, "urban": 0, "stagnation": 0, "nineties": 0, "contemporary": 0, "epoque": 0, "far": 0.0, "mean_lvl": 0.0, "single": 0, "multiple": 0, "dormi": 0, "mixed": 0, "commercial": 0, "public": 0, "utility": 0, "tech": 0, "usage": 0, "low": 0, "mid": 0, "high": 0, "sky": 0, "year_formed": 1915, "year_gone": 2005 }, "geometry": { "type": "MultiPolygon", "coordinates": [ [ [ [ 37.538545814634247, 55.429884627542755 ], [ 37.537556176414505, 55.430343246322444 ], [ 37.538475330519695, 55.431137441180255 ], [ 37.539602469630367, 55.430694553765726 ], [ 37.538545814634247, 55.429884627542755 ] ] ] ] } },
{ "type": "Feature", "properties": { "fid": 692, "sqr": 59574, "gsi": 0.0, "merchant": 0, "industrial": 0, "revolutionary": 0, "postwar": 0, "urban": 0, "stagnation": 0, "nineties": 0, "contemporary": 0, "epoque": 0, "far": 0.0, "mean_lvl": 0.0, "single": 0, "multiple": 0, "dormi": 0, "mixed": 0, "commercial": 0, "public": 0, "utility": 0, "tech": 0, "usage": 0, "low": 0, "mid": 0, "high": 0, "sky": 0, "year_formed": 1981, "year_gone": 9999 }, "geometry": { "type": "MultiPolygon", "coordinates": [ [ [ [ 37.538590986389224, 55.432884405253255 ], [ 37.539865893883224, 55.434019053158657 ], [ 37.5411686666151, 55.433467656689089 ], [ 37.542546215158644, 55.432866898581814 ], [ 37.541160528157917, 55.431839928065052 ], [ 37.539697842800614, 55.43076616082174 ], [ 37.538960858452491, 55.431054184874732 ], [ 37.53731143853291, 55.431724976452514 ], [ 37.537548653057975, 55.431929482956093 ], [ 37.538590986389224, 55.432884405253255 ] ] ] ] } },
{ "type": "Feature", "properties": { "fid": 694, "sqr": 12379, "gsi": 0.0, "merchant": 0, "industrial": 0, "revolutionary": 0, "postwar": 0, "urban": 0, "stagnation": 0, "nineties": 0, "contemporary": 0, "epoque": 0, "far": 0.0, "mean_lvl": 0.0, "single": 0, "multiple": 0, "dormi": 0, "mixed": 0, "commercial": 0, "public": 0, "utility": 0, "tech": 0, "usage": 0, "low": 0, "mid": 0, "high": 0, "sky": 0, "year_formed": 1920, "year_gone": 1983 }, "geometry": { "type": "MultiPolygon", "coordinates": [ [ [ [ 37.537154323660971, 55.433597346569748 ], [ 37.535888284713572, 55.434195150867801 ], [ 37.536787222167725, 55.434981773559151 ], [ 37.538296076031223, 55.434684622697745 ], [ 37.537154323660971, 55.433597346569748 ] ] ] ] } },
{ "type": "Feature", "properties": { "fid": 695, "sqr": 14597, "gsi": 0.0, "merchant": 0, "industrial": 0, "revolutionary": 0, "postwar": 0, "urban": 0, "stagnation": 0, "nineties": 0, "contemporary": 0, "epoque": 0, "far": 0.0, "mean_lvl": 0.0, "single": 0, "multiple": 0, "dormi": 0, "mixed": 0, "commercial": 0, "public": 0, "utility": 0, "tech": 0, "usage": 0, "low": 0, "mid": 0, "high": 0, "sky": 0, "year_formed": 1920, "year_gone": 1983 }, "geometry": { "type": "MultiPolygon", "coordinates": [ [ [ [ 37.53719630558021, 55.433461591783512 ], [ 37.538419932067399, 55.432898501213678 ], [ 37.53718091497722, 55.431777502417603 ], [ 37.535954401541552, 55.432266332989997 ], [ 37.53719630558021, 55.433461591783512 ] ] ] ] } },
{ "type": "Feature", "properties": { "fid": 696, "sqr": 32505, "gsi": 0.0, "merchant": 0, "industrial": 0, "revolutionary": 0, "postwar": 0, "urban": 0, "stagnation": 0, "nineties": 0, "contemporary": 0, "epoque": 0, "far": 0.0, "mean_lvl": 0.0, "single": 0, "multiple": 0, "dormi": 0, "mixed": 0, "commercial": 0, "public": 0, "utility": 0, "tech": 0, "usage": 0, "low": 0, "mid": 0, "high": 0, "sky": 0, "year_formed": 1873, "year_gone": 9999 }, "geometry": { "type": "MultiPolygon", "coordinates": [ [ [ [ 37.499097030271123, 55.43838438447694 ], [ 37.499228277163375, 55.438461423153193 ], [ 37.499308391189096, 55.43869525669281 ], [ 37.499334772845472, 55.438817282421319 ], [ 37.4994241158374, 55.438894442166635 ], [ 37.49952060947431, 55.438925485273323 ], [ 37.499609897447044, 55.4389325501458 ], [ 37.499721572650927, 55.438917654750071 ], [ 37.499810119485488, 55.438886296140765 ], [ 37.499992570285166, 55.43878250405951 ], [ 37.500123087635941, 55.43865613027122 ], [ 37.500292233280078, 55.438594829202508 ], [ 37.500760099378041, 55.438468195118169 ], [ 37.50100053067986, 55.438493217410205 ], [ 37.501022889634605, 55.438493658716048 ], [ 37.500695866584138, 55.438054937025825 ], [ 37.500925173260441, 55.437809633889657 ], [ 37.500914787835207, 55.437470229002052 ], [ 37.502176331502575, 55.437364201977744 ], [ 37.502829698524145, 55.43741751525144 ], [ 37.502898051246248, 55.437346824406745 ], [ 37.503214650142588, 55.437193760680074 ], [ 37.503296790573827, 55.437145701864011 ], [ 37.50346042197323, 55.437042424084545 ], [ 37.503704827006665, 55.436443557124456 ], [ 37.503559303811706, 55.436458598071177 ], [ 37.503144438300716, 55.436436852737806 ], [ 37.501343341117945, 55.436600208181396 ], [ 37.501033931387113, 55.436610902299918 ], [ 37.501019603626943, 55.436610434245281 ], [ 37.50013176255635, 55.437168345200824 ], [ 37.499716745796036, 55.437438602798807 ], [ 37.499632470789123, 55.437505614512105 ], [ 37.499559737423397, 55.437594741340519 ], [ 37.499443897480496, 55.437773663153877 ], [ 37.499059949636589, 55.438366681292173 ], [ 37.499097030271123, 55.43838438447694 ] ] ] ] } },
{ "type": "Feature", "properties": { "fid": 697, "sqr": 323095, "gsi": 0.0, "merchant": 0, "industrial": 0, "revolutionary": 0, "postwar": 0, "urban": 0, "stagnation": 0, "nineties": 0, "contemporary": 0, "epoque": 0, "far": 0.0, "mean_lvl": 0.0, "single": 0, "multiple": 0, "dormi": 0, "mixed": 0, "commercial": 0, "public": 0, "utility": 0, "tech": 0, "usage": 0, "low": 0, "mid": 0, "high": 0, "sky": 0, "year_formed": 1871, "year_gone": 9999 }, "geometry": { "type": "MultiPolygon", "coordinates": [ [ [ [ 37.567110826665854, 55.449981167433428 ], [ 37.566853495074781, 55.450047054158908 ], [ 37.566746143793047, 55.45026524389656 ], [ 37.566291139067779, 55.451243648812714 ], [ 37.565982330592703, 55.451890546052127 ], [ 37.565327153349294, 55.454041203103571 ], [ 37.56537682920041, 55.454555283217537 ], [ 37.565550410483361, 55.454962222897713 ], [ 37.565385817317079, 55.455414209940542 ], [ 37.566211949292921, 55.455733173582935 ], [ 37.567839899350787, 55.456188060875824 ], [ 37.569447830767373, 55.456717407726771 ], [ 37.569569251379278, 55.456749432893538 ], [ 37.570102663110482, 55.456901253114943 ], [ 37.57056022918394, 55.457001222953444 ], [ 37.570800492866482, 55.457084373856247 ], [ 37.57084568974367, 55.457136995973947 ], [ 37.570878390086115, 55.457092125459582 ], [ 37.571183685787517, 55.457007139037991 ], [ 37.571697312783577, 55.45701654424483 ], [ 37.572337609676417, 55.45705107644352 ], [ 37.57258444363589, 55.457057726168813 ], [ 37.572688019683156, 55.457060566630531 ], [ 37.57282811528917, 55.457067261642436 ], [ 37.57323967065129, 55.457077926791762 ], [ 37.574033917039273, 55.457100445273142 ], [ 37.574038254639852, 55.457066916097595 ], [ 37.574074728153377, 55.456783293570361 ], [ 37.574216635481584, 55.456307974827979 ], [ 37.574526352260634, 55.456179570027714 ], [ 37.575234888189016, 55.456160321946442 ], [ 37.575639986978551, 55.456059754305457 ], [ 37.575686808170722, 55.455884502403698 ], [ 37.575880905286219, 55.455745938526306 ], [ 37.575243480820575, 55.455743016230336 ], [ 37.574596797479217, 55.455879628686702 ], [ 37.573721968189574, 55.455850012906652 ], [ 37.572834589743366, 55.455670305187716 ], [ 37.570346741126528, 55.45549210743534 ], [ 37.570721216315945, 55.454830568967957 ], [ 37.571384125663236, 55.45480929156578 ], [ 37.571507514707221, 55.454453088629194 ], [ 37.57085257195363, 55.453229653221094 ], [ 37.572017149697757, 55.452725070189295 ], [ 37.572700815280186, 55.452337371719466 ], [ 37.573144840881319, 55.451882725508206 ], [ 37.573304260484854, 55.451465464479988 ], [ 37.573255221739949, 55.451096973698149 ], [ 37.573015010452913, 55.450647746523479 ], [ 37.572293296087842, 55.450473568754163 ], [ 37.57181449745017, 55.450432372860668 ], [ 37.571910864083129, 55.449990244173385 ], [ 37.571995090295225, 55.44960843525913 ], [ 37.571904933219223, 55.449372729214787 ], [ 37.571881782166741, 55.449179199250096 ], [ 37.571790772916458, 55.448917261827987 ], [ 37.571622762576098, 55.448805695878505 ], [ 37.571387546070724, 55.448901332041594 ], [ 37.571344387520192, 55.448867982280227 ], [ 37.567110826665854, 55.449981167433428 ] ] ] ] } },
{ "type": "Feature", "properties": { "fid": 698, "sqr": 69420, "gsi": 0.0, "merchant": 0, "industrial": 0, "revolutionary": 0, "postwar": 0, "urban": 0, "stagnation": 0, "nineties": 0, "contemporary": 0, "epoque": 0, "far": 0.0, "mean_lvl": 0.0, "single": 0, "multiple": 0, "dormi": 0, "mixed": 0, "commercial": 0, "public": 0, "utility": 0, "tech": 0, "usage": 0, "low": 0, "mid": 0, "high": 0, "sky": 0, "year_formed": 1936, "year_gone": 9999 }, "geometry": { "type": "MultiPolygon", "coordinates": [ [ [ [ 37.555627166299168, 55.439188380303655 ], [ 37.555987315011528, 55.439074616669743 ], [ 37.556528824405433, 55.438843876656215 ], [ 37.556426261869703, 55.43871658124408 ], [ 37.556212996330792, 55.438556319817678 ], [ 37.554776445878709, 55.437761466607753 ], [ 37.550295646481629, 55.439921740676056 ], [ 37.549361372910965, 55.441113510108664 ], [ 37.551183923357407, 55.441630663670715 ], [ 37.551801341598583, 55.440971501393442 ], [ 37.551952300385118, 55.440873553883513 ], [ 37.551829873603602, 55.440587922554229 ], [ 37.55208157699537, 55.44034262261242 ], [ 37.552436920529217, 55.440184609820932 ], [ 37.552859246713339, 55.440081753662817 ], [ 37.553181094387334, 55.439967840704611 ], [ 37.553335954902714, 55.439952517927111 ], [ 37.553728244814167, 55.440007812131761 ], [ 37.553940147037977, 55.440068562020066 ], [ 37.554222702550618, 55.439939427289289 ], [ 37.554355398926063, 55.439765946209498 ], [ 37.554552979762413, 55.439605385772168 ], [ 37.554662018130799, 55.439546862384937 ], [ 37.554820939024744, 55.439523132125721 ], [ 37.55497085051023, 55.439516383046794 ], [ 37.555155945273405, 55.4394979753272 ], [ 37.555293290366905, 55.439459049974396 ], [ 37.555359699826575, 55.439398607059537 ], [ 37.555627166299168, 55.439188380303655 ] ] ] ] } },
{ "type": "Feature", "properties": { "fid": 700, "sqr": 74468, "gsi": 0.0, "merchant": 0, "industrial": 0, "revolutionary": 0, "postwar": 0, "urban": 0, "stagnation": 0, "nineties": 0, "contemporary": 0, "epoque": 0, "far": 0.0, "mean_lvl": 0.0, "single": 0, "multiple": 0, "dormi": 0, "mixed": 0, "commercial": 0, "public": 0, "utility": 0, "tech": 0, "usage": 0, "low": 0, "mid": 0, "high": 0, "sky": 0, "year_formed": 1925, "year_gone": 1953 }, "geometry": { "type": "MultiPolygon", "coordinates": [ [ [ [ 37.581682575889296, 55.423132130720823 ], [ 37.579108597658553, 55.4240298740783 ], [ 37.577195839187098, 55.424874912339106 ], [ 37.57489437871147, 55.425693516874773 ], [ 37.573394163751018, 55.426460157443941 ], [ 37.57463050615091, 55.427075585828618 ], [ 37.577719751735778, 55.425898593726565 ], [ 37.582843569528045, 55.423974367062904 ], [ 37.581682575889296, 55.423132130720823 ] ] ] ] } },
{ "type": "Feature", "properties": { "fid": 701, "sqr": 158757, "gsi": 0.0, "merchant": 0, "industrial": 0, "revolutionary": 0, "postwar": 0, "urban": 0, "stagnation": 0, "nineties": 0, "contemporary": 0, "epoque": 0, "far": 0.0, "mean_lvl": 0.0, "single": 0, "multiple": 0, "dormi": 0, "mixed": 0, "commercial": 0, "public": 0, "utility": 0, "tech": 0, "usage": 0, "low": 0, "mid": 0, "high": 0, "sky": 0, "year_formed": 1917, "year_gone": 1953 }, "geometry": { "type": "MultiPolygon", "coordinates": [ [ [ [ 37.568752401124698, 55.427466379494192 ], [ 37.568385363947257, 55.427055610269498 ], [ 37.568045357218338, 55.42655947807387 ], [ 37.56609778534213, 55.425585413076547 ], [ 37.5658209231784, 55.424781353346873 ], [ 37.564996911630153, 55.42458245126096 ], [ 37.564553202576739, 55.42486178224641 ], [ 37.564124016206229, 55.425050661091255 ], [ 37.563558530635753, 55.425253076409 ], [ 37.562901149296565, 55.425425394609853 ], [ 37.563021060197102, 55.425649198721928 ], [ 37.563043156544978, 55.425690391766409 ], [ 37.563323874491893, 55.426214277923975 ], [ 37.563584064750167, 55.426699803464984 ], [ 37.563847563959861, 55.427191600231858 ], [ 37.563908535787107, 55.427305287916688 ], [ 37.563963680669147, 55.427398586794375 ], [ 37.564876924104659, 55.428945015457288 ], [ 37.56534252048823, 55.429506751084681 ], [ 37.565963560242899, 55.430600009530423 ], [ 37.566054898108874, 55.430578030650864 ], [ 37.567909443980191, 55.430131313171003 ], [ 37.568901076528078, 55.429770585001613 ], [ 37.570028355959188, 55.429139935813652 ], [ 37.570324219546087, 55.428976691606707 ], [ 37.569352216683882, 55.42804990840775 ], [ 37.568752401124698, 55.427466379494192 ] ] ] ] } },
{ "type": "Feature", "properties": { "fid": 702, "sqr": 368397, "gsi": 0.0, "merchant": 0, "industrial": 0, "revolutionary": 0, "postwar": 0, "urban": 0, "stagnation": 0, "nineties": 0, "contemporary": 0, "epoque": 0, "far": 0.0, "mean_lvl": 0.0, "single": 0, "multiple": 0, "dormi": 0, "mixed": 0, "commercial": 0, "public": 0, "utility": 0, "tech": 0, "usage": 0, "low": 0, "mid": 0, "high": 0, "sky": 0, "year_formed": 1954, "year_gone": 9999 }, "geometry": { "type": "MultiPolygon", "coordinates": [ [ [ [ 37.565106622314616, 55.424511327109684 ], [ 37.56595984606161, 55.42471727983456 ], [ 37.566228587918246, 55.425497750073127 ], [ 37.567634217029415, 55.425141041452854 ], [ 37.568259147325527, 55.424956335958072 ], [ 37.568548294249744, 55.425047110535459 ], [ 37.572889588676482, 55.425588473613381 ], [ 37.575057450665319, 55.42562001724307 ], [ 37.577483036679709, 55.425988786632146 ], [ 37.577719751735849, 55.425898593726536 ], [ 37.582843569528045, 55.423974367062904 ], [ 37.581643820465111, 55.423104015010864 ], [ 37.58112867104407, 55.422849990145771 ], [ 37.580180992528781, 55.422428610879571 ], [ 37.57969413451967, 55.422212729378764 ], [ 37.579611325242645, 55.422175991431786 ], [ 37.579227715725885, 55.42201252989878 ], [ 37.57775139746078, 55.421361400966035 ], [ 37.576915548306026, 55.420992673240271 ], [ 37.576216580095391, 55.420649322269242 ], [ 37.572159681009339, 55.423387325841098 ], [ 37.571427883578259, 55.423070752180678 ], [ 37.570483754432452, 55.422623315659777 ], [ 37.570478175919312, 55.422560384234032 ], [ 37.570140222715622, 55.422585228473032 ], [ 37.569782257804768, 55.42242926764812 ], [ 37.568486865593925, 55.421864862541256 ], [ 37.567621298728021, 55.421487581899527 ], [ 37.567559360392544, 55.421461888043645 ], [ 37.567253792412124, 55.421682654796648 ], [ 37.567007986397257, 55.421918621074873 ], [ 37.566672403539805, 55.422295533114607 ], [ 37.566128564099941, 55.423102750456202 ], [ 37.566073233602886, 55.423245311898903 ], [ 37.566082926629548, 55.42338343359669 ], [ 37.566161007944558, 55.423573281266059 ], [ 37.566218368594967, 55.423688958102268 ], [ 37.566200209719618, 55.423817899358404 ], [ 37.566104626302838, 55.423935180583868 ], [ 37.565943432676853, 55.424026394328322 ], [ 37.565736519136721, 55.424080376745565 ], [ 37.565509625486513, 55.424090306194607 ], [ 37.565429001131228, 55.424077324002049 ], [ 37.565439479102103, 55.424106569649567 ], [ 37.565412932657431, 55.424259539851036 ], [ 37.565357570511836, 55.424346117070378 ], [ 37.565106622314616, 55.424511327109684 ] ] ] ] } },
{ "type": "Feature", "properties": { "fid": 703, "sqr": 24560, "gsi": 0.0, "merchant": 0, "industrial": 0, "revolutionary": 0, "postwar": 0, "urban": 0, "stagnation": 0, "nineties": 0, "contemporary": 0, "epoque": 0, "far": 0.0, "mean_lvl": 0.0, "single": 0, "multiple": 0, "dormi": 0, "mixed": 0, "commercial": 0, "public": 0, "utility": 0, "tech": 0, "usage": 0, "low": 0, "mid": 0, "high": 0, "sky": 0, "year_formed": 1984, "year_gone": 9999 }, "geometry": { "type": "MultiPolygon", "coordinates": [ [ [ [ 37.586858321233727, 55.4538574934449 ], [ 37.587419614675618, 55.454848108019377 ], [ 37.587549440173134, 55.454768405692619 ], [ 37.587664497396929, 55.454741567575965 ], [ 37.588610373935019, 55.454667946777583 ], [ 37.589115256148077, 55.454613614575379 ], [ 37.589479538448451, 55.454566427748262 ], [ 37.589740477166195, 55.454528582423478 ], [ 37.589858088329315, 55.454497809621977 ], [ 37.589917117740868, 55.454459414695357 ], [ 37.589821620549401, 55.454331165649776 ], [ 37.589382585409979, 55.453686540115285 ], [ 37.589225913246047, 55.45350070302689 ], [ 37.58904959167409, 55.453271316155501 ], [ 37.588991828287604, 55.453218829148625 ], [ 37.588895543441488, 55.453144215850685 ], [ 37.588858611623856, 55.453148794166445 ], [ 37.587507958608391, 55.453266149078516 ], [ 37.587483629960765, 55.453287608813717 ], [ 37.587511298813084, 55.453338287051302 ], [ 37.587565977383292, 55.453438637832654 ], [ 37.586935003207358, 55.453600290751567 ], [ 37.58682242564462, 55.453616409446283 ], [ 37.58680217954538, 55.453632108313492 ], [ 37.586858321233727, 55.4538574934449 ] ] ] ] } },
{ "type": "Feature", "properties": { "fid": 704, "sqr": 12184, "gsi": 0.0, "merchant": 0, "industrial": 0, "revolutionary": 0, "postwar": 0, "urban": 0, "stagnation": 0, "nineties": 0, "contemporary": 0, "epoque": 0, "far": 0.0, "mean_lvl": 0.0, "single": 0, "multiple": 0, "dormi": 0, "mixed": 0, "commercial": 0, "public": 0, "utility": 0, "tech": 0, "usage": 0, "low": 0, "mid": 0, "high": 0, "sky": 0, "year_formed": 1925, "year_gone": 1963 }, "geometry": { "type": "MultiPolygon", "coordinates": [ [ [ [ 37.568368104481074, 55.431602123259516 ], [ 37.566805598167001, 55.431954897058453 ], [ 37.566892045960181, 55.432074958791411 ], [ 37.567188755705573, 55.432497447651741 ], [ 37.567340230816797, 55.43267296003544 ], [ 37.567522015355145, 55.432773861450272 ], [ 37.567590022965341, 55.432868349303526 ], [ 37.567930122064297, 55.432808956807385 ], [ 37.569072485590603, 55.432607706080404 ], [ 37.568368104481074, 55.431602123259516 ] ] ] ] } },
{ "type": "Feature", "properties": { "fid": 705, "sqr": 7158, "gsi": 0.0, "merchant": 0, "industrial": 0, "revolutionary": 0, "postwar": 0, "urban": 0, "stagnation": 0, "nineties": 0, "contemporary": 0, "epoque": 0, "far": 0.0, "mean_lvl": 0.0, "single": 0, "multiple": 0, "dormi": 0, "mixed": 0, "commercial": 0, "public": 0, "utility": 0, "tech": 0, "usage": 0, "low": 0, "mid": 0, "high": 0, "sky": 0, "year_formed": 1925, "year_gone": 1973 }, "geometry": { "type": "MultiPolygon", "coordinates": [ [ [ [ 37.570825726264275, 55.432354902323361 ], [ 37.571395014986621, 55.433079223384603 ], [ 37.571634805755245, 55.433009366628212 ], [ 37.571925022786907, 55.432923825828418 ], [ 37.57213671890225, 55.432865652110955 ], [ 37.572513816615967, 55.432762013114584 ], [ 37.572245405127106, 55.432190493391666 ], [ 37.572425285327711, 55.432035643141006 ], [ 37.570825726264275, 55.432354902323361 ] ] ] ] } },
{ "type": "Feature", "properties": { "fid": 706, "sqr": 10676, "gsi": 0.0, "merchant": 0, "industrial": 0, "revolutionary": 0, "postwar": 0, "urban": 0, "stagnation": 0, "nineties": 0, "contemporary": 0, "epoque": 0, "far": 0.0, "mean_lvl": 0.0, "single": 0, "multiple": 0, "dormi": 0, "mixed": 0, "commercial": 0, "public": 0, "utility": 0, "tech": 0, "usage": 0, "low": 0, "mid": 0, "high": 0, "sky": 0, "year_formed": 1925, "year_gone": 1963 }, "geometry": { "type": "MultiPolygon", "coordinates": [ [ [ [ 37.570078268864599, 55.431315880300353 ], [ 37.570763370624192, 55.432272124613711 ], [ 37.572382364279697, 55.431948986506704 ], [ 37.571875476985412, 55.431847479757486 ], [ 37.571525421071932, 55.431082210006878 ], [ 37.571476874873824, 55.430981045653731 ], [ 37.570078268864599, 55.431315880300353 ] ] ] ] } },
{ "type": "Feature", "properties": { "fid": 707, "sqr": 18735, "gsi": 0.0, "merchant": 0, "industrial": 0, "revolutionary": 0, "postwar": 0, "urban": 0, "stagnation": 0, "nineties": 0, "contemporary": 0, "epoque": 0, "far": 0.0, "mean_lvl": 0.0, "single": 0, "multiple": 0, "dormi": 0, "mixed": 0, "commercial": 0, "public": 0, "utility": 0, "tech": 0, "usage": 0, "low": 0, "mid": 0, "high": 0, "sky": 0, "year_formed": 1925, "year_gone": 1963 }, "geometry": { "type": "MultiPolygon", "coordinates": [ [ [ [ 37.569043201204892, 55.429817116009453 ], [ 37.570019615249628, 55.431232434844198 ], [ 37.571434913955677, 55.43089360379475 ], [ 37.57098047376374, 55.429946575987067 ], [ 37.57025796753922, 55.429429909960831 ], [ 37.570066713494874, 55.429244518313759 ], [ 37.569043201204892, 55.429817116009453 ] ] ] ] } },
{ "type": "Feature", "properties": { "fid": 708, "sqr": 10925, "gsi": 0.0, "merchant": 0, "industrial": 0, "revolutionary": 0, "postwar": 0, "urban": 0, "stagnation": 0, "nineties": 0, "contemporary": 0, "epoque": 0, "far": 0.0, "mean_lvl": 0.0, "single": 0, "multiple": 0, "dormi": 0, "mixed": 0, "commercial": 0, "public": 0, "utility": 0, "tech": 0, "usage": 0, "low": 0, "mid": 0, "high": 0, "sky": 0, "year_formed": 1925, "year_gone": 1963 }, "geometry": { "type": "MultiPolygon", "coordinates": [ [ [ [ 37.570614092506048, 55.432301917975373 ], [ 37.569929155490435, 55.431345898445592 ], [ 37.568518099684425, 55.431573443819531 ], [ 37.569222866678189, 55.432579571921075 ], [ 37.570614092506048, 55.432301917975373 ] ] ] ] } },
{ "type": "Feature", "properties": { "fid": 709, "sqr": 14565, "gsi": 0.0, "merchant": 0, "industrial": 0, "revolutionary": 0, "postwar": 0, "urban": 0, "stagnation": 0, "nineties": 0, "contemporary": 0, "epoque": 0, "far": 0.0, "mean_lvl": 0.0, "single": 0, "multiple": 0, "dormi": 0, "mixed": 0, "commercial": 0, "public": 0, "utility": 0, "tech": 0, "usage": 0, "low": 0, "mid": 0, "high": 0, "sky": 0, "year_formed": 1925, "year_gone": 1963 }, "geometry": { "type": "MultiPolygon", "coordinates": [ [ [ [ 37.566745724992337, 55.431871742631152 ], [ 37.56830880265337, 55.431518839949753 ], [ 37.567454744589547, 55.430338421202158 ], [ 37.566116514620532, 55.430660766290721 ], [ 37.566013309802926, 55.43068560075092 ], [ 37.566247996204751, 55.431078831456915 ], [ 37.566616605181494, 55.431692414235229 ], [ 37.566745724992337, 55.431871742631152 ] ] ] ] } },
{ "type": "Feature", "properties": { "fid": 710, "sqr": 90009, "gsi": 0.0, "merchant": 0, "industrial": 0, "revolutionary": 0, "postwar": 0, "urban": 0, "stagnation": 0, "nineties": 0, "contemporary": 0, "epoque": 0, "far": 0.0, "mean_lvl": 0.0, "single": 0, "multiple": 0, "dormi": 0, "mixed": 0, "commercial": 0, "public": 0, "utility": 0, "tech": 0, "usage": 0, "low": 0, "mid": 0, "high": 0, "sky": 0, "year_formed": 1964, "year_gone": 1973 }, "geometry": { "type": "MultiPolygon", "coordinates": [ [ [ [ 37.570692409463177, 55.432286287277357 ], [ 37.572382364279697, 55.431948986506704 ], [ 37.571875476985412, 55.431847479757486 ], [ 37.571525421071932, 55.431082210006878 ], [ 37.57098047376374, 55.429946575987067 ], [ 37.57025796753922, 55.429429909960831 ], [ 37.570066713494874, 55.429244518313759 ], [ 37.569000123560144, 55.429841214978566 ], [ 37.567983356093826, 55.430211086817998 ], [ 37.566116514620532, 55.430660766290721 ], [ 37.566013309802926, 55.43068560075092 ], [ 37.566247996204751, 55.431078831456915 ], [ 37.566616605181494, 55.431692414235229 ], [ 37.566892045960181, 55.432074958791411 ], [ 37.567188755705573, 55.432497447651741 ], [ 37.567340230816797, 55.43267296003544 ], [ 37.567522015355138, 55.432773861450272 ], [ 37.567589972362534, 55.432868278997582 ], [ 37.569152753889178, 55.432593564159667 ], [ 37.570692409463177, 55.432286287277357 ] ] ] ] } },
{ "type": "Feature", "properties": { "fid": 711, "sqr": 10047, "gsi": 0.0, "merchant": 0, "industrial": 0, "revolutionary": 0, "postwar": 0, "urban": 0, "stagnation": 0, "nineties": 0, "contemporary": 0, "epoque": 0, "far": 0.0, "mean_lvl": 0.0, "single": 0, "multiple": 0, "dormi": 0, "mixed": 0, "commercial": 0, "public": 0, "utility": 0, "tech": 0, "usage": 0, "low": 0, "mid": 0, "high": 0, "sky": 0, "year_formed": 1925, "year_gone": 1973 }, "geometry": { "type": "MultiPolygon", "coordinates": [ [ [ [ 37.567650369359001, 55.432951706654123 ], [ 37.568306623710939, 55.433853818294864 ], [ 37.569705133670411, 55.433513160614318 ], [ 37.569131055737834, 55.432691423343705 ], [ 37.567650369359001, 55.432951706654123 ] ] ] ] } },
{ "type": "Feature", "properties": { "fid": 712, "sqr": 9002, "gsi": 0.0, "merchant": 0, "industrial": 0, "revolutionary": 0, "postwar": 0, "urban": 0, "stagnation": 0, "nineties": 0, "contemporary": 0, "epoque": 0, "far": 0.0, "mean_lvl": 0.0, "single": 0, "multiple": 0, "dormi": 0, "mixed": 0, "commercial": 0, "public": 0, "utility": 0, "tech": 0, "usage": 0, "low": 0, "mid": 0, "high": 0, "sky": 0, "year_formed": 1925, "year_gone": 1973 }, "geometry": { "type": "MultiPolygon", "coordinates": [ [ [ [ 37.569850579403983, 55.433477970841224 ], [ 37.57085525842102, 55.433236464678842 ], [ 37.571254181817601, 55.433120251101855 ], [ 37.57067611787604, 55.432384761621826 ], [ 37.569281315943783, 55.432663129432541 ], [ 37.569850579403983, 55.433477970841224 ] ] ] ] } },
{ "type": "Feature", "properties": { "fid": 713, "sqr": 109104, "gsi": 0.0, "merchant": 0, "industrial": 0, "revolutionary": 0, "postwar": 0, "urban": 0, "stagnation": 0, "nineties": 0, "contemporary": 0, "epoque": 0, "far": 0.0, "mean_lvl": 0.0, "single": 0, "multiple": 0, "dormi": 0, "mixed": 0, "commercial": 0, "public": 0, "utility": 0, "tech": 0, "usage": 0, "low": 0, "mid": 0, "high": 0, "sky": 0, "year_formed": 1974, "year_gone": 9999 }, "geometry": { "type": "MultiPolygon", "coordinates": [ [ [ [ 37.570884932329982, 55.433227820202852 ], [ 37.571634805755323, 55.433009366628191 ], [ 37.571925022786907, 55.432923825828418 ], [ 37.57213671890225, 55.432865652110955 ], [ 37.572513816615967, 55.432762013114584 ], [ 37.572245405127106, 55.432190493391666 ], [ 37.572498851332703, 55.431972313259891 ], [ 37.571875476985412, 55.431847479757486 ], [ 37.571525421071932, 55.431082210006878 ], [ 37.57098047376374, 55.429946575987067 ], [ 37.57025796753922, 55.429429909960831 ], [ 37.570066713494874, 55.429244518313759 ], [ 37.569000123560144, 55.429841214978566 ], [ 37.567983356093826, 55.430211086817998 ], [ 37.566116514620532, 55.430660766290721 ], [ 37.566013309802926, 55.43068560075092 ], [ 37.566247996204751, 55.431078831456915 ], [ 37.566616605181494, 55.431692414235229 ], [ 37.566892045960181, 55.432074958791411 ], [ 37.567188755705573, 55.432497447651741 ], [ 37.567340230816797, 55.43267296003544 ], [ 37.567493094141987, 55.432757808479813 ], [ 37.568339867824228, 55.432846824424772 ], [ 37.569064496230062, 55.432944090649684 ], [ 37.570703327908141, 55.433185765321426 ], [ 37.570884932329982, 55.433227820202852 ] ] ] ] } },
{ "type": "Feature", "properties": { "fid": 714, "sqr": 16525, "gsi": 0.0, "merchant": 0, "industrial": 0, "revolutionary": 0, "postwar": 0, "urban": 0, "stagnation": 0, "nineties": 0, "contemporary": 0, "epoque": 0, "far": 0.0, "mean_lvl": 0.0, "single": 0, "multiple": 0, "dormi": 0, "mixed": 0, "commercial": 0, "public": 0, "utility": 0, "tech": 0, "usage": 0, "low": 0, "mid": 0, "high": 0, "sky": 0, "year_formed": 1925, "year_gone": 1983 }, "geometry": { "type": "MultiPolygon", "coordinates": [ [ [ [ 37.535804368984643, 55.434117983747811 ], [ 37.537072579985384, 55.433519154082603 ], [ 37.535825064555276, 55.432318491309388 ], [ 37.535563077551615, 55.432425200280456 ], [ 37.534470496165653, 55.432843508820994 ], [ 37.535804368984643, 55.434117983747811 ] ] ] ] } },
{ "type": "Feature", "properties": { "fid": 715, "sqr": 13225, "gsi": 0.0, "merchant": 0, "industrial": 0, "revolutionary": 0, "postwar": 0, "urban": 0, "stagnation": 0, "nineties": 0, "contemporary": 0, "epoque": 0, "far": 0.0, "mean_lvl": 0.0, "single": 0, "multiple": 0, "dormi": 0, "mixed": 0, "commercial": 0, "public": 0, "utility": 0, "tech": 0, "usage": 0, "low": 0, "mid": 0, "high": 0, "sky": 0, "year_formed": 1925, "year_gone": 1983 }, "geometry": { "type": "MultiPolygon", "coordinates": [ [ [ [ 37.535677849101333, 55.434172793359892 ], [ 37.534339884174997, 55.432894404852696 ], [ 37.533248478596946, 55.433326304312367 ], [ 37.534590581041655, 55.43449799797429 ], [ 37.534671122588286, 55.43451795687178 ], [ 37.534742637253814, 55.43450928644824 ], [ 37.535453871411541, 55.434259608338799 ], [ 37.535677849101333, 55.434172793359892 ] ] ] ] } },
{ "type": "Feature", "properties": { "fid": 716, "sqr": 123848, "gsi": 0.0, "merchant": 0, "industrial": 0, "revolutionary": 0, "postwar": 0, "urban": 0, "stagnation": 0, "nineties": 0, "contemporary": 0, "epoque": 0, "far": 0.0, "mean_lvl": 0.0, "single": 0, "multiple": 0, "dormi": 0, "mixed": 0, "commercial": 0, "public": 0, "utility": 0, "tech": 0, "usage": 0, "low": 0, "mid": 0, "high": 0, "sky": 0, "year_formed": 1905, "year_gone": 1973 }, "geometry": { "type": "MultiPolygon", "coordinates": [ [ [ [ 37.570851159465043, 55.439372008393235 ], [ 37.570022051364901, 55.437588538915563 ], [ 37.571404167633638, 55.437562897067515 ], [ 37.572438734564692, 55.437464649671263 ], [ 37.57196711016617, 55.435643558224463 ], [ 37.571694958870019, 55.434686680827035 ], [ 37.571559629412235, 55.434362244488284 ], [ 37.570997663319169, 55.433436662152538 ], [ 37.570862245182759, 55.433332442131359 ], [ 37.568221672668379, 55.433972158953665 ], [ 37.567408843624307, 55.432853491251848 ], [ 37.566779945315936, 55.432953379284427 ], [ 37.566828845439858, 55.433050282824709 ], [ 37.56828706135768, 55.435648433378113 ], [ 37.5689972057719, 55.43786140025523 ], [ 37.569486319653244, 55.439475454291262 ], [ 37.570325661942938, 55.439377357387826 ], [ 37.570851159465043, 55.439372008393235 ] ] ] ] } },
{ "type": "Feature", "properties": { "fid": 717, "sqr": 24335, "gsi": 0.0, "merchant": 0, "industrial": 0, "revolutionary": 0, "postwar": 0, "urban": 0, "stagnation": 0, "nineties": 0, "contemporary": 0, "epoque": 0, "far": 0.0, "mean_lvl": 0.0, "single": 0, "multiple": 0, "dormi": 0, "mixed": 0, "commercial": 0, "public": 0, "utility": 0, "tech": 0, "usage": 0, "low": 0, "mid": 0, "high": 0, "sky": 0, "year_formed": 1951, "year_gone": 1973 }, "geometry": { "type": "MultiPolygon", "coordinates": [ [ [ [ 37.572461933472738, 55.43755354012395 ], [ 37.571419832383235, 55.437652502931684 ], [ 37.570225548857316, 55.43767466100077 ], [ 37.571010425525799, 55.439362966166257 ], [ 37.571728540785088, 55.439275184118841 ], [ 37.572943878825171, 55.439200977171708 ], [ 37.572976729863576, 55.43918779463533 ], [ 37.572940837833585, 55.439173149367157 ], [ 37.572859839879392, 55.439092026853089 ], [ 37.572787201672227, 55.43880796295759 ], [ 37.572714201357016, 55.438522159512054 ], [ 37.57262922571671, 55.438189852200509 ], [ 37.572461933472738, 55.43755354012395 ] ] ] ] } },
{ "type": "Feature", "properties": { "fid": 718, "sqr": 13119, "gsi": 0.0, "merchant": 0, "industrial": 0, "revolutionary": 0, "postwar": 0, "urban": 0, "stagnation": 0, "nineties": 0, "contemporary": 0, "epoque": 0, "far": 0.0, "mean_lvl": 0.0, "single": 0, "multiple": 0, "dormi": 0, "mixed": 0, "commercial": 0, "public": 0, "utility": 0, "tech": 0, "usage": 0, "low": 0, "mid": 0, "high": 0, "sky": 0, "year_formed": 1925, "year_gone": 1953 }, "geometry": { "type": "MultiPolygon", "coordinates": [ [ [ [ 37.568204318770512, 55.426544003694914 ], [ 37.568529757093991, 55.427018875160513 ], [ 37.568748206364525, 55.427263889129669 ], [ 37.570676780578786, 55.426419712507972 ], [ 37.569649587382962, 55.425722765121272 ], [ 37.568204318770512, 55.426544003694914 ] ] ] ] } },
{ "type": "Feature", "properties": { "fid": 719, "sqr": 12653, "gsi": 0.0, "merchant": 0, "industrial": 0, "revolutionary": 0, "postwar": 0, "urban": 0, "stagnation": 0, "nineties": 0, "contemporary": 0, "epoque": 0, "far": 0.0, "mean_lvl": 0.0, "single": 0, "multiple": 0, "dormi": 0, "mixed": 0, "commercial": 0, "public": 0, "utility": 0, "tech": 0, "usage": 0, "low": 0, "mid": 0, "high": 0, "sky": 0, "year_formed": 1925, "year_gone": 1953 }, "geometry": { "type": "MultiPolygon", "coordinates": [ [ [ [ 37.568108597713433, 55.426471382053855 ], [ 37.569537095755102, 55.425659673948402 ], [ 37.568266043086652, 55.425069038800508 ], [ 37.566951100224372, 55.425890942393586 ], [ 37.568108597713433, 55.426471382053855 ] ] ] ] } },
{ "type": "Feature", "properties": { "fid": 720, "sqr": 33937, "gsi": 0.0, "merchant": 0, "industrial": 0, "revolutionary": 0, "postwar": 0, "urban": 0, "stagnation": 0, "nineties": 0, "contemporary": 0, "epoque": 0, "far": 0.0, "mean_lvl": 0.0, "single": 0, "multiple": 0, "dormi": 0, "mixed": 0, "commercial": 0, "public": 0, "utility": 0, "tech": 0, "usage": 0, "low": 0, "mid": 0, "high": 0, "sky": 0, "year_formed": 1880, "year_gone": 1974 }, "geometry": { "type": "MultiPolygon", "coordinates": [ [ [ [ 37.562139856802084, 55.443065413598042 ], [ 37.56192929875089, 55.443289728597435 ], [ 37.561992348548323, 55.44342897684259 ], [ 37.561825918409411, 55.443486486832867 ], [ 37.561147721672107, 55.444157989775874 ], [ 37.566502212023217, 55.444977671450388 ], [ 37.566770790960184, 55.444772064263624 ], [ 37.567004087602633, 55.444524779077206 ], [ 37.566113414993374, 55.444255231721883 ], [ 37.564652503521508, 55.443820871382215 ], [ 37.563210949539375, 55.443347511762212 ], [ 37.562139856802084, 55.443065413598042 ] ] ] ] } },
{ "type": "Feature", "properties": { "fid": 721, "sqr": 64627, "gsi": 0.0, "merchant": 0, "industrial": 0, "revolutionary": 0, "postwar": 0, "urban": 0, "stagnation": 0, "nineties": 0, "contemporary": 0, "epoque": 0, "far": 0.0, "mean_lvl": 0.0, "single": 0, "multiple": 0, "dormi": 0, "mixed": 0, "commercial": 0, "public": 0, "utility": 0, "tech": 0, "usage": 0, "low": 0, "mid": 0, "high": 0, "sky": 0, "year_formed": 1880, "year_gone": 1974 }, "geometry": { "type": "MultiPolygon", "coordinates": [ [ [ [ 37.562214371161843, 55.442986015246049 ], [ 37.563283850386519, 55.443267688226271 ], [ 37.564728696402135, 55.44374212860523 ], [ 37.566187184931991, 55.444175768266334 ], [ 37.567049472060717, 55.444436725229174 ], [ 37.567538331861691, 55.442564713515296 ], [ 37.563867381252557, 55.441224270510915 ], [ 37.562214371161843, 55.442986015246049 ] ] ] ] } },
{ "type": "Feature", "properties": { "fid": 722, "sqr": 50934, "gsi": 0.0, "merchant": 0, "industrial": 0, "revolutionary": 0, "postwar": 0, "urban": 0, "stagnation": 0, "nineties": 0, "contemporary": 0, "epoque": 0, "far": 0.0, "mean_lvl": 0.0, "single": 0, "multiple": 0, "dormi": 0, "mixed": 0, "commercial": 0, "public": 0, "utility": 0, "tech": 0, "usage": 0, "low": 0, "mid": 0, "high": 0, "sky": 0, "year_formed": 1880, "year_gone": 1974 }, "geometry": { "type": "MultiPolygon", "coordinates": [ [ [ [ 37.567410854741546, 55.442411383082408 ], [ 37.567498341792756, 55.441393920716493 ], [ 37.567575127757948, 55.440141737217637 ], [ 37.567470438330886, 55.440039911700005 ], [ 37.567451564400187, 55.439632159112961 ], [ 37.56591755806069, 55.439032715714362 ], [ 37.56554007300727, 55.439443183025091 ], [ 37.564835416619736, 55.440193851025327 ], [ 37.563942041687731, 55.441144745622246 ], [ 37.567410854741546, 55.442411383082408 ] ] ] ] } },
{ "type": "Feature", "properties": { "fid": 723, "sqr": 49240, "gsi": 0.0, "merchant": 0, "industrial": 0, "revolutionary": 0, "postwar": 0, "urban": 0, "stagnation": 0, "nineties": 0, "contemporary": 0, "epoque": 0, "far": 0.0, "mean_lvl": 0.0, "single": 0, "multiple": 0, "dormi": 0, "mixed": 0, "commercial": 0, "public": 0, "utility": 0, "tech": 0, "usage": 0, "low": 0, "mid": 0, "high": 0, "sky": 0, "year_formed": 1880, "year_gone": 1974 }, "geometry": { "type": "MultiPolygon", "coordinates": [ [ [ [ 37.559490153400553, 55.445316353348133 ], [ 37.559647832102584, 55.445454400738321 ], [ 37.559966666252976, 55.44575272811727 ], [ 37.560441177306657, 55.446016213732982 ], [ 37.561141683149742, 55.446123599638881 ], [ 37.561856579544894, 55.446145807409358 ], [ 37.563043861651401, 55.445879848655132 ], [ 37.563544973626982, 55.445749385614867 ], [ 37.565421924721676, 55.445301139003135 ], [ 37.566171185624988, 55.4451192486233 ], [ 37.566350322700167, 55.445047472267888 ], [ 37.561067722134375, 55.444238791821647 ], [ 37.560235004852714, 55.445108447855823 ], [ 37.560017329055178, 55.445202391028317 ], [ 37.559490153400553, 55.445316353348133 ] ] ] ] } },
{ "type": "Feature", "properties": { "fid": 724, "sqr": 36346, "gsi": 0.0, "merchant": 0, "industrial": 0, "revolutionary": 0, "postwar": 0, "urban": 0, "stagnation": 0, "nineties": 0, "contemporary": 0, "epoque": 0, "far": 0.0, "mean_lvl": 0.0, "single": 0, "multiple": 0, "dormi": 0, "mixed": 0, "commercial": 0, "public": 0, "utility": 0, "tech": 0, "usage": 0, "low": 0, "mid": 0, "high": 0, "sky": 0, "year_formed": 1940, "year_gone": 2002 }, "geometry": { "type": "MultiPolygon", "coordinates": [ [ [ [ 37.555158792795829, 55.402041911565824 ], [ 37.555243902760708, 55.403320550206018 ], [ 37.555285038013437, 55.404071713684914 ], [ 37.557827312593361, 55.404017464661763 ], [ 37.557821676228997, 55.403830367361437 ], [ 37.557784811625424, 55.403296664389757 ], [ 37.55769489406665, 55.401994273766277 ], [ 37.555158792795829, 55.402041911565824 ] ] ] ] } },
{ "type": "Feature", "properties": { "fid": 725, "sqr": 6454, "gsi": 0.0, "merchant": 0, "industrial": 0, "revolutionary": 0, "postwar": 0, "urban": 0, "stagnation": 0, "nineties": 0, "contemporary": 0, "epoque": 0, "far": 0.0, "mean_lvl": 0.0, "single": 0, "multiple": 0, "dormi": 0, "mixed": 0, "commercial": 0, "public": 0, "utility": 0, "tech": 0, "usage": 0, "low": 0, "mid": 0, "high": 0, "sky": 0, "year_formed": 1925, "year_gone": 1983 }, "geometry": { "type": "MultiPolygon", "coordinates": [ [ [ [ 37.534881618020222, 55.434565395085919 ], [ 37.535667002246647, 55.43526668558885 ], [ 37.536638322704015, 55.435016385081987 ], [ 37.535760107089125, 55.434247892693797 ], [ 37.534881618020222, 55.434565395085919 ] ] ] ] } },
{ "type": "Feature", "properties": { "fid": 726, "sqr": 4801, "gsi": 0.0, "merchant": 0, "industrial": 0, "revolutionary": 0, "postwar": 0, "urban": 0, "stagnation": 0, "nineties": 0, "contemporary": 0, "epoque": 0, "far": 0.0, "mean_lvl": 0.0, "single": 0, "multiple": 0, "dormi": 0, "mixed": 0, "commercial": 0, "public": 0, "utility": 0, "tech": 0, "usage": 0, "low": 0, "mid": 0, "high": 0, "sky": 0, "year_formed": 1930, "year_gone": 2005 }, "geometry": { "type": "MultiPolygon", "coordinates": [ [ [ [ 37.533121572814672, 55.433380145287586 ], [ 37.53288173010241, 55.433488210367877 ], [ 37.532868773204981, 55.433552534457974 ], [ 37.532977020209977, 55.433761344721809 ], [ 37.533481103395893, 55.434231934158653 ], [ 37.533977500290085, 55.434713618822578 ], [ 37.534430491678883, 55.434522872773869 ], [ 37.533121572814672, 55.433380145287586 ] ] ] ] } },
{ "type": "Feature", "properties": { "fid": 727, "sqr": 34345, "gsi": 0.0, "merchant": 0, "industrial": 0, "revolutionary": 0, "postwar": 0, "urban": 0, "stagnation": 0, "nineties": 0, "contemporary": 0, "epoque": 0, "far": 0.0, "mean_lvl": 0.0, "single": 0, "multiple": 0, "dormi": 0, "mixed": 0, "commercial": 0, "public": 0, "utility": 0, "tech": 0, "usage": 0, "low": 0, "mid": 0, "high": 0, "sky": 0, "year_formed": 1983, "year_gone": 9999 }, "geometry": { "type": "MultiPolygon", "coordinates": [ [ [ [ 37.53790513704228, 55.435305371600442 ], [ 37.537542025624589, 55.435503470630508 ], [ 37.537900046393816, 55.435675378417585 ], [ 37.538425885645609, 55.436069024713014 ], [ 37.540649007254864, 55.43777159269596 ], [ 37.541211268635493, 55.438016358495126 ], [ 37.541335093678327, 55.438123420647031 ], [ 37.541540078746557, 55.438210400270023 ], [ 37.541773571728768, 55.438244558542941 ], [ 37.541900441716393, 55.438261280903724 ], [ 37.542015268839414, 55.438216640424322 ], [ 37.542149296653356, 55.438197777268435 ], [ 37.543188025521076, 55.437772354788727 ], [ 37.542924281439866, 55.437530968481376 ], [ 37.542911926392449, 55.43752667562557 ], [ 37.54269783849783, 55.43756490202189 ], [ 37.542469521183868, 55.437497847965126 ], [ 37.542222480929183, 55.437380578932732 ], [ 37.541974924208944, 55.437348272851651 ], [ 37.541640961883814, 55.437315980025915 ], [ 37.541368965059725, 55.437263082383581 ], [ 37.540693268274573, 55.436744890681531 ], [ 37.539545447125093, 55.435758625945617 ], [ 37.538431099712668, 55.434805066850245 ], [ 37.53811901787109, 55.4352477590825 ], [ 37.53790513704228, 55.435305371600442 ] ], [ [ 37.540686379681645, 55.437544432742229 ], [ 37.54083361748657, 55.437562043517666 ], [ 37.540833617656702, 55.437647120023293 ], [ 37.540736955722188, 55.437672324159784 ], [ 37.540641372596049, 55.437672324153127 ], [ 37.540527477278708, 55.43760757856915 ], [ 37.540686379681645, 55.437544432742229 ] ] ] ] } },
{ "type": "Feature", "properties": { "fid": 728, "sqr": 3992, "gsi": 0.0, "merchant": 0, "industrial": 0, "revolutionary": 0, "postwar": 0, "urban": 0, "stagnation": 0, "nineties": 0, "contemporary": 0, "epoque": 0, "far": 0.0, "mean_lvl": 0.0, "single": 0, "multiple": 0, "dormi": 0, "mixed": 0, "commercial": 0, "public": 0, "utility": 0, "tech": 0, "usage": 0, "low": 0, "mid": 0, "high": 0, "sky": 0, "year_formed": 1930, "year_gone": 2005 }, "geometry": { "type": "MultiPolygon", "coordinates": [ [ [ [ 37.533652482750256, 55.434962279639826 ], [ 37.533834334945567, 55.434972726822672 ], [ 37.534619051542705, 55.435171091643291 ], [ 37.535232644182912, 55.435243464084728 ], [ 37.535477211697149, 55.435264499960802 ], [ 37.534735319970778, 55.434602041821833 ], [ 37.534654477390987, 55.434611843127115 ], [ 37.534547611218173, 55.434585360786166 ], [ 37.534000836756512, 55.434815597095486 ], [ 37.533652482750256, 55.434962279639826 ] ] ] ] } },
{ "type": "Feature", "properties": { "fid": 730, "sqr": 79893, "gsi": 0.0, "merchant": 0, "industrial": 0, "revolutionary": 0, "postwar": 0, "urban": 0, "stagnation": 0, "nineties": 0, "contemporary": 0, "epoque": 0, "far": 0.0, "mean_lvl": 0.0, "single": 0, "multiple": 0, "dormi": 0, "mixed": 0, "commercial": 0, "public": 0, "utility": 0, "tech": 0, "usage": 0, "low": 0, "mid": 0, "high": 0, "sky": 0, "year_formed": 1983, "year_gone": 9999 }, "geometry": { "type": "MultiPolygon", "coordinates": [ [ [ [ 37.534590573464897, 55.434497996096709 ], [ 37.534671122588293, 55.43451795687178 ], [ 37.534742793587419, 55.434509267494356 ], [ 37.534885987899678, 55.434459440685707 ], [ 37.535521220198135, 55.434235910075323 ], [ 37.536139035589294, 55.434779749993432 ], [ 37.537594792603301, 55.434948279310539 ], [ 37.537888837650961, 55.435210340506863 ], [ 37.53799538223231, 55.435181640886661 ], [ 37.538345273996804, 55.43468531573366 ], [ 37.538485907085914, 55.434592750037602 ], [ 37.539738453562272, 55.434072520038761 ], [ 37.538457270961786, 55.432932284106201 ], [ 37.537415546860899, 55.431977917007174 ], [ 37.53718248600439, 55.431776990876628 ], [ 37.535563001315744, 55.432425226101039 ], [ 37.534328042083168, 55.432904188232364 ], [ 37.534275081337768, 55.433054561398222 ], [ 37.533799931182081, 55.433236182331392 ], [ 37.533648715566066, 55.433379864301763 ], [ 37.533607415246244, 55.43355303402943 ], [ 37.533642642894279, 55.433670781673811 ], [ 37.534590573464897, 55.434497996096709 ] ] ] ] } },
{ "type": "Feature", "properties": { "fid": 731, "sqr": 295241, "gsi": 0.0, "merchant": 0, "industrial": 0, "revolutionary": 0, "postwar": 0, "urban": 0, "stagnation": 0, "nineties": 0, "contemporary": 0, "epoque": 0, "far": 0.0, "mean_lvl": 0.0, "single": 0, "multiple": 0, "dormi": 0, "mixed": 0, "commercial": 0, "public": 0, "utility": 0, "tech": 0, "usage": 0, "low": 0, "mid": 0, "high": 0, "sky": 0, "year_formed": 1954, "year_gone": 9999 }, "geometry": { "type": "MultiPolygon", "coordinates": [ [ [ [ 37.577308558051591, 55.426055265723555 ], [ 37.575034714605337, 55.425709564924759 ], [ 37.572870478039505, 55.425678073721208 ], [ 37.568492035585045, 55.425132077995066 ], [ 37.568256897846176, 55.425058259120519 ], [ 37.56770289469938, 55.42522200106378 ], [ 37.566111692548375, 55.425625801356951 ], [ 37.5658209231784, 55.424781353346873 ], [ 37.564996911630153, 55.42458245126096 ], [ 37.564553202576739, 55.42486178224641 ], [ 37.564124016206229, 55.425050661091255 ], [ 37.563558530635753, 55.425253076409 ], [ 37.562901149296565, 55.425425394609853 ], [ 37.563021060197102, 55.425649198721928 ], [ 37.563043156544978, 55.425690391766409 ], [ 37.563323874491893, 55.426214277923975 ], [ 37.563584064750167, 55.426699803464984 ], [ 37.563847563959861, 55.427191600231858 ], [ 37.563908535787107, 55.427305287916688 ], [ 37.563963680669147, 55.427398586794375 ], [ 37.564876924104659, 55.428945015457288 ], [ 37.56534252048823, 55.429506751084681 ], [ 37.565963560242899, 55.430600009530423 ], [ 37.566054898108874, 55.430578030650864 ], [ 37.567905058810794, 55.430132369502779 ], [ 37.570030966862525, 55.429138502196459 ], [ 37.571231582503401, 55.428479614309353 ], [ 37.572568736091405, 55.427880003651069 ], [ 37.574579759891002, 55.427094918737879 ], [ 37.577308558051591, 55.426055265723555 ] ] ] ] } },
{ "type": "Feature", "properties": { "fid": 732, "sqr": 45693, "gsi": 0.0, "merchant": 0, "industrial": 0, "revolutionary": 0, "postwar": 0, "urban": 0, "stagnation": 0, "nineties": 0, "contemporary": 0, "epoque": 0, "far": 0.0, "mean_lvl": 0.0, "single": 0, "multiple": 0, "dormi": 0, "mixed": 0, "commercial": 0, "public": 0, "utility": 0, "tech": 0, "usage": 0, "low": 0, "mid": 0, "high": 0, "sky": 0, "year_formed": 1910, "year_gone": 9999 }, "geometry": { "type": "MultiPolygon", "coordinates": [ [ [ [ 37.565767278554205, 55.433317955905295 ], [ 37.566123078246648, 55.433261944680638 ], [ 37.566059051233815, 55.433129123329998 ], [ 37.566655450177109, 55.433032444436243 ], [ 37.566584168068538, 55.4328911858046 ], [ 37.567301821168677, 55.432777201581402 ], [ 37.567210369095676, 55.432726439929453 ], [ 37.567044244228327, 55.432533952305171 ], [ 37.56674555397808, 55.432108641164334 ], [ 37.566468594760096, 55.43172398571965 ], [ 37.56609841883742, 55.431107790769879 ], [ 37.565863996199759, 55.430714999525513 ], [ 37.564685524808453, 55.430898411286485 ], [ 37.56456676258076, 55.430686271033842 ], [ 37.564002188541608, 55.429934506227767 ], [ 37.562985833558322, 55.43010184974078 ], [ 37.563471872445447, 55.431039781458018 ], [ 37.563545862076673, 55.43118206099367 ], [ 37.563580158439855, 55.431248053749506 ], [ 37.563623550903905, 55.431331338978403 ], [ 37.563719560125094, 55.431515956008106 ], [ 37.5638746581878, 55.431813951186463 ], [ 37.564044480747249, 55.432140446208095 ], [ 37.564076158728525, 55.432293976693373 ], [ 37.564100349419839, 55.432359844968083 ], [ 37.564128470869996, 55.432436910954827 ], [ 37.564250598672245, 55.432659179703691 ], [ 37.565043320547744, 55.43251095210092 ], [ 37.565333637921562, 55.432541115750141 ], [ 37.565767278554205, 55.433317955905295 ] ] ] ] } },
{ "type": "Feature", "properties": { "fid": 733, "sqr": 326745, "gsi": 0.0, "merchant": 0, "industrial": 0, "revolutionary": 0, "postwar": 0, "urban": 0, "stagnation": 0, "nineties": 0, "contemporary": 0, "epoque": 0, "far": 0.0, "mean_lvl": 0.0, "single": 0, "multiple": 0, "dormi": 0, "mixed": 0, "commercial": 0, "public": 0, "utility": 0, "tech": 0, "usage": 0, "low": 0, "mid": 0, "high": 0, "sky": 0, "year_formed": 1953, "year_gone": 9999 }, "geometry": { "type": "MultiPolygon", "coordinates": [ [ [ [ 37.584130998995725, 55.427601315227363 ], [ 37.583361603019796, 55.428045516997621 ], [ 37.583151908399387, 55.428160798959922 ], [ 37.58231530747095, 55.428620699811596 ], [ 37.579643741201615, 55.43008927576313 ], [ 37.579068693918146, 55.430311783129277 ], [ 37.576988472704699, 55.430969069562728 ], [ 37.576723068674568, 55.431052870860462 ], [ 37.576680120433849, 55.43106644564363 ], [ 37.577247952892762, 55.431043108567444 ], [ 37.580276701564962, 55.431771078822742 ], [ 37.583574661295017, 55.433447465612851 ], [ 37.586519262050082, 55.43395754146654 ], [ 37.587778969997991, 55.432236064739399 ], [ 37.58796716661093, 55.431806258149457 ], [ 37.588228367399964, 55.431307340511097 ], [ 37.588345430318277, 55.431018191555928 ], [ 37.588392477511519, 55.430809035529855 ], [ 37.588714376994162, 55.430620703678414 ], [ 37.589127054534686, 55.430284377292423 ], [ 37.589150289473388, 55.429904120674486 ], [ 37.58911632815343, 55.429777169057552 ], [ 37.589286597292173, 55.428759790484307 ], [ 37.589479794730771, 55.427729279616166 ], [ 37.5895475835909, 55.427681116267891 ], [ 37.589432135757924, 55.427632555400713 ], [ 37.5892616240602, 55.427607082880797 ], [ 37.588368769959196, 55.427514089684237 ], [ 37.585365198220735, 55.427201304822731 ], [ 37.585112040166898, 55.427239628109326 ], [ 37.584528446086068, 55.427614303389163 ], [ 37.584303563143536, 55.427650788432977 ], [ 37.584131085377557, 55.427601811230531 ], [ 37.584130998995725, 55.427601315227363 ] ] ] ] } },
{ "type": "Feature", "properties": { "fid": 734, "sqr": 588745, "gsi": 0.0, "merchant": 0, "industrial": 0, "revolutionary": 0, "postwar": 0, "urban": 0, "stagnation": 0, "nineties": 0, "contemporary": 0, "epoque": 0, "far": 0.0, "mean_lvl": 0.0, "single": 0, "multiple": 0, "dormi": 0, "mixed": 0, "commercial": 0, "public": 0, "utility": 0, "tech": 0, "usage": 0, "low": 0, "mid": 0, "high": 0, "sky": 0, "year_formed": 1932, "year_gone": 9999 }, "geometry": { "type": "MultiPolygon", "coordinates": [ [ [ [ 37.584678327019091, 55.436473007275616 ], [ 37.586458259933963, 55.434040900817195 ], [ 37.583495303641172, 55.433527644515344 ], [ 37.580190978545694, 55.431848021425651 ], [ 37.577221436958098, 55.431134281678254 ], [ 37.576352508820733, 55.431169991978045 ], [ 37.575369299348125, 55.431480613529089 ], [ 37.574871609290184, 55.431672063111314 ], [ 37.574581057431836, 55.431833164194579 ], [ 37.574501235916998, 55.431877401490254 ], [ 37.573927030107612, 55.432251718910919 ], [ 37.573360201174971, 55.432588219848299 ], [ 37.572644169835229, 55.432825981427349 ], [ 37.572205482767416, 55.432946547439805 ], [ 37.571995777284435, 55.433004174161454 ], [ 37.571707194317256, 55.433089233361251 ], [ 37.571007538268226, 55.433293057898517 ], [ 37.571139136605652, 55.433394337806035 ], [ 37.571711570540316, 55.434337155464249 ], [ 37.571850041096354, 55.434669119123591 ], [ 37.572123289807578, 55.435629841725529 ], [ 37.5726063622471, 55.437495107196881 ], [ 37.572785574258212, 55.438176747749388 ], [ 37.572870597680236, 55.438509236769633 ], [ 37.5729435992071, 55.438795040527708 ], [ 37.573011960064292, 55.439062373099269 ], [ 37.573061162072946, 55.439111650602577 ], [ 37.57314660247885, 55.439146513321447 ], [ 37.573309788044767, 55.439169088731546 ], [ 37.57512881553216, 55.439018544295216 ], [ 37.57550221188702, 55.438987644595038 ], [ 37.576263947163234, 55.438924542256601 ], [ 37.577249173502331, 55.438861005263512 ], [ 37.579988858896129, 55.438965352344432 ], [ 37.580111998814154, 55.438968933148772 ], [ 37.580332393631579, 55.438975221723453 ], [ 37.580581071815438, 55.438968461539332 ], [ 37.581107799520865, 55.438916088338168 ], [ 37.581236027040134, 55.438874709956714 ], [ 37.581613928630013, 55.438745500290068 ], [ 37.581753626438342, 55.438676727465662 ], [ 37.58338199895541, 55.437596467585273 ], [ 37.583743628684068, 55.437356532840411 ], [ 37.583853163822404, 55.437248642834888 ], [ 37.584248863506041, 55.436858843804679 ], [ 37.584377548798571, 55.436732076384935 ], [ 37.584678327019091, 55.436473007275616 ] ] ] ] } },
{ "type": "Feature", "properties": { "fid": 735, "sqr": 155809, "gsi": 0.0, "merchant": 0, "industrial": 0, "revolutionary": 0, "postwar": 0, "urban": 0, "stagnation": 0, "nineties": 0, "contemporary": 0, "epoque": 0, "far": 0.0, "mean_lvl": 0.0, "single": 0, "multiple": 0, "dormi": 0, "mixed": 0, "commercial": 0, "public": 0, "utility": 0, "tech": 0, "usage": 0, "low": 0, "mid": 0, "high": 0, "sky": 0, "year_formed": 1972, "year_gone": 9999 }, "geometry": { "type": "MultiPolygon", "coordinates": [ [ [ [ 37.58494610116832, 55.436341011379554 ], [ 37.586005024044731, 55.435970172409938 ], [ 37.587106994803882, 55.435567702368999 ], [ 37.588679173174995, 55.434993649902303 ], [ 37.589235434478447, 55.434840244052417 ], [ 37.589801825443651, 55.434727802541033 ], [ 37.590169898443207, 55.434696268340367 ], [ 37.590935995412629, 55.434723040004428 ], [ 37.592532088028278, 55.434899222919903 ], [ 37.592613894943824, 55.434910807106689 ], [ 37.594138586150969, 55.43512670583867 ], [ 37.594622077768598, 55.435195104645523 ], [ 37.594817780516202, 55.435222847554499 ], [ 37.597084473387063, 55.435553645901607 ], [ 37.597109284010052, 55.435499156670708 ], [ 37.596999487827738, 55.435484389739123 ], [ 37.596782933461931, 55.435459549085216 ], [ 37.595230431094919, 55.43524219274957 ], [ 37.594552203398507, 55.435160182059803 ], [ 37.596973729169754, 55.433354400472503 ], [ 37.592240911297083, 55.432750886794913 ], [ 37.591186030534438, 55.432622919609798 ], [ 37.587902914008943, 55.432300573097564 ], [ 37.586637659715869, 55.434029634688947 ], [ 37.58494610116832, 55.436341011379554 ] ] ] ] } },
{ "type": "Feature", "properties": { "fid": 736, "sqr": 375872, "gsi": 0.0, "merchant": 0, "industrial": 0, "revolutionary": 0, "postwar": 0, "urban": 0, "stagnation": 0, "nineties": 0, "contemporary": 0, "epoque": 0, "far": 0.0, "mean_lvl": 0.0, "single": 0, "multiple": 0, "dormi": 0, "mixed": 0, "commercial": 0, "public": 0, "utility": 0, "tech": 0, "usage": 0, "low": 0, "mid": 0, "high": 0, "sky": 0, "year_formed": 1960, "year_gone": 9999 }, "geometry": { "type": "MultiPolygon", "coordinates": [ [ [ [ 37.546043049868494, 55.459769404489961 ], [ 37.546090831896919, 55.459822890326862 ], [ 37.546219315213406, 55.459965380556397 ], [ 37.54632079369361, 55.460096181412148 ], [ 37.546381474050577, 55.460164297507838 ], [ 37.546399102506768, 55.460175776487688 ], [ 37.547645991604071, 55.461633584564879 ], [ 37.54766053627079, 55.46168284842264 ], [ 37.547410955798071, 55.462088023709171 ], [ 37.547323385055336, 55.462141465201917 ], [ 37.547054638284315, 55.462140364302819 ], [ 37.546927335997523, 55.462112736332003 ], [ 37.546877665329717, 55.46204979945945 ], [ 37.546791572498989, 55.461764913920369 ], [ 37.54646618225307, 55.46169124223978 ], [ 37.546377650956067, 55.461674687601494 ], [ 37.546345284779747, 55.461665944531184 ], [ 37.546319955644087, 55.46166379673722 ], [ 37.546020258872041, 55.461625885584958 ], [ 37.546441944748949, 55.462495203573852 ], [ 37.546759889677261, 55.463155408889065 ], [ 37.547001576548425, 55.464282370950485 ], [ 37.547116165004255, 55.464275479818127 ], [ 37.547126292136319, 55.464314903196893 ], [ 37.547660822566804, 55.464279606759973 ], [ 37.547654301522428, 55.464196636741811 ], [ 37.548848816210672, 55.46412216676363 ], [ 37.548284021245138, 55.461740319206591 ], [ 37.549622068998701, 55.461671005656164 ], [ 37.550468557172906, 55.461616637265351 ], [ 37.550635532621854, 55.461683738321021 ], [ 37.550702801211678, 55.461746987445501 ], [ 37.55237023493185, 55.461517469916608 ], [ 37.552652336475838, 55.461532537980681 ], [ 37.553154050026748, 55.461459000049516 ], [ 37.553582243356658, 55.461396298901455 ], [ 37.555760607641773, 55.460956172868215 ], [ 37.557038652722881, 55.460697901065259 ], [ 37.557265128268149, 55.460657311157995 ], [ 37.557346290214198, 55.460643849674845 ], [ 37.557500866749287, 55.46061244168996 ], [ 37.558097230860483, 55.460551637542558 ], [ 37.558397955679176, 55.460623292512473 ], [ 37.558496237772438, 55.460583467851883 ], [ 37.55887309831899, 55.460523364869708 ], [ 37.558822101037883, 55.460376394728286 ], [ 37.558669148316916, 55.45995619597587 ], [ 37.558458329129159, 55.459511087228464 ], [ 37.5583119049411, 55.459258988159839 ], [ 37.557037629311843, 55.457647191928935 ], [ 37.555795878436321, 55.456113176211147 ], [ 37.555660994391722, 55.456136696871496 ], [ 37.55237906974169, 55.456484027629507 ], [ 37.549969920279942, 55.456786533810273 ], [ 37.548295927111099, 55.456962428039532 ], [ 37.548060103526403, 55.456995699875399 ], [ 37.548018128803591, 55.457142277973496 ], [ 37.548011646044003, 55.457326163021072 ], [ 37.54798795133182, 55.458292026227888 ], [ 37.547980949169613, 55.458569734236391 ], [ 37.54797414666168, 55.45878022486086 ], [ 37.547937998252024, 55.459898490089138 ], [ 37.547467226924503, 55.459875969996475 ], [ 37.547414590823657, 55.459735895213768 ], [ 37.547136291126797, 55.459806682917431 ], [ 37.546872256593375, 55.45979799192142 ], [ 37.546826236836608, 55.459772955738671 ], [ 37.546783816972891, 55.459775230934298 ], [ 37.546623609596544, 55.459796863620127 ], [ 37.546043049868494, 55.459769404489961 ] ] ] ] } },
{ "type": "Feature", "properties": { "fid": 737, "sqr": 29109, "gsi": 0.0, "merchant": 0, "industrial": 0, "revolutionary": 0, "postwar": 0, "urban": 0, "stagnation": 0, "nineties": 0, "contemporary": 0, "epoque": 0, "far": 0.0, "mean_lvl": 0.0, "single": 0, "multiple": 0, "dormi": 0, "mixed": 0, "commercial": 0, "public": 0, "utility": 0, "tech": 0, "usage": 0, "low": 0, "mid": 0, "high": 0, "sky": 0, "year_formed": 1914, "year_gone": 9999 }, "geometry": { "type": "MultiPolygon", "coordinates": [ [ [ [ 37.549304930944459, 55.437877914863499 ], [ 37.549760821515477, 55.437439401770156 ], [ 37.550237014590593, 55.436988811175333 ], [ 37.551092337211813, 55.436317297664871 ], [ 37.551758500137524, 55.435936930108987 ], [ 37.551609433676113, 55.435854914886875 ], [ 37.551606822555677, 55.435856180180785 ], [ 37.551542028396256, 55.435817049419768 ], [ 37.550998120119118, 55.436056084333323 ], [ 37.548304590967845, 55.4371631900677 ], [ 37.546723880859631, 55.437804276720676 ], [ 37.548018563776537, 55.438827200007701 ], [ 37.548267040333059, 55.438703392985921 ], [ 37.548938428279399, 55.438202006047376 ], [ 37.549273755251036, 55.437905483175633 ], [ 37.549304930944459, 55.437877914863499 ] ] ] ] } },
{ "type": "Feature", "properties": { "fid": 738, "sqr": 145503, "gsi": 0.0, "merchant": 0, "industrial": 0, "revolutionary": 0, "postwar": 0, "urban": 0, "stagnation": 0, "nineties": 0, "contemporary": 0, "epoque": 0, "far": 0.0, "mean_lvl": 0.0, "single": 0, "multiple": 0, "dormi": 0, "mixed": 0, "commercial": 0, "public": 0, "utility": 0, "tech": 0, "usage": 0, "low": 0, "mid": 0, "high": 0, "sky": 0, "year_formed": 1880, "year_gone": 9999 }, "geometry": { "type": "MultiPolygon", "coordinates": [ [ [ [ 37.560591684435849, 55.438931579414692 ], [ 37.560368679083957, 55.439305809370651 ], [ 37.560356601337716, 55.439674541280638 ], [ 37.561872368963556, 55.443159534272034 ], [ 37.564695964409438, 55.440151569226423 ], [ 37.566394442951136, 55.4383378731265 ], [ 37.565373845512887, 55.437867369979173 ], [ 37.562191818345795, 55.436352236621111 ], [ 37.560591684435849, 55.438931579414692 ] ] ] ] } }
]
}
